# https://github.com/mikedh/trimesh

o convex_0
v -0.12906100 -0.30905900 0.07249400
v -0.09016800 -0.38684900 0.20333500
v -0.08663800 -0.38684900 0.20333500
v -0.12198800 -0.37976400 0.25285700
v -0.08663800 -0.30552400 0.06543000
v -0.14674200 -0.36915900 0.18212500
v -0.09016800 -0.34794200 0.10786900
v -0.14674200 -0.30552400 0.09018100
v -0.08663800 -0.38329800 0.25285700
v -0.14674200 -0.38329800 0.25285700
v -0.14674200 -0.33734600 0.11849400
v -0.08663800 -0.37269400 0.15385000
v -0.14674200 -0.23123800 0.01944600
v -0.13966900 -0.30196000 0.08663900
v -0.14674200 -0.30196000 0.08663900
v -0.14674200 -0.14990000 0.00176500
v -0.08663800 -0.26305700 0.01944600
v -0.08663800 -0.16758400 0.00176500
v -0.08663800 -0.30196000 0.06187900
v -0.13259700 -0.29134300 0.05480000
v -0.10431300 -0.20648600 0.00176500
v -0.09370400 -0.30550900 0.05480000
v -0.14674200 -0.16405100 -0.00177400
v -0.08663800 -0.34440300 0.34480600
v -0.12552400 -0.38684100 0.25285700
v -0.08663800 -0.38684100 0.25285700
v -0.08663800 -0.29843500 0.34831900
v -0.14674200 -0.33735100 0.38724500
v -0.14674200 -0.29843500 0.39784300
v -0.14674200 -0.37976200 0.25285700
v -0.14320500 -0.37269200 0.32359400
v -0.08663800 -0.36915300 0.31298000
v -0.14320500 -0.31613200 0.40492900
v -0.11492200 -0.29843500 0.36601800
v -0.09016800 -0.29843500 0.35893200
v -0.10784900 -0.37976200 0.25285700
v -0.14674200 0.21084200 0.00883500
v -0.13966900 0.30274800 0.08310300
v -0.14674200 0.30274800 0.08310300
v -0.14320500 0.14718500 0.00176500
v -0.08663800 0.26740200 0.02298400
v -0.08663800 0.16841400 0.00176500
v -0.08663800 0.29921500 0.05834400
v -0.13613300 0.28153400 0.04773500
v -0.08663800 0.21084200 0.00176500
v -0.14674200 0.16486600 -0.00177400
v -0.09370400 0.30274800 0.05125700
v -0.13966900 0.29921500 0.08310300
v -0.12198800 0.37704600 0.18563300
v -0.09370400 0.30277800 0.05481000
v -0.08663800 0.30277800 0.05481000
v -0.14320500 0.37704600 0.24929100
v -0.08663800 0.38411600 0.25283800
v -0.14674200 0.30277800 0.08665800
v -0.08663800 0.35228700 0.11495900
v -0.14674200 0.34169400 0.12556200
v -0.08663800 0.38765600 0.20685900
v -0.14674200 0.38411600 0.23868800
v -0.08663800 0.30277800 0.06545200
v -0.09370400 0.38057700 0.25283800
v -0.12906100 0.30985700 0.07252700
v -0.14674200 0.35228700 0.36601800
v -0.09016800 0.30277800 0.34831900
v -0.08663800 0.30277800 0.34831900
v -0.08663800 0.38765600 0.25285700
v -0.14674200 0.38057700 0.25285700
v -0.14674200 0.30277800 0.39784300
v -0.08663800 0.35228700 0.33770500
v -0.14320500 0.31693600 0.40492900
v -0.13613300 0.37704600 0.30946700
v -0.08663800 0.37349800 0.30591000
v -0.08663800 0.38057700 0.25285700
v -0.08663800 0.32399800 0.35540400
v -0.14674200 0.38411600 0.27409900
v -0.42613500 -0.19935900 0.50747200
v -0.45088300 0.00217100 0.56053700
v -0.45442700 0.00217100 0.56053700
v -0.44734300 0.00214600 0.43676600
v -0.39784300 -0.24890200 0.51808500
v -0.44380400 -0.10042500 0.43676600
v -0.39784800 -0.22766600 0.43676600
v -0.43673600 -0.16400700 0.56053700
v -0.40492100 -0.24536700 0.56053700
v -0.44734300 -0.00141500 0.56053700
v -0.45442200 -0.04383700 0.50747200
v -0.40492700 -0.23473600 0.43676600
v -0.45088300 -0.08274900 0.55698700
v -0.40846600 -0.24890200 0.51100900
v -0.45088300 0.00214600 0.43676600
v -0.44380900 -0.12522300 0.50393400
v -0.42965800 -0.16400700 0.44030400
v -0.42260700 -0.21708600 0.54992400
v -0.45088300 -0.06507400 0.46153000
v -0.35184400 -0.30903200 0.48979800
v -0.39430300 -0.23832500 0.44737100
v -0.39430300 -0.23832500 0.43676600
v -0.27052700 -0.31965400 0.51808500
v -0.27052700 -0.34793600 0.43676600
v -0.39784300 -0.25600700 0.51808500
v -0.36954000 -0.29138200 0.43676600
v -0.32004000 -0.31965400 0.51808500
v -0.32359200 -0.33024400 0.43676600
v -0.39784300 -0.26660800 0.51808500
v -0.27052700 -0.34084400 0.44030100
v -0.39784300 -0.24894700 0.43676600
v -0.28114500 -0.34085500 0.47566600
v -0.30589500 -0.33731400 0.46152600
v -0.21041100 -0.31258400 0.49333300
v -0.27051400 -0.34794400 0.43676600
v -0.30234000 -0.32318600 0.51809700
v -0.22457600 -0.26660600 0.51809700
v -0.17150300 -0.30551400 0.43676600
v -0.26698000 -0.30196600 0.56053700
v -0.22455000 -0.34794400 0.44030400
v -0.24223600 -0.26660600 0.56053700
v -0.30234000 -0.29843500 0.55698700
v -0.18920300 -0.28430300 0.45799200
v -0.27051400 -0.34440500 0.43676600
v -0.17505100 -0.32318600 0.44030400
v -0.25282800 -0.33732600 0.48628200
v -0.30234000 -0.31610700 0.51809700
v -0.21395900 -0.32671700 0.47919400
v -0.29173600 -0.30903700 0.55698700
v -0.19273800 -0.20292800 0.43676600
v -0.24575800 0.00217100 0.56053700
v -0.20686300 0.00217100 0.44384100
v -0.17151100 -0.28427600 0.44384100
v -0.24575800 -0.26659700 0.55346200
v -0.21746800 -0.01207400 0.44737900
v -0.23516000 -0.24888800 0.55698700
v -0.24930100 0.00217100 0.54284900
v -0.18920300 -0.30550900 0.45444200
v -0.20686300 -0.10751600 0.43676600
v -0.23868700 -0.14281400 0.56053700
v -0.17151100 -0.30550900 0.43676600
v -0.23514400 -0.02972300 0.49688300
v -0.24575800 -0.26659700 0.56053700
v -0.20686300 0.00217100 0.43676600
v -0.25283600 -0.04032400 0.55698700
v -0.21392500 -0.28427600 0.49333300
v -0.17859000 -0.30550900 0.45444200
v -0.17151100 -0.27012100 0.44030400
v -0.44734500 0.08710400 0.45090900
v -0.40845900 0.23198200 0.58174200
v -0.41200400 0.23198200 0.58174200
v -0.44733800 -0.00841400 0.58174200
v -0.38370300 0.25678400 0.43675800
v -0.44734500 0.00219600 0.43675800
v -0.45087600 0.07296700 0.57466000
v -0.42613300 0.20015100 0.50749700
v -0.40139100 0.24259200 0.43675800
v -0.45442000 -0.00133100 0.46153900
v -0.43672500 0.15773800 0.58174200
v -0.42965700 0.16123900 0.43675800
v -0.38370300 0.26031200 0.45799100
v -0.40139100 0.26033900 0.50396300
v -0.44380800 0.12599000 0.50396300
v -0.45442000 -0.00133100 0.57466000
v -0.44733800 -0.00488600 0.45799100
v -0.40845900 0.22139900 0.58174200
v -0.45442000 0.04110900 0.50749700
v -0.41906500 0.22492700 0.56052300
v -0.45088300 0.04466400 0.43675800
v -0.35184000 0.29567600 0.54992300
v -0.38366400 0.26388600 0.43676600
v -0.38366400 0.27097300 0.43676600
v -0.25992900 0.34520400 0.43676600
v -0.30238100 0.28510000 0.58175700
v -0.40845200 0.22498400 0.58175700
v -0.39427700 0.24267200 0.45799800
v -0.30944700 0.33814000 0.43676600
v -0.39074500 0.27449900 0.52517100
v -0.29176800 0.32751500 0.51454100
v -0.38366400 0.26388600 0.58175700
v -0.32359200 0.29215100 0.58175700
v -0.40845200 0.24622200 0.56052500
v -0.35890600 0.30277600 0.43676600
v -0.34476000 0.31336500 0.49333700
v -0.28822100 0.30630200 0.56052500
v -0.25992900 0.34165400 0.44384800
v -0.25992900 0.34875300 0.45091600
v -0.39782500 0.25682300 0.45799800
v -0.30591400 0.33105300 0.49333700
v -0.40489000 0.22498400 0.57820800
v -0.21746800 0.00219600 0.44737900
v -0.24222300 0.26738200 0.56053700
v -0.24575800 0.26738200 0.56053700
v -0.17151100 0.30631500 0.43676600
v -0.24575800 0.00219600 0.56053700
v -0.20333600 0.13309900 0.43676600
v -0.20686300 0.00219600 0.44384100
v -0.17151100 0.28508200 0.44384100
v -0.25283600 0.00219600 0.55698700
v -0.22453900 0.28508200 0.51100900
v -0.23516000 0.18604400 0.55698700
v -0.24575800 0.26738200 0.55346200
v -0.18920300 0.30631500 0.45444200
v -0.23514400 0.03049700 0.49688300
v -0.21040600 0.06939900 0.43676600
v -0.17151100 0.26738200 0.44030400
v -0.20686300 0.00219600 0.43676600
v -0.23868700 0.26031500 0.56053700
v -0.27759600 0.32752200 0.51454700
v -0.17151500 0.31339000 0.44384100
v -0.17151500 0.30632100 0.44384100
v -0.24224300 0.26741300 0.56053700
v -0.27759600 0.33813500 0.45799200
v -0.18919700 0.28510300 0.45799200
v -0.20689000 0.33105700 0.46506800
v -0.25284300 0.29570800 0.55698700
v -0.25990300 0.34874700 0.43676600
v -0.28818500 0.29924300 0.55346200
v -0.23163200 0.26741300 0.52517200
v -0.22807900 0.34874700 0.44030400
v -0.26697300 0.30277800 0.56053700
v -0.17505600 0.30632100 0.43676600
v -0.17859700 0.32753000 0.44030400
v -0.24575000 0.32752200 0.50393400
v 0.12908700 -0.21354600 -0.00177400
v -0.08306700 -0.16758300 0.00176200
v -0.08306700 -0.16758300 -0.00177400
v -0.08662600 -0.23477800 0.01237200
v 0.25641900 -0.18527600 0.00529900
v 0.25641900 -0.23477800 0.01237200
v -0.01234900 -0.23477800 0.00176200
v 0.25641900 -0.17820500 -0.00177400
v 0.22102700 -0.23123900 0.00176200
v -0.08662600 -0.22415500 0.01237200
v -0.08662600 -0.18881500 -0.00177400
v 0.27058800 -0.29135200 0.04420600
v 0.36958900 -0.23831400 0.09724900
v 0.36958900 -0.23831400 0.09370900
v 0.25641900 -0.23831400 0.01591500
v 0.25641900 -0.32671700 0.09724900
v 0.30947000 -0.24186500 0.02652500
v 0.32360600 -0.29842700 0.09370900
v 0.25641900 -0.25954800 0.01591500
v 0.36249900 -0.23831400 0.09724900
v 0.26350900 -0.33379200 0.09370900
v 0.32360600 -0.25247300 0.04420600
v 0.34482900 -0.12507900 0.30944500
v 0.20338600 -0.19232400 0.33066000
v 0.20692000 -0.19232400 0.32712500
v 0.20338600 0.01631800 0.33066000
v 0.31651300 0.00923000 0.32712200
v 0.34836300 0.01631800 0.30944500
v 0.26704000 -0.23827900 0.30944500
v 0.28470900 -0.17814800 0.32712200
v 0.23873900 -0.14278600 0.33419800
v 0.35189700 -0.05796300 0.31651800
v 0.23520600 0.01631800 0.33419800
v 0.27057400 -0.24536700 0.31651800
v 0.20338600 -0.19232400 0.33419800
v 0.32359600 -0.17814800 0.31298000
v 0.30239300 -0.13214100 0.32712200
v 0.35896400 0.01631800 0.31298000
v -0.08662600 0.18961500 -0.00177400
v 0.25641900 0.23203500 0.01237200
v 0.25641900 0.22496400 0.01237200
v -0.08662600 0.23203500 0.01237200
v 0.21750100 0.23203500 0.00176200
v 0.25641900 0.17900500 0.00176200
v -0.08662600 0.16840200 0.00176200
v -0.03001100 0.23203500 0.00176200
v 0.25641900 0.17900500 -0.00177400
v 0.10078000 0.21436000 -0.00177400
v -0.08662600 0.22143100 0.01237200
v 0.25641900 0.18607600 0.00529900
v -0.08662600 0.16840200 -0.00177400
v 0.34482800 0.23910900 0.05481000
v 0.25641900 0.17899900 -0.00177400
v 0.25995900 0.16839200 -0.00177400
v 0.25641900 0.29570200 0.05834700
v 0.37665700 0.16131600 0.05834700
v 0.30593300 0.21439200 0.01237300
v 0.25995900 0.27094400 0.02299000
v 0.34836700 0.16487500 0.01944700
v 0.26349800 0.16131600 0.00176300
v 0.29887900 0.28155100 0.05126700
v 0.32007700 0.16131600 0.00529900
v 0.30593300 0.24618500 0.02652100
v 0.27058900 0.23910900 0.00884200
v 0.38373500 0.16487500 0.05126700
v 0.33422200 0.21790900 0.03005200
v 0.28118200 0.29570200 0.05834700
v 0.28826000 0.22496600 0.31297900
v 0.22813900 0.01631800 0.33066100
v 0.23167600 0.01631800 0.32712400
v 0.35189400 0.01631800 0.31651600
v 0.23167600 0.16838600 0.33419800
v 0.22813900 0.25323100 0.31297900
v 0.30945900 0.09059400 0.32712400
v 0.34128200 0.01631800 0.31297900
v 0.28826000 0.01631800 0.33066100
v 0.30945900 0.17895400 0.32005300
v 0.22813900 0.24971600 0.32358800
v 0.33774500 0.12596300 0.31297900
v 0.27057400 0.20021500 0.32712400
v 0.22813900 0.01631800 0.33419800
v 0.33774500 0.09413400 0.32005300
v -0.38014900 -0.23121600 0.63480600
v -0.43673300 -0.10748600 0.63126800
v -0.43319500 -0.12517300 0.63126800
v -0.31297700 -0.24181700 0.63126800
v -0.43319500 -0.04380400 0.64187800
v -0.31297700 -0.24181700 0.64187800
v -0.41904600 -0.16755400 0.64187800
v -0.43319500 -0.06857800 0.63126800
v -0.40843500 -0.19939500 0.63126800
v -0.38368600 0.22849300 0.63480300
v -0.43673300 0.04107300 0.63834100
v -0.43673300 0.04107300 0.64187800
v -0.31297700 0.23555300 0.63834100
v -0.33065200 0.26738000 0.60297900
v -0.41549700 0.21083200 0.60297900
v -0.42257100 0.15778000 0.64187800
v -0.34127500 0.24261300 0.64187800
v -0.36956100 0.26032000 0.60652000
v -0.41197200 0.19666700 0.60297900
v -0.43673300 0.10829200 0.63126600
v -0.43318300 0.04107300 0.63834100
v -0.31297700 0.24261300 0.64187800
v -0.40490900 0.19666700 0.64187800
v -0.30235700 0.21436300 0.65603400
v -0.35186700 0.12948700 0.69138500
v -0.28468100 0.12948700 0.64896100
v -0.35186700 0.22496600 0.64188900
v -0.30590200 0.14011100 0.68431200
v -0.28113600 0.20729100 0.64188900
v -0.34832300 0.16840000 0.68784600
v -0.34124700 0.23912000 0.64542200
v -0.28468100 0.12948700 0.66310600
v -0.31650200 0.20020800 0.67017300
v -0.34124700 0.12948700 0.69846300
v -0.26347900 0.27799300 0.58529900
v -0.33064000 0.24609100 0.62772100
v -0.27761600 -0.02612100 0.63480000
v -0.25285000 -0.00838300 0.56054500
v -0.29881000 0.30274800 0.56054500
v -0.27407100 0.18248000 0.64187800
v -0.23871300 0.24615500 0.56054500
v -0.33064000 0.26733700 0.60298300
v -0.27053400 -0.02612100 0.63833500
v -0.31295700 0.24261400 0.64187800
v -0.23871300 0.18959500 0.56761600
v -0.24931400 -0.00838300 0.57468600
v -0.27761600 -0.02612100 0.64187800
v -0.32003000 0.28858400 0.58176400
v -0.26701500 0.24258200 0.61358100
v -0.27759800 0.30274800 0.56408000
v -0.26347000 0.18244800 0.62418600
v -0.24224000 0.27091000 0.56408000
v -0.28821800 0.23553200 0.63833500
v -0.29527300 0.26376400 0.62064300
v -0.33064000 0.26733700 0.61710800
v 0.13972100 0.28156500 0.21750000
v 0.22812700 0.33814400 0.27052900
v 0.22812700 0.29570800 0.27760700
v 0.11849400 0.32752000 0.27760700
v 0.22812700 0.26034000 0.21395500
v 0.13972100 0.30277600 0.21750000
v 0.11849400 0.29217400 0.25638600
v 0.22104400 0.28863300 0.21395500
v 0.11849400 0.30985100 0.22811100
v 0.13972100 0.33814400 0.27760700
v 0.22104400 0.29217400 0.27760700
v 0.11849400 0.28156500 0.23518300
v 0.11849400 0.30985100 0.27760700
v 0.22457500 0.26034000 0.22103900
v 0.22812700 0.33814400 0.26699600
v -0.31297300 0.10116200 0.69491900
v -0.35186700 0.03751500 0.70906400
v -0.34831800 -0.12867100 0.69491900
v -0.28113800 0.18607200 0.64187800
v -0.27760500 -0.18526600 0.64541600
v -0.30944700 -0.08617900 0.69491900
v -0.35186700 0.12947700 0.69491900
v -0.28821400 0.07640800 0.67371200
v -0.28113800 -0.18526600 0.64187800
v -0.33770200 -0.02962100 0.71260200
v -0.27406300 0.15070500 0.64541600
v -0.32709300 -0.12154700 0.69845700
v -0.28822900 -0.07560200 0.67371200
v -0.33416800 0.12947700 0.69845700
v -0.27406300 -0.07916400 0.64895400
v -0.31649900 0.05165500 0.70199500
v -0.34831100 0.06226900 0.71260200
v -0.34831800 -0.05437400 0.71260200
v -0.27760500 0.18607200 0.64541600
v -0.44381200 0.09766900 0.61006400
v -0.39784700 0.05523400 0.70199300
v -0.39784700 0.08000300 0.69844600
v -0.41553000 0.18957900 0.60297900
v -0.40138000 -0.11453500 0.67723000
v -0.44027400 -0.08269300 0.63127000
v -0.42966100 0.00217600 0.67369200
v -0.39784700 0.19665100 0.64543000
v -0.42259600 0.12592700 0.65956100
v -0.44381200 0.00217600 0.60297900
v -0.40492700 -0.08266200 0.69490800
v -0.42259600 -0.11453500 0.64543000
v -0.44381700 0.04810000 0.63480800
v -0.42260000 0.19313100 0.61006400
v -0.42966100 -0.10391100 0.65602400
v -0.41906800 0.06582700 0.68429600
v -0.40492700 0.16125800 0.66663700
v -0.44735400 0.07290000 0.60297900
v -0.44381700 -0.04730000 0.63480800
v -0.40846400 -0.03673800 0.69844600
v -0.39784700 0.18247500 0.64189300
v -0.43319900 0.07290000 0.65956100
v -0.43674100 0.12234400 0.62773200
v 0.40140300 0.25322700 0.22103100
v 0.34129700 0.17899900 0.22457600
v 0.42616400 0.17899900 0.19981100
v 0.40846800 0.17899900 0.25638200
v 0.34483400 0.31692400 0.19981100
v 0.34129700 0.29921100 0.25992000
v 0.34129700 0.17899900 0.27054000
v 0.42971000 0.18607300 0.23871400
v 0.34837100 0.31338700 0.25285100
v 0.38021500 0.28508900 0.19981100
v 0.38020600 0.27445100 0.24931300
v 0.42616400 0.20024900 0.19981100
v 0.35544600 0.31692400 0.23517600
v 0.36959500 0.25676400 0.25992000
v -0.09016800 -0.26657500 0.33419800
v -0.14320500 -0.28780600 0.40492900
v -0.14674200 -0.28780600 0.40492900
v -0.14320500 -0.02965800 0.33774300
v -0.13966900 -0.13226500 0.33419800
v -0.08663800 -0.29135800 0.35541900
v -0.14320500 -0.29843500 0.39077700
v -0.14674200 -0.08980100 0.33419800
v -0.11845200 -0.20645700 0.33419800
v -0.08663800 -0.24889500 0.33419800
v -0.14320500 -0.26657500 0.40138400
v -0.14674200 -0.02965800 0.33419800
v -0.10431300 0.24614700 0.33774100
v -0.14320500 0.30277800 0.40492200
v -0.14674200 0.30277800 0.40492200
v -0.14320500 0.05522000 0.34127900
v -0.08663800 0.29214000 0.35542600
v -0.14320500 0.12595400 0.33774100
v -0.14320500 0.26737500 0.40138400
v -0.14674200 0.29570200 0.39430800
v -0.08663800 0.27093700 0.33774100
v -0.09016800 0.30277800 0.34835600
v -0.14674200 0.05522000 0.33774100
v -0.12906100 0.18251300 0.33774100
v -0.32712300 -0.28780000 0.58882500
v -0.41906200 -0.22419200 0.56053400
v -0.41906200 -0.22419200 0.56407900
v -0.31651000 -0.24537800 0.62772700
v -0.30235600 -0.31609400 0.51811000
v -0.38722400 -0.25246100 0.59943700
v -0.40490800 -0.18881500 0.62772700
v -0.40134300 -0.24541600 0.51811000
v -0.37659900 -0.28780000 0.52164300
v -0.36246800 -0.24537800 0.63126100
v -0.40844900 -0.20296900 0.63126100
v -0.34481800 -0.30195300 0.54285600
v -0.31651000 -0.25597100 0.63126100
v -0.30235600 -0.30548800 0.56053400
v -0.40843800 -0.24540300 0.56761300
v -0.41550900 -0.21358700 0.56053400
v -0.31653300 -0.31965500 0.51811000
v -0.40134300 -0.25954400 0.51811000
v -0.28113800 0.34521400 0.30589900
v -0.23517200 0.34874800 0.43672700
v -0.23517200 0.34520900 0.43672700
v -0.34123700 0.31693800 0.43672700
v -0.25286500 0.31338800 0.21395500
v -0.23518200 0.36997300 0.31296500
v -0.29880000 0.34520900 0.42259500
v -0.23518200 0.33460700 0.21395500
v -0.31295300 0.31692700 0.30236600
v -0.33062500 0.31338800 0.42966100
v -0.25993600 0.35228200 0.43672700
v -0.23871200 0.35228200 0.24228400
v -0.29527000 0.34520900 0.35542600
v -0.26347600 0.31692700 0.21395500
v -0.23871200 0.36997300 0.34125000
v -0.33415600 0.31338800 0.37664500
v -0.23518200 0.32754000 0.21751000
v -0.41551000 0.14010100 0.30236000
v -0.37663100 0.21436500 0.30589700
v -0.38369200 0.21436500 0.30589700
v -0.34834400 0.21436500 0.21396400
v -0.41904900 0.08704900 0.29882300
v -0.40137000 0.09766700 0.21396400
v -0.34125800 0.20727300 0.21750100
v -0.39076200 0.16837800 0.25287000
v -0.39429300 0.09058800 0.21750100
v -0.42611800 0.10120600 0.30589700
v -0.41551000 0.09414000 0.24933300
v 0.36249700 -0.15698800 0.26700400
v 0.26702900 -0.26660600 0.23871400
v 0.26702900 -0.26660600 0.24225300
v 0.38019900 -0.26660600 0.24225300
v 0.36249700 -0.13221800 0.23871400
v 0.27765300 -0.26660600 0.26700400
v 0.36604100 -0.26306800 0.25992800
v 0.36249700 -0.13221800 0.26700400
v 0.38019900 -0.14283300 0.25285900
v 0.38019900 -0.25243900 0.25639200
v 0.38019900 -0.13221800 0.24225300
v -0.34480400 0.30984100 0.39076500
v -0.38722000 0.21437400 0.31652700
v -0.38722000 0.21791100 0.31652700
v -0.40844300 0.22498600 0.43674600
v -0.31297500 0.30984100 0.32714300
v -0.40136900 0.21791100 0.43674600
v -0.33772900 0.30984100 0.43674600
v -0.35541000 0.27447800 0.32006900
v -0.38722000 0.26740400 0.43320400
v -0.38015600 0.21437400 0.32714300
v -0.32004900 0.31337800 0.31652700
v -0.34480400 0.31337800 0.43674600
v -0.38015600 0.25681100 0.36603900
v -0.37662000 0.04461600 0.13263500
v -0.29528300 0.11534100 0.06896900
v -0.29528300 0.11180000 0.06896900
v -0.38723300 0.11534100 0.21394000
v -0.40490600 0.00217600 0.21394000
v -0.32712100 -0.00136500 0.06188400
v -0.32005000 0.08349100 0.06188400
v -0.39076300 0.11534100 0.19978400
v -0.40843600 -0.00136500 0.19625600
v -0.34479400 -0.00136500 0.07604000
v -0.34832400 0.11534100 0.12200700
v -0.40843600 0.06581900 0.21039800
v -0.32712100 0.00217600 0.06896900
v -0.36601900 0.06934900 0.12202200
v -0.33065100 0.04815700 0.06188400
v -0.30236500 0.11534100 0.06188400
v -0.39076300 0.00217600 0.15383200
v 0.07253400 0.30277700 0.28115400
v 0.15032300 0.33814400 0.28115400
v 0.15032300 0.33814400 0.27761700
v 0.22811200 0.26387600 0.30943800
v 0.07253400 0.28864400 0.31297900
v 0.22811200 0.28864400 0.27761700
v 0.07253400 0.33814400 0.29176400
v 0.22103000 0.27802300 0.31297900
v 0.07253400 0.27802300 0.30943800
v 0.07253400 0.31692300 0.27761700
v 0.22811200 0.29217000 0.29529800
v -0.35188200 -0.16760100 0.68784700
v -0.42965600 -0.12516200 0.64187800
v -0.42965600 -0.12516200 0.64542000
v -0.36956400 -0.22769300 0.64187800
v -0.34833100 -0.11808900 0.69492000
v -0.39783400 -0.12516200 0.68784700
v -0.34833100 -0.22769300 0.64187800
v -0.42258600 -0.11453500 0.64187800
v -0.39783400 -0.18878500 0.65603000
v -0.36956400 -0.11453500 0.70199300
v -0.36248600 -0.19940000 0.67017600
v -0.41905100 -0.16405800 0.64542000
v -0.41198100 -0.11453500 0.67723800
v -0.29173100 -0.29837000 0.57469400
v -0.27406800 -0.02614100 0.64187800
v -0.27053600 -0.02614100 0.63833500
v -0.25286500 -0.00845700 0.56054500
v -0.23871200 -0.24531700 0.56408000
v -0.31295700 -0.24177400 0.64187800
v -0.30942500 -0.29482700 0.56054500
v -0.27760100 -0.21352200 0.63833500
v -0.27407600 0.00217100 0.62418600
v -0.25286500 -0.28777100 0.56054500
v -0.24932500 -0.00845700 0.57469400
v -0.31649000 -0.27011700 0.60297500
v -0.27406800 -0.18166600 0.64187800
v -0.27760800 -0.25951800 0.61358900
v -0.23871200 -0.18872200 0.56761600
v -0.25993000 -0.00140100 0.61005300
v -0.26347000 -0.18169600 0.62418600
v -0.31649000 -0.24534700 0.62772100
v -0.24225200 -0.27008700 0.56408000
v -0.23871200 -0.16398200 0.56054500
v -0.44734900 -0.01197500 0.38371000
v -0.41906800 -0.12160800 0.29529600
v -0.42260500 -0.11806600 0.30591700
v -0.43320300 -0.12160800 0.43675800
v -0.42967700 -0.01197500 0.30944800
v -0.41198900 -0.11806600 0.30237200
v -0.44381200 -0.01197500 0.42968200
v -0.44381200 -0.10038100 0.43319900
v -0.43320300 -0.05442900 0.29529600
v -0.44027400 -0.07209300 0.35188900
v -0.45089100 -0.04027400 0.43675800
v -0.43320300 -0.01197500 0.29529600
v -0.43674000 -0.12160800 0.40491000
v 0.03009700 0.28863800 0.23164600
v 0.11849400 0.32399800 0.27761300
v 0.11849400 0.30985000 0.27761300
v -0.04772400 0.25680300 0.27761300
v 0.11849400 0.28156000 0.22102800
v 0.05129700 0.30985000 0.24224800
v 0.00180300 0.29570200 0.27761300
v -0.03002200 0.26034200 0.24578700
v -0.00882200 0.25680300 0.27054000
v 0.11849400 0.30985000 0.22811300
v -0.00174400 0.29216300 0.24932100
v 0.11494700 0.28863800 0.25284900
v 0.01947300 0.25680300 0.23871400
v 0.01239900 -0.29841700 0.02651300
v 0.25641900 -0.23478500 0.01237700
v 0.25641900 -0.23832600 0.01591400
v -0.08662600 -0.23478500 0.01591400
v 0.25641900 -0.28073500 0.04066000
v 0.16797200 -0.25600900 0.00530300
v -0.08662600 -0.28073500 0.04066000
v 0.15386800 -0.30903300 0.03712400
v -0.06184500 -0.23832600 0.00530300
v 0.24224900 -0.27368300 0.01944700
v 0.00178800 -0.30903300 0.04066000
v 0.12203500 -0.28427600 0.01591400
v -0.08662600 -0.28073500 0.03005000
v 0.24930100 -0.23478500 0.00530300
v 0.00534700 -0.27368300 0.01237700
v 0.01239900 -0.23478500 0.00176600
v 0.22811200 -0.29841700 0.04066000
v 0.04775800 -0.25955000 0.00530300
v -0.30944100 0.31337800 0.28820800
v -0.34477700 0.21437400 0.21396500
v -0.34831100 0.21437400 0.21750900
v -0.37660300 0.21437400 0.31296200
v -0.25639300 0.30984100 0.21750900
v -0.30944100 0.30984100 0.31650500
v -0.36953300 0.24973700 0.31296200
v -0.31651100 0.26387600 0.21750900
v -0.33417200 0.21791100 0.21750900
v -0.26701100 0.31337800 0.21396500
v -0.36953300 0.21791100 0.25994000
v -0.34124200 0.27094100 0.27406400
v -0.32004600 0.31337800 0.31650500
v -0.38723300 0.21437400 0.31650500
v -0.00527400 -0.35501100 0.09723800
v -0.07601600 -0.28429700 0.04420900
v -0.07601600 -0.28429700 0.04067100
v 0.09020200 -0.30905400 0.04420900
v 0.09020200 -0.35854500 0.11139500
v -0.08662600 -0.34086500 0.11139500
v -0.04418500 -0.30552000 0.04067100
v 0.09020200 -0.31965800 0.04420900
v -0.08307800 -0.35147600 0.10785100
v 0.09020200 -0.36562200 0.10785100
v 0.00178800 -0.33379600 0.06542700
v -0.08662600 -0.30197800 0.04774600
v 0.09020200 -0.39392200 0.17858200
v -0.08662600 -0.35148600 0.11139500
v -0.08662600 -0.35502900 0.11494300
v -0.08662600 -0.37977500 0.19980000
v 0.09020200 -0.36210000 0.11848300
v 0.00530100 -0.37977500 0.14323200
v 0.09020200 -0.39038000 0.19980000
v -0.08307800 -0.34441100 0.11848300
v -0.08307800 -0.38684600 0.18919100
v 0.09020200 -0.36916600 0.11494300
v 0.00530100 -0.39392200 0.19980000
v 0.12910400 -0.34086500 0.07250300
v 0.25641900 -0.28429700 0.04421200
v 0.25641900 -0.33733000 0.11493200
v 0.09020200 -0.35501100 0.10785200
v 0.22457800 -0.35501100 0.11138500
v 0.09727900 -0.30552000 0.04421200
v 0.21395400 -0.30552000 0.04067200
v 0.09020200 -0.31612300 0.04067200
v 0.09020200 -0.36562200 0.10785200
v 0.25641900 -0.31258900 0.06189000
v 0.18212900 -0.35147600 0.09370600
v 0.09020200 -0.36562200 0.11493200
v 0.22812500 -0.38330400 0.19627000
v 0.09020200 -0.36916100 0.11493200
v 0.09020200 -0.38330400 0.14323000
v 0.09020200 -0.39037600 0.19980900
v 0.25287200 -0.34087900 0.12201900
v 0.22103100 -0.36210000 0.12201900
v 0.25641900 -0.36916100 0.19980900
v 0.09020200 -0.36210000 0.11847100
v 0.15035300 -0.39037600 0.17151100
v 0.25641900 -0.34795600 0.11493200
v 0.18212900 -0.37976800 0.14676900
v 0.25641900 -0.36916100 0.16797200
v 0.16096100 -0.39391700 0.19980900
v 0.09020200 -0.39391700 0.17858100
v 0.32359900 -0.31966800 0.12909300
v 0.25641900 -0.37269400 0.18919800
v 0.25996800 -0.37269400 0.18919800
v 0.33067500 -0.32320400 0.19625500
v 0.25996800 -0.32672300 0.10079300
v 0.33067500 -0.28075300 0.10079300
v 0.25641900 -0.36562000 0.19980900
v 0.26704400 -0.33378800 0.09724900
v 0.33422400 -0.33378800 0.19625500
v 0.30593000 -0.34086200 0.14676200
v 0.33422400 -0.29137200 0.09724900
v 0.25996800 -0.36208300 0.14676200
v 0.35899000 -0.28428700 0.12910000
v 0.45093000 -0.12163100 0.19980900
v 0.44736600 -0.12163100 0.19980900
v 0.40493700 -0.12163100 0.06896900
v 0.33422400 -0.32316900 0.19980900
v 0.41199700 -0.22767900 0.18564400
v 0.41555000 -0.17115300 0.10787800
v 0.34837800 -0.23829800 0.06896900
v 0.38019300 -0.28428700 0.19980900
v 0.44030600 -0.12516400 0.13262200
v 0.40139600 -0.12516400 0.07251700
v 0.37667500 -0.20648100 0.06896900
v 0.33777600 -0.29133200 0.10079600
v 0.37312200 -0.25953600 0.11848300
v 0.34837800 -0.23121200 0.07251700
v 0.34130600 -0.32316900 0.17504000
v 0.44383600 -0.12163100 0.19624900
v 0.41199700 -0.12516400 0.06896900
v 0.43323400 -0.18173100 0.19270100
v 0.33422400 -0.27722100 0.10079600
v 0.42262100 -0.18526400 0.14674800
v 0.38373500 -0.27368800 0.17504000
v 0.39788900 -0.22063300 0.12201700
v 0.37311700 -0.02612900 0.01236900
v 0.25641900 -0.23831400 0.00883800
v 0.27058900 -0.23831400 0.00883800
v 0.29532700 0.01631800 -0.00177000
v 0.37311700 0.01631800 0.02298100
v 0.28473400 -0.23475000 0.02298100
v 0.31655000 -0.14280200 0.00176600
v 0.35897200 -0.14280200 0.02298100
v 0.25641900 -0.18876400 -0.00177000
v 0.29532700 0.01631800 0.00176600
v 0.34127600 0.01631800 0.00176600
v 0.33774900 -0.17814600 0.01590600
v 0.25641900 -0.22413200 0.01236900
v 0.31655000 -0.06503700 -0.00177000
v 0.35190600 -0.07916900 0.00530100
v 0.38019600 -0.07211600 0.01944100
v 0.31302400 -0.22413200 0.02298100
v -0.30943600 -0.12869200 0.68784600
v -0.34832400 -0.23830300 0.64188900
v -0.30589800 -0.23830300 0.64188900
v -0.28468100 -0.12869200 0.64896100
v -0.34832400 -0.12869200 0.69846300
v -0.32356900 -0.20293600 0.67017300
v -0.28114300 -0.20647700 0.64542200
v -0.34832400 -0.12869200 0.69138500
v -0.34832400 -0.22769100 0.64188900
v -0.28114300 -0.16405900 0.64188900
v -0.28468100 -0.12869200 0.66310600
v -0.34832400 -0.16760000 0.68784600
v 0.42617800 -0.11807100 0.09019100
v 0.46507000 0.01631800 0.19980900
v 0.46507000 0.01631800 0.18564400
v 0.42264100 0.01631800 0.07605200
v 0.44738900 -0.12160800 0.19980900
v 0.45092500 -0.06501200 0.12555200
v 0.40496000 -0.12160800 0.07251700
v 0.42971400 0.01631800 0.07251700
v 0.45799800 -0.10038400 0.19271400
v 0.46153400 0.01631800 0.19980900
v 0.42971400 -0.05440000 0.07251700
v 0.44738900 0.01631800 0.10787800
v 0.44738900 -0.12160800 0.15735300
v 0.46153400 -0.02966700 0.16088800
v 0.40496000 -0.11453300 0.07251700
v 0.46507000 -0.05089000 0.19980900
v -0.00883000 -0.26662400 0.31298200
v -0.08661800 -0.36561600 0.31298200
v -0.07600400 -0.36561600 0.31298200
v -0.08307800 -0.32671100 0.35188100
v -0.08661800 -0.23125500 0.31298200
v -0.00883000 -0.22771800 0.32712800
v -0.01237000 -0.34085800 0.31652000
v -0.08661800 -0.27723400 0.34834000
v -0.08661800 -0.35500600 0.33419500
v -0.01590300 -0.16758300 0.33773200
v -0.08661800 -0.20647000 0.31298100
v -0.08307800 -0.21354000 0.31298100
v -0.00883000 0.01631800 0.33065900
v -0.08661800 0.01631800 0.33419500
v -0.00883000 -0.22770400 0.32359100
v -0.08661800 -0.16402400 0.33065900
v -0.04772400 -0.22770400 0.32712200
v -0.05833100 -0.22770400 0.31298100
v -0.08661800 0.01631800 0.33065900
v -0.00883000 0.01631800 0.33419500
v -0.08661800 -0.12160200 0.33419500
v -0.00883000 -0.20647000 0.33419500
v -0.08307800 -0.19232900 0.31298100
v 0.10439700 -0.28428900 0.31297900
v 0.26702900 -0.19234800 0.32712400
v 0.26702900 -0.20295900 0.32712400
v -0.00882200 -0.20649500 0.33419800
v -0.00882200 -0.25598500 0.31297900
v 0.16088500 -0.25598500 0.32712400
v 0.26702900 -0.22771700 0.31297900
v -0.00882200 -0.19234800 0.33066100
v 0.23873100 -0.26659600 0.31651600
v 0.21040600 -0.19234800 0.33419800
v 0.00532700 -0.26659600 0.32005300
v 0.26349200 -0.19588500 0.32005300
v 0.06192300 -0.22418000 0.33419800
v 0.19982100 -0.23125400 0.33066100
v 0.08314600 -0.27720600 0.32005300
v 0.41203300 -0.16759200 0.25639400
v 0.38019900 -0.28075300 0.20335400
v 0.38019900 -0.28075300 0.23516900
v 0.38019900 -0.13221800 0.24577600
v 0.44739300 -0.13221800 0.19980900
v 0.44739300 -0.13578000 0.23516900
v 0.41909700 -0.21707000 0.23163500
v 0.38373700 -0.24537800 0.25639400
v 0.38019900 -0.27012400 0.19980900
v 0.39435300 -0.13221800 0.25639400
v 0.42970000 -0.19236700 0.19980900
v 0.44031600 -0.13578000 0.19980900
v 0.44031600 -0.13221800 0.24577600
v 0.41203300 -0.21707000 0.24577600
v 0.46153400 0.06229300 0.23516900
v 0.40496600 0.01632300 0.24577600
v 0.44385700 -0.13218700 0.19980900
v 0.42971600 0.17896900 0.19980900
v 0.42971600 -0.13218700 0.25285500
v 0.40849700 0.17896900 0.25639400
v 0.46507600 -0.05794700 0.19980900
v 0.45799100 -0.08975100 0.23516900
v 0.46153400 0.08349500 0.19980900
v 0.43325300 0.17896900 0.23516900
v 0.44738700 0.07292500 0.24930400
v 0.40496600 0.17896900 0.24930400
v 0.45092400 -0.13218700 0.22457300
v 0.44032000 -0.07561600 0.25285500
v 0.42617400 -0.13218700 0.24577600
v 0.46153400 -0.02964600 0.23870300
v 0.40496600 0.02692500 0.25285500
v 0.45092400 0.13299900 0.22456800
v 0.46506400 0.06229300 0.22102800
v 0.44031400 0.13653300 0.24577600
v 0.35543100 -0.17113300 0.27054300
v 0.26702900 -0.27721600 0.26700400
v 0.27058100 -0.27721600 0.26700400
v 0.26702900 -0.25598200 0.30944200
v 0.32714800 -0.14992400 0.30590300
v 0.31653900 -0.22415500 0.29529300
v 0.35543100 -0.14992400 0.26700400
v 0.34128900 -0.15345900 0.30944200
v 0.26702900 -0.27012100 0.26700400
v 0.31653900 -0.23476000 0.26700400
v 0.28825600 -0.25951600 0.29175800
v 0.26702900 -0.24537700 0.30590300
v 0.38018800 -0.08268300 0.28468800
v 0.33068700 -0.14636400 0.30590300
v 0.33068700 -0.14636400 0.30944200
v 0.35544600 0.01631800 0.30590300
v 0.35897900 -0.13927700 0.26700400
v 0.38727200 0.01631800 0.26700400
v 0.36604700 -0.05441800 0.30944200
v 0.35897900 -0.14281300 0.29529300
v 0.38018800 0.01631800 0.29529300
v 0.38018800 -0.10037500 0.26700400
v 0.38727200 -0.03675800 0.28115200
v -0.08656900 0.23204700 0.01237200
v 0.14675700 0.31338800 0.04420100
v 0.18211400 0.30984500 0.04420100
v 0.19275800 0.25327400 0.00530100
v 0.25638600 0.23204700 0.01237200
v 0.00180600 0.28154800 0.01591100
v -0.08656900 0.28508300 0.04420100
v 0.25638600 0.28508300 0.04420100
v -0.00527900 0.23204700 0.00176200
v 0.20686000 0.28154800 0.01944600
v 0.00533100 0.31338800 0.04066100
v -0.08656900 0.26388800 0.01944600
v 0.10082400 0.29570400 0.02298100
v 0.25282700 0.23559000 0.00530100
v -0.08656900 0.23559000 0.01591100
v 0.25638600 0.27802000 0.02651700
v -0.00880500 0.25327400 0.00530100
v -0.06890700 0.29570400 0.03712200
v 0.10082400 0.28508300 0.01591100
v -0.40490500 -0.12515600 0.24581200
v -0.36249500 -0.29843500 0.42965900
v -0.37310300 -0.28427700 0.41903900
v -0.43319600 -0.12160800 0.43672400
v -0.35895400 -0.17822500 0.21750700
v -0.41905400 -0.19589800 0.42965900
v -0.36602100 -0.23122500 0.27054000
v -0.35895400 -0.28779000 0.43672400
v -0.38370400 -0.12160800 0.21750700
v -0.39078600 -0.23119000 0.35187600
v -0.42612100 -0.12515600 0.33421400
v -0.35895400 -0.26303900 0.31652900
v -0.36248800 -0.19233200 0.21399600
v -0.40137100 -0.24183500 0.43672400
v -0.40137100 -0.18175600 0.30590900
v -0.43674500 -0.12160800 0.40844200
v -0.42966200 -0.12515600 0.43319100
v -0.39430400 -0.12160800 0.21750700
v -0.39430400 -0.16053600 0.25287700
v -0.40844600 -0.19946300 0.36956100
v -0.36249500 -0.26303900 0.31652900
v -0.06893000 0.30278600 0.04420800
v 0.10788100 0.36995700 0.11846800
v 0.10788100 0.36995700 0.11492100
v 0.12910400 0.30986300 0.04774800
v -0.08307800 0.34167300 0.11492100
v 0.00179000 0.34167300 0.07603900
v -0.07600400 0.28864800 0.04774800
v 0.12910400 0.35581900 0.11138800
v -0.08307800 0.35581900 0.11492100
v 0.12910400 0.31693200 0.04420800
v 0.04421400 0.33107000 0.05835400
v -0.07600400 0.32046600 0.06189400
v -0.08662600 0.28864800 0.04420800
v 0.00533800 0.31693200 0.04420800
v 0.03006600 0.36642200 0.11138800
v 0.12910400 0.35581900 0.09370300
v 0.07603700 0.39472900 0.18212100
v -0.08662600 0.34875300 0.11847600
v -0.08662600 0.35582800 0.11847600
v 0.12910400 0.36997700 0.11847600
v 0.12910400 0.38765400 0.19272400
v -0.08662600 0.38058000 0.19980100
v -0.08662600 0.37704200 0.15737100
v 0.12910400 0.36290200 0.12201900
v 0.02651800 0.37350500 0.12555300
v -0.08307800 0.34875300 0.12555300
v -0.08307800 0.38765400 0.19980100
v 0.12910400 0.39472900 0.19980100
v 0.12910400 0.38411700 0.14676800
v 0.04776200 0.38765400 0.15737100
v -0.08307800 0.37704200 0.19625900
v 0.23873500 0.30278600 0.04420100
v 0.14678800 0.36995700 0.12199700
v 0.14678800 0.36995700 0.11845600
v 0.12910400 0.30986300 0.04774900
v 0.24932800 0.34167300 0.12199700
v 0.24580100 0.28864800 0.04774900
v 0.25288000 0.34520800 0.10784800
v 0.12910400 0.36288800 0.12199700
v 0.12910400 0.32046600 0.04774900
v 0.20336700 0.33813900 0.07957300
v 0.22459000 0.35935300 0.11845600
v 0.25641900 0.28864800 0.04420100
v 0.22459000 0.38411500 0.19626000
v 0.12910400 0.36644500 0.12200500
v 0.12910400 0.36644500 0.12908700
v 0.25641900 0.34521700 0.12200500
v 0.25288000 0.36644500 0.19626000
v 0.12910400 0.39119100 0.19980100
v 0.18569500 0.38057700 0.15030300
v 0.25641900 0.35229800 0.12200500
v 0.12910400 0.39119100 0.17151100
v 0.15032700 0.37350100 0.12555400
v 0.25288000 0.36997300 0.16443700
v 0.24580100 0.34521700 0.12555400
v 0.36250100 0.09764500 0.01590800
v 0.26702900 0.15070000 -0.00177400
v 0.26702900 0.15070000 0.00176500
v 0.29533900 0.01631800 -0.00177400
v 0.33774300 0.07290600 0.00176500
v 0.35896000 0.01631800 0.01590800
v 0.33774300 0.16131600 0.01590800
v 0.32359800 0.15776800 0.00530100
v 0.35542900 0.01631800 0.00530100
v 0.29533900 0.01631800 0.00176500
v 0.32359800 0.15776800 0.01590800
v 0.28119500 0.16131600 -0.00177400
v 0.40140200 0.11886400 0.05127300
v 0.33068700 0.15776800 0.01590800
v 0.33068700 0.15776800 0.01944800
v 0.36959700 0.01631800 0.01944800
v 0.41202100 0.01631800 0.05834700
v 0.37665900 0.06231800 0.01590800
v 0.38019000 0.16131600 0.05834700
v 0.36251800 0.15776800 0.02651800
v 0.40849000 0.01631800 0.04065900
v 0.41556100 0.07290600 0.05480800
v 0.39079200 0.08705700 0.03005700
v 0.45092100 0.09057700 0.13967700
v 0.41557500 0.01631800 0.05836100
v 0.39788100 0.11179000 0.05836100
v 0.46153700 0.01631800 0.19980900
v 0.44738300 0.11887800 0.19980900
v 0.44738300 0.03047300 0.10787300
v 0.41203600 0.11887800 0.06543600
v 0.46507600 0.05168600 0.19625100
v 0.45092100 0.11887800 0.17503900
v 0.46153700 0.01631800 0.16088900
v 0.42971600 0.05522900 0.07251100
v 0.39788100 0.11179000 0.06190500
v 0.43324100 0.11532400 0.10434300
v 0.41557500 0.01631800 0.06543600
v 0.43324100 0.16485300 0.15735800
v 0.39789300 0.11887800 0.05836100
v 0.39435900 0.12241900 0.05836100
v 0.44737600 0.11887800 0.19980900
v 0.34837000 0.22497400 0.06190500
v 0.40847400 0.22497400 0.19980900
v 0.38374800 0.22497400 0.09726700
v 0.42970700 0.12241900 0.10079800
v 0.39435900 0.15425000 0.05836100
v 0.34837000 0.21788100 0.06190500
v 0.41555200 0.22142200 0.18917600
v 0.45093000 0.12949100 0.19272000
v 0.40847400 0.18960200 0.11141800
v 0.40847400 0.21788100 0.19980900
v 0.35899100 0.22142200 0.05836100
v 0.27764500 0.35227300 0.13967700
v 0.31653200 0.26034000 0.05836100
v 0.32006500 0.26034000 0.05836100
v 0.32006500 0.33813800 0.19980900
v 0.25643200 0.36642000 0.19980900
v 0.25643200 0.29924500 0.05836100
v 0.31653200 0.30632300 0.09726700
v 0.25643200 0.33460400 0.09373700
v 0.28824800 0.29571100 0.05836100
v 0.32006500 0.34520600 0.19625100
v 0.25996400 0.37350900 0.19272000
v 0.31653200 0.26034000 0.06190500
v 0.32006500 0.32752600 0.13967700
v 0.31299400 0.33813800 0.19980900
v 0.37311800 0.28861700 0.17857000
v 0.34484700 0.22497400 0.05836100
v 0.35545000 0.22497400 0.05836100
v 0.40495300 0.22497400 0.19980900
v 0.32007700 0.33459800 0.19980900
v 0.32361500 0.30984200 0.11141800
v 0.39433200 0.22852700 0.12555400
v 0.32361500 0.24974100 0.06190500
v 0.36957200 0.26034200 0.11141800
v 0.34131000 0.32752600 0.19980900
v 0.40141600 0.24974100 0.19980900
v 0.32007700 0.26741400 0.05836100
v 0.34837500 0.30984200 0.15381300
v 0.32007700 0.33812800 0.17857000
v 0.33068900 0.28508700 0.08311700
v -0.07601200 0.25680300 0.30943100
v -0.08662600 0.14717000 0.25640400
v -0.08662600 0.14717000 0.25993700
v 0.01239700 0.25325100 0.23871100
v -0.02651000 0.25325100 0.31297100
v -0.03711400 0.25325100 0.24579100
v -0.08662600 0.19668500 0.31297100
v -0.08662600 0.20023700 0.26347700
v -0.08308800 0.14717000 0.25993700
v -0.08662600 0.24263800 0.31297100
v 0.00178400 0.25680300 0.23871100
v -0.08308800 0.18609300 0.25286400
v 0.05485600 0.37350900 0.29175600
v 0.22101100 0.36997100 0.25286300
v 0.22101100 0.37350900 0.25286300
v -0.07951000 0.36997100 0.28821900
v -0.00173100 0.33814400 0.31297300
v 0.22809600 0.33814400 0.26700800
v 0.22455400 0.36289900 0.27054400
v -0.08659500 0.36997100 0.31297300
v 0.12200800 0.33814400 0.27761700
v -0.01941200 0.33814400 0.30943700
v -0.02292400 0.35582700 0.31297300
v -0.07951000 0.37350900 0.28821900
v 0.17856400 0.37350900 0.27408000
v 0.21746900 0.34168200 0.27408000
v -0.07247100 0.20375200 0.32712200
v -0.08661800 0.19313800 0.31298100
v -0.00883000 0.20728300 0.33419500
v -0.00883000 0.22851100 0.32359100
v -0.08661800 0.12241400 0.33419500
v -0.00883000 0.10475900 0.33773200
v -0.05833100 0.22851100 0.31298100
v -0.08307800 0.32751300 0.35188100
v -0.08661800 0.23204800 0.31298200
v -0.06893800 0.22851100 0.31298200
v -0.07954500 0.36643600 0.31298200
v -0.01237000 0.34167600 0.31652000
v -0.00883000 0.22851100 0.32712800
v -0.08661800 0.26743400 0.34480200
v -0.00883000 0.25680900 0.31298200
v -0.08661800 0.35936200 0.32712800
v 0.16796200 0.15775100 0.33773500
v -0.00882200 -0.19233900 0.33066100
v 0.20335600 -0.19233900 0.33066100
v 0.16088800 0.16131600 0.33066100
v -0.00882200 -0.17108400 0.33773500
v -0.00882200 0.16131600 0.33419800
v 0.15383700 -0.18167700 0.33773500
v 0.22812700 0.16131600 0.33419800
v -0.00882200 0.16131600 0.33773500
v -0.00882200 0.10824700 0.33066100
v 0.22812700 0.16131600 0.33066100
v 0.20335600 -0.19233900 0.33419800
v 0.22812700 0.01630200 0.33419800
v 0.06196600 -0.19233900 0.33773500
v -0.00882200 0.16131600 0.33773200
v 0.17503600 0.28155900 0.31651900
v 0.17860800 0.27447300 0.32005400
v 0.22812700 0.16485900 0.32712200
v -0.00882200 0.25678300 0.31298100
v 0.11848900 0.22495700 0.33419500
v 0.00180100 0.24619000 0.32712200
v 0.22812700 0.25325200 0.31298100
v 0.22812700 0.17547600 0.33419500
v -0.00882200 0.16485900 0.33065900
v 0.22457800 0.23910400 0.32712200
v 0.05839400 0.28155900 0.31298100
v 0.16446000 0.16131600 0.33773200
v 0.03717200 0.18962300 0.33773200
v 0.07961600 0.26740000 0.32359100
v -0.25285400 -0.31611800 0.21395500
v -0.35893000 -0.25953000 0.30235800
v -0.35893000 -0.25953000 0.30943300
v -0.35538900 -0.18526600 0.21750700
v -0.32003000 -0.25599500 0.21395500
v -0.30236700 -0.31257000 0.30589100
v -0.30941800 -0.31611800 0.29175000
v -0.35538900 -0.24892400 0.30943300
v -0.35893000 -0.19588400 0.21395500
v -0.25639500 -0.31257000 0.22458200
v -0.26700800 -0.31611800 0.21750700
v -0.34124600 -0.26658700 0.26699300
v -0.30589700 -0.29135900 0.23872200
v 0.33420800 0.32754700 0.24931900
v 0.22813900 0.37703500 0.19980900
v 0.22813900 0.31692400 0.26346400
v 0.34128200 0.31692400 0.19980900
v 0.23167600 0.37703500 0.25638800
v 0.29531000 0.35936200 0.19980900
v 0.31653400 0.31692400 0.26346400
v 0.22813900 0.35936200 0.27054000
v 0.27411100 0.36997100 0.23517500
v 0.35189400 0.32046300 0.23517500
v 0.29884800 0.34875900 0.25638800
v 0.23167600 0.38411900 0.21042300
v 0.31653400 0.34875900 0.23517500
v 0.35189400 0.32046300 0.20334700
v 0.37312500 0.12240700 0.27407900
v 0.31300400 0.16484300 0.30943900
v 0.31300400 0.16484300 0.31297900
v 0.34837100 0.01631800 0.30943900
v 0.36250400 0.08000200 0.30943900
v 0.38372400 0.01631800 0.27054000
v 0.34837100 0.17192600 0.27054000
v 0.34837100 0.16837700 0.29529500
v 0.38019800 0.01631800 0.29529500
v 0.38019800 0.09058800 0.28115000
v 0.35897800 0.01631800 0.31297900
v 0.32715100 0.16837700 0.31297900
v 0.33774500 0.17547500 0.30236900
v 0.23521400 0.29569300 0.27407900
v 0.23875100 0.29215600 0.28468900
v 0.22813900 0.26387000 0.31297900
v 0.34482000 0.17193800 0.27054000
v 0.30592200 0.23910900 0.29529500
v 0.31299700 0.23910900 0.27054000
v 0.22813900 0.28861900 0.27054000
v 0.31299700 0.17193800 0.30943900
v 0.25996200 0.26033300 0.31297900
v 0.30945900 0.20376100 0.31297900
v 0.35189400 0.17547500 0.27761500
v 0.27411100 0.27093200 0.29175900
v -0.20688100 -0.30197200 0.12555500
v -0.14676000 -0.37269200 0.21395500
v -0.14676000 -0.37624000 0.21395500
v -0.27051500 -0.30197200 0.21395500
v -0.14676000 -0.30197200 0.09018200
v -0.17152000 -0.34794600 0.15381200
v -0.22100500 -0.34794600 0.21041700
v -0.15029700 -0.31259300 0.08664400
v -0.25636600 -0.30552000 0.21395500
v -0.21393100 -0.30552000 0.13263300
v -0.14676000 -0.36561800 0.17504300
v -0.27051500 -0.30552000 0.20687800
v -0.17858300 -0.36916600 0.21041700
v -0.22807500 0.33107300 0.18919700
v -0.14674700 0.37704600 0.21395500
v -0.15384100 0.37704600 0.21395500
v -0.14674700 0.32400000 0.10078600
v -0.24223000 0.32046100 0.21395500
v -0.14674700 0.32046100 0.11139800
v -0.20686800 0.35582700 0.20686600
v -0.14674700 0.36996700 0.21395500
v -0.16443400 0.34522000 0.14323500
v -0.19979600 0.32400000 0.14323500
v -0.11844700 -0.11809400 0.26701100
v -0.12906100 -0.02965800 0.31297900
v -0.12552400 -0.02965800 0.30943400
v -0.08662600 -0.23475700 0.31297900
v -0.08662600 -0.13574100 0.25639900
v -0.12198800 -0.14280800 0.31297900
v -0.12906100 -0.02965800 0.26347700
v -0.10785400 -0.02965800 0.26701100
v -0.08662600 -0.18878300 0.31297900
v -0.09017300 -0.19938300 0.26701100
v -0.13967400 -0.04383100 0.29175600
v -0.10785400 -0.19584900 0.30943400
v -0.10785400 -0.12516100 0.25639900
v -0.12906100 -0.10040700 0.28115600
v -0.13967400 -0.02965800 0.30943400
v -0.12552000 0.18601900 0.33773200
v -0.14674200 -0.06853100 0.33065900
v -0.14674200 -0.06853100 0.33419700
v -0.08663800 -0.25953300 0.33419700
v -0.08663800 0.23909500 0.31298100
v -0.09017400 -0.23828200 0.31297900
v -0.13612800 0.05877000 0.31298100
v -0.08663800 0.26741300 0.33773200
v -0.14674200 0.09059500 0.33773200
v -0.12198500 -0.15338100 0.31297900
v -0.12552000 -0.17813900 0.33419700
v -0.11492500 0.17895200 0.31298100
v -0.14674200 -0.02963900 0.33773200
v -0.08663800 -0.23828200 0.31297900
v -0.13612800 -0.05795700 0.31297900
v -0.13259700 0.06583600 0.27408300
v -0.08662600 0.23558400 0.31297900
v -0.08662600 0.23558400 0.30943400
v -0.13612800 -0.02965800 0.31297900
v -0.08662600 0.17895800 0.25639900
v -0.11139000 0.18607200 0.31297900
v -0.12552400 -0.02965800 0.25993800
v -0.08662600 0.18960300 0.31297900
v -0.13967400 0.04109300 0.30589500
v -0.10431200 0.15774600 0.26347700
v -0.08662600 0.13653400 0.25639900
v -0.13967400 -0.01903900 0.28468900
v -0.12198800 0.07645500 0.25993800
v -0.12906100 0.10470300 0.28468900
v -0.41198900 0.21436500 0.42967500
v -0.42613400 0.08704900 0.30590600
v -0.42258800 0.08704900 0.30590600
v -0.44381800 0.08704900 0.43675800
v -0.38016000 0.20727300 0.31298900
v -0.41906100 0.13303500 0.30945400
v -0.43673300 0.09414000 0.43675800
v -0.40491600 0.21082500 0.43675800
v -0.38724500 0.21436500 0.30945400
v -0.43673300 0.12242900 0.40492900
v -0.41198900 0.18606200 0.36249400
v -0.43673300 0.09058800 0.35190100
v -0.42966000 0.16131200 0.43675800
v -0.37661900 0.21080900 0.65603500
v -0.35540500 0.07291600 0.71260200
v -0.35540500 0.09414400 0.70906400
v -0.39784300 0.07291600 0.70198900
v -0.35540500 0.22141300 0.64187800
v -0.39076800 0.03755600 0.69845200
v -0.39784300 0.18958100 0.64187800
v -0.35186700 0.03755600 0.70906400
v -0.35186700 0.16484400 0.68784600
v -0.39076800 0.14714500 0.68430800
v -0.35186700 0.23558400 0.64542200
v -0.39784300 0.03755600 0.70552700
v -0.39784300 0.19310900 0.65249800
v -0.43673900 -0.16047400 0.57468700
v -0.44027800 0.00214900 0.63126100
v -0.44027800 0.00214900 0.61711700
v -0.40845600 -0.17813100 0.63126100
v -0.41552600 -0.20644900 0.56054400
v -0.45088700 -0.00844500 0.56054400
v -0.44027800 -0.09333300 0.63126100
v -0.41906900 -0.19583300 0.61711700
v -0.45088700 -0.07920800 0.56054400
v -0.45089100 0.00214900 0.60651200
v -0.44734800 -0.00844500 0.56054400
v -0.40845600 -0.21704300 0.58176300
v -0.42260400 -0.21355700 0.56054400
v -0.44734400 -0.08629300 0.59943700
v 0.26702000 -0.23477800 0.21396100
v 0.17155200 -0.34085800 0.27053400
v 0.17862600 -0.34792500 0.27053400
v 0.26702000 -0.27369000 0.27407100
v 0.26702000 -0.34792500 0.25992500
v 0.17155200 -0.27722300 0.21749800
v 0.17155200 -0.30550200 0.27407100
v 0.19630600 -0.29489000 0.21396100
v 0.26702000 -0.26662300 0.21396100
v 0.21751900 -0.34792500 0.27407100
v 0.26347800 -0.23477800 0.22103400
v 0.17155200 -0.29842400 0.21749800
v 0.26702000 -0.34792500 0.26699800
v -0.38368800 -0.03674200 0.71260400
v -0.40137900 -0.11453500 0.68078000
v -0.39429600 -0.11453500 0.68078000
v -0.40137900 0.03753700 0.69493000
v -0.34833100 0.03753700 0.70906700
v -0.34833100 -0.11453500 0.70199500
v -0.40137900 -0.09685100 0.69493000
v -0.35895000 0.02336600 0.71614200
v -0.39783300 0.03753700 0.70553300
v -0.35541400 -0.07208100 0.71260400
v -0.38015700 -0.11097700 0.70199500
v -0.34833100 -0.10037900 0.69846100
v 0.32362300 -0.21708000 0.02298100
v 0.40849100 -0.12515500 0.06895700
v 0.40849100 -0.12870000 0.06895700
v 0.34484900 -0.23475800 0.06895700
v 0.29178500 -0.23475800 0.02651900
v 0.35895700 -0.12515500 0.02298100
v 0.36605100 -0.19586900 0.04773300
v 0.39786700 -0.12870000 0.06895700
v 0.37665300 -0.13223300 0.03005600
v 0.35189700 -0.23831400 0.06188200
v 0.41555800 -0.05441300 0.05127000
v 0.35897900 -0.12514400 0.02298100
v 0.35897900 -0.12514400 0.02651900
v 0.38021100 0.01631800 0.02298100
v 0.41909700 0.01631800 0.06895700
v 0.40141700 -0.12514400 0.06895700
v 0.38373700 -0.10037200 0.02651900
v 0.39433900 0.01631800 0.02651900
v 0.41201900 -0.11806900 0.06541500
v 0.42617400 0.01631800 0.06541500
v 0.13617700 -0.39745900 0.22809500
v -0.08662600 -0.38685100 0.19980900
v -0.08662600 -0.37977800 0.19980900
v -0.08662600 -0.38685100 0.24931100
v 0.13617700 -0.39038400 0.24931100
v 0.13617700 -0.39038400 0.19980900
v 0.04774000 -0.39745900 0.20688900
v 0.05482800 -0.39745900 0.24577800
v -0.02649800 -0.38331500 0.24931100
v -0.08307100 -0.39038400 0.22103500
v 0.23163900 -0.37977400 0.24931100
v 0.13617700 -0.39391800 0.19980900
v 0.13617700 -0.39745500 0.21749700
v 0.13972500 -0.38684600 0.24931100
v 0.26702900 -0.36563400 0.19980900
v 0.23163900 -0.38330900 0.19980900
v 0.25639800 -0.36209300 0.24931100
v 0.13617700 -0.39038000 0.19980900
v 0.26702900 -0.37270600 0.23163300
v 0.18569500 -0.39038000 0.24577800
v 0.22804900 -0.37977600 0.25286600
v -0.08659100 -0.38684600 0.24932700
v -0.08659100 -0.38684600 0.26347700
v -0.03708800 -0.34794700 0.30943300
v 0.25636700 -0.34794700 0.25993800
v -0.07952900 -0.36916900 0.31297200
v 0.09722900 -0.39392000 0.26347700
v 0.22102200 -0.36563200 0.27055500
v -0.08659100 -0.38330900 0.24932700
v 0.26702900 -0.35855800 0.24932700
v 0.14320100 -0.39392000 0.24932700
v -0.01586700 -0.34794700 0.31297200
v 0.13610500 -0.37977600 0.27761400
v 0.26346300 -0.34794700 0.26700900
v 0.08667100 -0.34794700 0.28467300
v -0.08662600 -0.36209500 0.31297200
v -0.06890200 -0.38330900 0.28467300
v -0.33771400 0.22849400 0.21394000
v -0.29881500 0.11534100 0.06188400
v -0.29881500 0.12242400 0.06188400
v -0.20688700 0.23204700 0.06542600
v -0.38366900 0.11889400 0.21394000
v -0.25286000 0.23204700 0.09726700
v -0.35539100 0.15427400 0.16441600
v -0.32711200 0.22496400 0.21394000
v -0.28821300 0.11889400 0.06542600
v -0.39076100 0.11889400 0.20332700
v -0.31296400 0.18959600 0.13263500
v -0.20688700 0.22849400 0.06542600
v -0.24933200 0.19667900 0.06188400
v -0.33418600 0.11889400 0.10435200
v -0.32003800 0.23204700 0.18564300
v -0.35539100 0.20019800 0.21039800
v 0.05837300 -0.34794700 0.29176300
v -0.08662600 -0.24185700 0.30943900
v -0.08662600 -0.24185700 0.31297600
v 0.05482400 -0.27366800 0.31297600
v -0.08307800 -0.19941800 0.28822500
v -0.03003700 -0.34794700 0.31297600
v 0.05837300 -0.29842300 0.28822500
v -0.08307800 -0.19587500 0.31297600
v -0.06185900 -0.25248600 0.28822500
v 0.02653700 -0.34794700 0.30590400
v -0.01940700 -0.34794700 0.30590400
v -0.08662600 -0.21711700 0.28822500
v 0.19983300 -0.30550600 0.28115600
v 0.26702900 -0.24185100 0.31297900
v 0.26702900 -0.24185100 0.30943700
v 0.05837300 -0.27721600 0.31297900
v 0.05837300 -0.29843000 0.27407700
v 0.26702900 -0.27014700 0.27407700
v 0.16094400 -0.29489900 0.30943700
v 0.05837300 -0.31258200 0.28469300
v 0.25287500 -0.27721600 0.30236200
v 0.16445700 -0.31258200 0.27407700
v 0.21043300 -0.28074000 0.31297900
v 0.05837300 -0.28781600 0.31297900
v 0.13267700 -0.30903700 0.29529100
v 0.33066200 0.31692400 0.25992800
v 0.22812700 0.25677800 0.21395800
v 0.30592600 0.17899900 0.21395800
v 0.22812700 0.29216400 0.27054000
v 0.34129700 0.18607300 0.27054000
v 0.34129700 0.31692400 0.24224900
v 0.33773000 0.18608700 0.21395800
v 0.22812700 0.28153900 0.21395800
v 0.22812700 0.31692400 0.26346200
v 0.29177900 0.31692400 0.26699500
v 0.28471200 0.25324100 0.21395800
v 0.34129700 0.17899900 0.21749700
v 0.30592600 0.17899900 0.21749700
v 0.34129700 0.30629900 0.25992800
v 0.36603800 -0.13220600 0.22102900
v 0.26702900 -0.26660600 0.21749300
v 0.26702900 -0.26660600 0.23871100
v 0.35189900 0.01631800 0.21395500
v 0.38726500 0.01631800 0.23871100
v 0.35189900 -0.17817900 0.23871100
v 0.38018900 -0.05092400 0.21395500
v 0.30949400 -0.22766800 0.21395500
v 0.26702900 -0.23121300 0.21395500
v 0.38372700 -0.08977900 0.23871100
v 0.37311400 0.01631800 0.23517300
v 0.31302000 -0.23830300 0.23871100
v 0.26702900 -0.25597200 0.23871100
v 0.38018900 0.01631800 0.21395500
v 0.35189900 0.01631800 0.21749300
v 0.33421000 -0.19235800 0.21395500
v 0.38373900 -0.08622900 0.26700400
v 0.36605800 -0.13221800 0.23871400
v 0.36605800 -0.13221800 0.26700400
v 0.42616800 -0.13221800 0.24932500
v 0.38373900 0.01631800 0.23871400
v 0.42616800 0.01631800 0.25285900
v 0.38373900 0.01631800 0.26700400
v 0.42263200 -0.12160400 0.25639200
v 0.39434800 -0.06146800 0.23871400
v 0.42616800 0.01631800 0.24932500
v 0.18567100 0.37705200 0.27051900
v -0.08659500 0.38058500 0.19980900
v -0.08659500 0.37350900 0.28112300
v 0.07959300 0.39826500 0.24226400
v 0.22809600 0.37705200 0.19980900
v 0.15735700 0.39472200 0.19980900
v -0.08305200 0.39118900 0.20334700
v -0.07245400 0.38412100 0.28468100
v 0.15735700 0.39119200 0.25638700
v 0.22809600 0.37350900 0.25638700
v -0.06891000 0.37350900 0.29883200
v 0.22809600 0.38412100 0.23518800
v 0.09019100 0.39119200 0.27051900
v -0.07599700 0.39118900 0.25638700
v 0.09019100 0.39826500 0.20335700
v -0.35893500 -0.30196200 0.43673300
v -0.31297400 -0.31611200 0.30944200
v -0.30589700 -0.31611200 0.30944200
v -0.35539400 -0.25246000 0.30944200
v -0.33417900 -0.31257300 0.43673300
v -0.35893500 -0.27368800 0.33067600
v -0.33417900 -0.31611200 0.37309400
v -0.30589700 -0.31257300 0.31653300
v -0.35539400 -0.29135800 0.43320700
v 0.40494900 0.06230700 0.25285600
v 0.30947700 0.17188100 0.21396100
v 0.30947700 0.17188100 0.21749400
v 0.40494900 0.17899900 0.25285600
v 0.34484300 0.17899900 0.27053400
v 0.35190900 0.01631800 0.21396100
v 0.38372300 0.01631800 0.27053400
v 0.38018100 0.01631800 0.21396100
v 0.34131000 0.17899900 0.21396100
v 0.40494900 0.01631800 0.24578900
v 0.37311500 0.09415500 0.21396100
v 0.38019100 0.10116200 0.27053400
v 0.40494900 0.17899900 0.25638900
v 0.30947700 0.17541600 0.22103300
v 0.08668700 -0.34794700 0.28467900
v 0.06192400 -0.27014300 0.23518400
v 0.06192400 -0.27014300 0.23164200
v 0.17153100 -0.27722600 0.21749200
v 0.17153100 -0.30550400 0.27407000
v 0.16797900 -0.30197800 0.21749200
v 0.18568800 -0.34794700 0.27407000
v 0.05837300 -0.32672900 0.29529600
v 0.06192400 -0.30197800 0.22811600
v 0.05837300 -0.28430100 0.26345400
v 0.05837300 -0.34794700 0.29529600
v 0.09376600 -0.30904500 0.22811600
v 0.17153100 -0.28784200 0.24578500
v 0.18568800 -0.34440600 0.27761200
v -0.23514900 -0.23833200 0.08311400
v -0.14674700 -0.29841700 0.08663600
v -0.14674700 -0.30196500 0.08663600
v -0.33415400 -0.23125200 0.21395500
v -0.14674700 -0.22770400 0.02652800
v -0.27403900 -0.30196500 0.20687200
v -0.26697700 -0.29841700 0.21395500
v -0.18921500 -0.29841700 0.09726000
v -0.32707300 -0.22770400 0.21395500
v -0.18213400 -0.22770400 0.03361100
v -0.30586700 -0.23125200 0.16443300
v -0.15030600 -0.27719900 0.05129800
v -0.23516800 -0.27013400 0.11494800
v -0.19981800 -0.25247000 0.06188500
v -0.22456500 -0.22770400 0.06542600
v -0.30938900 -0.26660100 0.21041400
v 0.05837300 -0.30549600 0.23518600
v -0.08661800 -0.21709100 0.28468100
v -0.08307000 -0.22063900 0.27760200
v -0.08307000 -0.14639100 0.25640300
v 0.05837300 -0.30194800 0.28821700
v -0.01236300 -0.28427700 0.24933000
v 0.05837300 -0.27013700 0.23164900
v 0.05482400 -0.32318400 0.28821700
v -0.06185200 -0.22063900 0.24933000
v -0.08307000 -0.19235900 0.28821100
v -0.03001900 -0.27721600 0.28821700
v 0.03007300 -0.29133800 0.23164900
v 0.05837300 -0.28074600 0.25992100
v -0.08307000 -0.14639100 0.25993300
v -0.08307000 -0.18528000 0.25286700
v 0.02652400 -0.30549600 0.24933000
v -0.05125100 -0.25599700 0.26345800
v -0.22808000 -0.16052600 0.01944900
v -0.18214100 -0.10040100 0.00176500
v -0.14674700 -0.14638300 0.00176500
v -0.29526800 -0.10040100 0.06188400
v -0.20689400 -0.22770400 0.06188400
v -0.15029900 -0.22415300 0.01591000
v -0.23161600 -0.10747900 0.00530400
v -0.29880400 -0.11808300 0.05833800
v -0.21396600 -0.22061400 0.04772600
v -0.16798000 -0.17464500 0.00176500
v -0.27403500 -0.10040100 0.02652100
v -0.14674700 -0.22415300 0.02652100
v -0.26696300 -0.16405300 0.05479900
v -0.19627000 -0.10040100 -0.00177400
v -0.18919700 -0.18878800 0.01237700
v -0.18564900 0.09765800 -0.00177400
v -0.33064800 -0.02257300 0.05833800
v -0.31649700 -0.00136500 0.04064800
v -0.18564900 -0.10038900 -0.00177400
v -0.29879800 0.09765800 0.06188400
v -0.26344300 0.04814700 0.00884400
v -0.29879800 -0.10038900 0.06188400
v -0.25640300 -0.09331300 0.01238300
v -0.26696300 0.09765800 0.01944900
v -0.18564900 -0.10038900 0.00176500
v -0.24225200 -0.00136500 0.00176500
v -0.32355100 0.06227900 0.06188400
v -0.28819600 -0.05793300 0.02298200
v -0.18564900 0.09765800 0.00176500
v -0.30234700 -0.10038900 0.05126600
v -0.29174400 0.04107100 0.02298200
v -0.27052500 -0.00136500 0.00884400
v -0.22101900 -0.10038900 0.00176500
v -0.22455300 0.09411100 0.00176500
v -0.30234700 0.07995900 0.04064800
v -0.21749900 -0.00136500 -0.00177400
v -0.30943700 -0.11097900 0.06543500
v -0.35893800 -0.10744500 0.15737000
v -0.36247700 -0.10744500 0.15737000
v -0.32711700 -0.00136500 0.06188400
v -0.36247700 -0.04382600 0.10787000
v -0.29528300 -0.10744500 0.06543500
v -0.35540000 -0.00136500 0.11138400
v -0.35893800 -0.11453500 0.13967700
v -0.32711700 -0.06148400 0.06188400
v -0.36247700 -0.00136500 0.10433700
v -0.27403500 0.14363400 0.04772600
v -0.14674700 0.23204700 0.02652100
v -0.14674700 0.23204700 0.01944900
v -0.18567700 0.09765800 0.00176500
v -0.29526800 0.10119700 0.06188400
v -0.24574600 0.10119700 0.00883700
v -0.20334200 0.22850900 0.06188400
v -0.19627000 0.18253300 0.01237700
v -0.14674700 0.14717300 0.00176500
v -0.21396600 0.23204700 0.05833800
v -0.17506800 0.14717300 -0.00177400
v -0.30589200 0.09765800 0.05833800
v -0.23867300 0.16134000 0.02652100
v -0.27403500 0.10473600 0.02652100
v -0.26696300 0.16836500 0.06188400
v -0.15029900 0.19666100 0.00530400
v -0.19273400 0.23204700 0.04065400
v -0.28112400 0.23204700 0.13613400
v -0.14674700 0.32046100 0.10785000
v -0.14674700 0.31692100 0.10785000
v -0.15383900 0.23204700 0.02298100
v -0.32354700 0.23204700 0.21395500
v -0.19982500 0.30985100 0.12200100
v -0.25637600 0.32046100 0.21395500
v -0.14674700 0.23204700 0.03006600
v -0.19275200 0.24621500 0.05128400
v -0.24577500 0.31692100 0.21395500
v -0.30940000 0.26387800 0.20687000
v -0.15029300 0.30985100 0.08310000
v -0.23161000 0.27095800 0.11140200
v -0.25281300 0.23558700 0.10078400
v -0.27756100 0.29922300 0.20687000
v -0.19275200 0.32046100 0.12906800
v -0.31292800 0.23558700 0.17856800
v -0.14674700 0.26387800 0.04066600
v -0.17505900 0.28863000 0.07603400
v -0.42966600 -0.02614100 0.27052800
v -0.39077500 -0.12159600 0.21395300
v -0.36602600 -0.11453400 0.15385000
v -0.41197900 -0.11099100 0.29529600
v -0.36248900 -0.00137700 0.12202500
v -0.39076800 -0.04735100 0.16092400
v -0.42612900 -0.01198200 0.29173200
v -0.40844100 -0.00137700 0.19625900
v -0.41551600 -0.08977000 0.24577700
v -0.36248900 -0.11096800 0.16445200
v -0.36602600 -0.02967200 0.11142300
v -0.41905400 -0.11806500 0.29529600
v -0.38016900 -0.09330100 0.16092400
v -0.40844100 -0.05089300 0.20335100
v -0.43320400 -0.04735100 0.29529600
v -0.37310100 -0.00137700 0.12202500
v -0.16091100 -0.38330600 0.28113300
v -0.25991700 -0.31967000 0.21395500
v -0.27053500 -0.31967000 0.22812400
v -0.14674700 -0.37269000 0.30589400
v -0.32003000 -0.31611800 0.34125900
v -0.25991700 -0.36208100 0.33062900
v -0.16091100 -0.37623500 0.21396800
v -0.24931600 -0.31611800 0.21750700
v -0.25991700 -0.34794600 0.26702700
v -0.14674700 -0.37269000 0.21396800
v -0.23164200 -0.36916500 0.34125900
v -0.20686000 -0.37623500 0.27406800
v -0.30941200 -0.31611800 0.33772000
v -0.21393300 -0.35502300 0.21396800
v -0.30233900 -0.33027900 0.31295900
v -0.14674700 -0.38330600 0.23518900
v -0.22101500 -0.35855300 0.40492900
v -0.14674700 -0.32319700 0.40138100
v -0.14674700 -0.32673600 0.40138100
v -0.23162500 -0.36562600 0.30590600
v -0.14674700 -0.37623200 0.30590600
v -0.22807700 -0.34088100 0.43675800
v -0.19979600 -0.34088100 0.43675800
v -0.18918600 -0.32319700 0.43321000
v -0.22807700 -0.37269300 0.33773500
v -0.15029500 -0.32319700 0.39076200
v -0.14674700 -0.36915900 0.33420000
v -0.16796700 -0.37977600 0.30945400
v -0.14674700 -0.36915900 0.30945400
v -0.18210900 -0.07920800 0.38372100
v -0.20332000 -0.01197500 0.43675800
v -0.14674700 -0.01197500 0.34129600
v -0.14674700 -0.31962700 0.40846800
v -0.18210900 -0.32319100 0.43321400
v -0.15029900 -0.10041100 0.34129600
v -0.16443200 -0.28428900 0.43321400
v -0.21040500 -0.04737400 0.43319400
v -0.14674700 -0.28075500 0.40846800
v -0.15029300 -0.32319100 0.39432200
v -0.15736500 -0.01197500 0.34129600
v -0.20332000 -0.01197500 0.41553500
v -0.17503700 -0.32319100 0.43674800
v -0.14674700 -0.06150900 0.33419800
v -0.24932000 -0.35854700 0.41199100
v -0.32002600 -0.31966500 0.34127100
v -0.32002600 -0.32320100 0.34482300
v -0.33771100 -0.31611800 0.43674900
v -0.23163500 -0.34440800 0.43674900
v -0.23871700 -0.36916600 0.34127100
v -0.29881100 -0.34440800 0.42967400
v -0.31295500 -0.31611800 0.34127100
v -0.23163500 -0.36208400 0.34835500
v -0.29173900 -0.34794400 0.35896300
v -0.32709800 -0.31611800 0.43674900
v -0.33417000 -0.32320100 0.43674900
v -0.44734500 0.05875500 0.40489800
v -0.41199600 -0.01197500 0.21397700
v -0.40846100 -0.01197500 0.21397700
v -0.39784800 0.08704900 0.21397700
v -0.44380900 -0.01197500 0.42964900
v -0.43673700 0.00217700 0.29885000
v -0.44027300 0.08704900 0.43675800
v -0.42966500 0.08351100 0.29885000
v -0.41199600 0.05875500 0.21753200
v -0.45088600 -0.01197500 0.42611600
v -0.39784800 0.08351100 0.22106400
v -0.40846100 -0.01197500 0.22459700
v -0.42260400 0.03400900 0.24228300
v -0.44734500 0.07643500 0.43675800
v -0.44380900 0.04106500 0.35539600
v -0.42966500 -0.01197500 0.27056600
v -0.44380900 0.08704900 0.40489800
v -0.15736500 -0.01197500 0.34129400
v -0.17151600 0.32046100 0.43673700
v -0.17857000 0.32046100 0.43673700
v -0.20332000 -0.01197500 0.43673700
v -0.14674700 0.28154200 0.40845300
v -0.20332000 0.06228300 0.41905400
v -0.15029900 0.08350000 0.33776400
v -0.14674700 -0.01197500 0.34129400
v -0.14674700 0.32046100 0.39784100
v -0.17857000 0.32046100 0.42966600
v -0.21040500 -0.01197500 0.43319700
v -0.18564900 0.06583000 0.38723000
v -0.16797700 0.27799500 0.43673700
v -0.20685400 0.09410800 0.43673700
v -0.19625400 -0.00839500 0.40137200
v -0.14674700 0.05873600 0.33422300
v -0.16797700 0.32046100 0.41551400
v -0.37660300 -0.16053100 0.21394000
v -0.30233100 -0.11810100 0.06188400
v -0.30233100 -0.11454600 0.06188400
v -0.21042300 -0.22413800 0.06542600
v -0.38368200 -0.11454600 0.21039800
v -0.33418000 -0.22769300 0.20332700
v -0.25639500 -0.22769300 0.09725200
v -0.33064900 -0.22060500 0.21394000
v -0.28820800 -0.11810100 0.06542600
v -0.36599300 -0.11810100 0.15380200
v -0.32003800 -0.17817500 0.13263500
v -0.23872300 -0.20999500 0.06188400
v -0.35540000 -0.14992100 0.16088800
v -0.39076100 -0.11454600 0.20332700
v -0.28465900 -0.17817500 0.08665300
v -0.21042300 -0.22769300 0.06188400
v -0.22454300 0.36289700 0.24933400
v -0.14675600 0.36996400 0.32711400
v -0.14675600 0.36642800 0.32711400
v -0.14675600 0.37703600 0.21396600
v -0.22807400 0.33107100 0.21396600
v -0.23516100 0.36996400 0.32711400
v -0.16090500 0.38411900 0.26701200
v -0.23516100 0.34169000 0.21751100
v -0.15029500 0.36996400 0.21396600
v -0.20332500 0.37703600 0.27053500
v -0.19624600 0.37703600 0.32711400
v -0.23516100 0.36642800 0.32711400
v -0.17151400 0.37350000 0.21396600
v -0.23516100 0.33107100 0.22104400
v -0.14675600 0.38057200 0.29881300
v -0.20685500 0.37350900 0.34481900
v -0.14675600 0.32400800 0.40492100
v -0.14675600 0.32046100 0.40492100
v -0.23516100 0.34875100 0.43675800
v -0.23516100 0.36642700 0.32713600
v -0.14675600 0.36996300 0.33067700
v -0.18212300 0.32046100 0.43320600
v -0.19271500 0.33815200 0.43675800
v -0.15029500 0.32046100 0.39430800
v -0.14675600 0.36289000 0.32713600
v -0.23161300 0.34168300 0.43320600
v -0.07248000 0.25681900 0.30943800
v 0.07251900 0.33812800 0.29176400
v 0.07251900 0.33812800 0.28822600
v 0.07251900 0.27803400 0.31297900
v -0.02649400 0.25681900 0.27761700
v -0.01589100 0.33812800 0.31297900
v 0.07251900 0.30631000 0.27761700
v -0.03357600 0.27449100 0.27761700
v -0.01589100 0.25681900 0.31297900
v -0.00527500 0.29217200 0.27761700
v -0.01589100 0.33812800 0.30943800
v -0.40136000 0.24616600 0.58529400
v -0.45089100 -0.00136500 0.58175700
v -0.45089100 -0.00136500 0.60297600
v -0.32003800 0.27094700 0.59943900
v -0.42259700 0.19663100 0.60297600
v -0.32003800 0.28153500 0.58175700
v -0.43318900 0.17187800 0.58175700
v -0.35186800 0.27094700 0.60297600
v -0.44380800 -0.00136500 0.60297600
v -0.44734300 0.08705900 0.59943900
v -0.32003800 0.27801600 0.60297600
v -0.34127500 0.28508400 0.58175700
v -0.44734300 -0.00136500 0.58175700
v 0.26702900 -0.35500600 0.26346500
v 0.38019900 -0.26661700 0.24930400
v 0.38019900 -0.27369400 0.24930400
v 0.26702900 -0.36561600 0.19980900
v 0.26702900 -0.26661700 0.22104700
v 0.38019900 -0.27369400 0.19980900
v 0.27059600 -0.26661700 0.26700400
v 0.32361400 -0.34440500 0.22456600
v 0.35542900 -0.31612600 0.19980900
v 0.34128300 -0.30552600 0.25991300
v 0.35188400 -0.31612600 0.24576500
v 0.27766400 -0.36561600 0.24576500
v 0.33421500 -0.27369400 0.26346500
v 0.27411900 -0.36915000 0.19980900
v 0.29179900 -0.32672700 0.26700400
v 0.37663200 -0.29136100 0.22456600
f 6 11 12
f 1 5 7
f 5 1 8
f 2 3 9
f 3 5 9
f 5 8 9
f 8 4 9
f 6 2 10
f 4 8 10
f 8 6 10
f 2 9 10
f 9 4 10
f 1 7 11
f 8 1 11
f 6 8 11
f 3 2 12
f 5 3 12
f 2 6 12
f 7 5 12
f 11 7 12
f 18 21 23
f 15 14 16
f 13 15 16
f 16 14 18
f 18 14 19
f 17 18 19
f 15 13 20
f 13 17 20
f 17 13 21
f 18 17 21
f 14 15 22
f 19 14 22
f 17 19 22
f 15 20 22
f 20 17 22
f 13 16 23
f 16 18 23
f 21 13 23
f 30 27 36
f 24 26 27
f 26 25 30
f 28 29 30
f 25 26 31
f 30 25 31
f 28 30 31
f 26 24 32
f 24 28 32
f 31 26 32
f 28 31 32
f 28 24 33
f 29 28 33
f 29 27 34
f 27 30 34
f 30 29 34
f 24 27 35
f 27 29 35
f 33 24 35
f 29 33 35
f 27 26 36
f 26 30 36
f 42 43 48
f 42 41 43
f 37 39 44
f 41 37 44
f 37 41 45
f 41 42 45
f 45 42 46
f 39 37 46
f 40 39 46
f 42 40 46
f 37 45 46
f 39 38 47
f 38 43 47
f 43 41 47
f 44 39 47
f 41 44 47
f 38 39 48
f 39 40 48
f 40 42 48
f 43 38 48
f 56 55 61
f 50 51 54
f 51 50 55
f 53 51 55
f 49 55 56
f 55 49 57
f 53 55 57
f 52 53 58
f 54 52 58
f 49 56 58
f 56 54 58
f 57 49 58
f 53 57 58
f 51 53 59
f 54 51 59
f 54 59 60
f 53 52 60
f 52 54 60
f 59 53 60
f 50 54 61
f 55 50 61
f 54 56 61
f 70 65 74
f 64 63 66
f 63 64 67
f 62 66 67
f 66 63 67
f 64 65 68
f 62 67 69
f 67 64 69
f 68 62 69
f 68 65 71
f 62 68 71
f 70 62 71
f 65 70 71
f 65 64 72
f 66 65 72
f 64 66 72
f 64 68 73
f 69 64 73
f 68 69 73
f 66 62 74
f 65 66 74
f 62 70 74
f 90 87 93
f 77 76 78
f 80 78 81
f 76 77 82
f 76 82 83
f 78 76 84
f 81 78 84
f 79 81 84
f 83 79 84
f 76 83 84
f 81 79 86
f 80 81 86
f 82 77 87
f 77 85 87
f 79 83 88
f 75 86 88
f 86 79 88
f 77 78 89
f 78 80 89
f 85 77 89
f 75 82 90
f 82 87 90
f 86 75 91
f 80 86 91
f 75 90 91
f 90 80 91
f 82 75 92
f 83 82 92
f 75 88 92
f 88 83 92
f 87 85 93
f 89 80 93
f 85 89 93
f 80 90 93
f 106 101 107
f 96 95 97
f 97 95 99
f 96 98 100
f 97 99 101
f 94 100 102
f 100 98 102
f 100 94 103
f 94 101 103
f 101 99 103
f 96 97 104
f 97 98 104
f 98 96 104
f 95 96 105
f 99 95 105
f 96 100 105
f 103 99 105
f 100 103 105
f 98 97 106
f 97 101 106
f 101 94 107
f 94 102 107
f 102 98 107
f 98 106 107
f 120 113 123
f 109 112 114
f 113 108 115
f 113 115 116
f 115 111 116
f 111 115 117
f 115 112 117
f 109 110 118
f 112 109 118
f 111 117 118
f 117 112 118
f 114 112 119
f 115 108 119
f 112 115 119
f 110 109 120
f 109 114 120
f 110 116 121
f 116 111 121
f 118 110 121
f 111 118 121
f 108 113 122
f 119 108 122
f 114 119 122
f 113 120 122
f 120 114 122
f 113 116 123
f 116 110 123
f 110 120 123
f 135 138 142
f 125 126 131
f 128 129 133
f 124 132 133
f 127 125 134
f 130 127 134
f 132 124 135
f 124 133 135
f 129 128 136
f 131 129 136
f 128 132 137
f 134 125 137
f 130 134 137
f 131 126 138
f 129 131 138
f 133 129 138
f 135 133 138
f 125 131 139
f 136 128 139
f 131 136 139
f 137 125 139
f 128 137 139
f 132 128 140
f 128 133 140
f 133 132 140
f 127 130 141
f 135 127 141
f 132 135 141
f 137 132 141
f 130 137 141
f 126 125 142
f 125 127 142
f 127 135 142
f 138 126 142
f 152 161 163
f 144 145 146
f 147 148 151
f 146 145 153
f 149 146 153
f 151 148 154
f 150 151 154
f 146 147 155
f 145 144 156
f 147 151 156
f 151 150 156
f 144 155 156
f 155 147 156
f 149 153 157
f 153 150 157
f 154 143 157
f 150 154 157
f 146 149 158
f 152 146 158
f 147 146 159
f 148 147 159
f 152 148 159
f 146 152 159
f 144 146 160
f 155 144 160
f 146 155 160
f 157 143 161
f 149 157 161
f 158 149 161
f 152 158 161
f 153 145 162
f 150 153 162
f 145 156 162
f 156 150 162
f 148 152 163
f 143 154 163
f 154 148 163
f 161 143 163
f 170 168 184
f 165 166 167
f 165 167 170
f 167 166 171
f 169 168 174
f 164 172 174
f 173 164 175
f 164 174 175
f 174 168 175
f 169 174 176
f 174 172 176
f 171 166 177
f 177 172 178
f 172 164 178
f 171 177 178
f 173 175 179
f 175 168 179
f 170 167 180
f 168 170 180
f 179 168 180
f 179 180 181
f 167 171 181
f 173 179 181
f 180 167 181
f 166 165 182
f 170 169 182
f 165 170 182
f 169 176 182
f 176 172 182
f 177 166 182
f 172 177 182
f 164 173 183
f 178 164 183
f 171 178 183
f 181 171 183
f 173 181 183
f 168 169 184
f 169 170 184
f 195 192 202
f 186 187 189
f 189 185 191
f 185 189 193
f 189 187 193
f 189 192 195
f 193 187 196
f 187 194 196
f 187 186 197
f 186 188 197
f 188 190 197
f 194 187 197
f 190 194 197
f 185 193 198
f 193 196 198
f 198 196 199
f 190 188 199
f 194 190 199
f 196 194 199
f 185 198 199
f 189 191 200
f 192 189 200
f 188 192 200
f 191 185 201
f 199 188 201
f 185 199 201
f 188 200 201
f 200 191 201
f 188 186 202
f 186 189 202
f 192 188 202
f 189 195 202
f 203 215 218
f 205 204 206
f 205 206 208
f 206 204 210
f 207 203 211
f 208 207 211
f 203 207 212
f 207 208 213
f 208 206 213
f 212 207 213
f 206 212 213
f 211 203 214
f 206 210 215
f 210 209 215
f 203 212 215
f 212 206 215
f 204 205 216
f 205 208 216
f 208 211 216
f 210 204 217
f 209 210 217
f 214 209 217
f 211 214 217
f 204 216 217
f 216 211 217
f 209 214 218
f 214 203 218
f 215 209 218
f 222 228 229
f 224 222 225
f 219 221 226
f 221 220 226
f 220 223 226
f 223 224 226
f 226 224 227
f 225 219 227
f 224 225 227
f 219 226 227
f 223 220 228
f 222 224 228
f 224 223 228
f 221 219 229
f 220 221 229
f 219 225 229
f 225 222 229
f 228 220 229
f 236 230 240
f 231 232 233
f 233 232 235
f 232 231 236
f 231 234 236
f 234 233 237
f 235 230 237
f 233 235 237
f 231 233 238
f 233 234 238
f 234 231 238
f 230 236 239
f 236 234 239
f 237 230 239
f 234 237 239
f 230 235 240
f 235 232 240
f 232 236 240
f 251 245 256
f 243 242 244
f 242 243 247
f 243 244 247
f 246 241 247
f 244 246 247
f 246 244 251
f 249 245 251
f 242 247 252
f 252 248 253
f 244 242 253
f 248 249 253
f 251 244 253
f 249 251 253
f 242 252 253
f 247 241 254
f 241 250 254
f 252 247 254
f 248 252 254
f 245 249 255
f 249 248 255
f 250 245 255
f 254 250 255
f 248 254 255
f 241 246 256
f 250 241 256
f 245 250 256
f 246 251 256
f 265 263 269
f 259 258 260
f 260 258 261
f 258 259 262
f 260 257 263
f 257 260 264
f 260 261 264
f 261 258 265
f 258 262 265
f 262 263 265
f 257 264 266
f 264 261 266
f 265 257 266
f 261 265 266
f 259 260 267
f 260 263 267
f 267 263 268
f 262 259 268
f 263 262 268
f 259 267 268
f 263 257 269
f 257 265 269
f 279 276 285
f 271 273 276
f 271 272 278
f 273 271 278
f 274 273 278
f 272 271 280
f 275 277 280
f 278 272 280
f 274 278 280
f 279 270 281
f 276 279 281
f 271 276 282
f 280 271 282
f 275 280 282
f 281 275 282
f 276 281 282
f 270 274 283
f 274 280 283
f 280 277 283
f 277 275 284
f 275 281 284
f 281 270 284
f 270 283 284
f 283 277 284
f 274 270 285
f 273 274 285
f 276 273 285
f 270 279 285
f 297 295 300
f 287 288 289
f 288 287 291
f 289 288 293
f 288 291 293
f 291 286 293
f 287 289 294
f 289 292 294
f 292 290 294
f 291 287 296
f 286 291 296
f 289 293 297
f 293 286 297
f 286 295 297
f 290 292 298
f 295 286 298
f 292 295 298
f 296 290 298
f 286 296 298
f 287 294 299
f 294 290 299
f 296 287 299
f 290 296 299
f 292 289 300
f 295 292 300
f 289 297 300
f 307 303 309
f 303 302 304
f 301 304 306
f 304 305 306
f 306 305 307
f 302 303 307
f 305 302 307
f 301 306 307
f 304 302 308
f 305 304 308
f 302 305 308
f 303 304 309
f 304 301 309
f 301 307 309
f 316 317 323
f 316 312 317
f 314 315 318
f 315 310 318
f 310 317 318
f 317 314 318
f 311 315 319
f 315 314 319
f 311 312 320
f 315 311 320
f 312 316 320
f 316 315 320
f 312 311 321
f 313 312 321
f 314 313 321
f 311 319 321
f 319 314 321
f 312 313 322
f 313 314 322
f 317 312 322
f 314 317 322
f 310 315 323
f 315 316 323
f 317 310 323
f 333 330 334
f 326 325 327
f 326 327 329
f 324 328 329
f 327 325 330
f 329 327 331
f 324 329 331
f 327 330 331
f 325 326 332
f 326 329 332
f 329 328 332
f 328 324 333
f 324 331 333
f 331 330 333
f 330 325 334
f 325 332 334
f 332 328 334
f 328 333 334
f 354 350 355
f 338 339 341
f 337 336 342
f 338 337 342
f 337 338 343
f 338 341 345
f 345 343 346
f 343 338 346
f 338 345 346
f 336 337 347
f 337 343 347
f 343 340 347
f 344 336 347
f 340 344 347
f 339 338 348
f 338 342 348
f 339 348 350
f 340 343 351
f 345 341 351
f 343 345 351
f 349 340 351
f 349 351 352
f 341 339 352
f 335 349 352
f 350 335 352
f 339 350 352
f 351 341 352
f 344 340 353
f 349 335 353
f 340 349 353
f 335 350 354
f 353 335 354
f 344 353 354
f 342 336 355
f 336 344 355
f 348 342 355
f 350 348 355
f 344 354 355
f 364 365 370
f 357 358 360
f 360 356 363
f 356 361 363
f 361 356 364
f 362 359 364
f 358 357 365
f 359 358 365
f 364 359 365
f 358 359 366
f 356 360 367
f 364 356 367
f 362 364 367
f 359 362 368
f 366 359 368
f 362 366 368
f 360 358 369
f 358 366 369
f 366 362 369
f 362 367 369
f 367 360 369
f 357 360 370
f 360 363 370
f 363 361 370
f 361 364 370
f 365 357 370
f 377 384 389
f 373 372 377
f 375 373 379
f 373 377 379
f 377 374 379
f 379 374 381
f 375 379 381
f 373 375 382
f 375 376 382
f 376 380 382
f 376 375 383
f 381 378 385
f 375 381 385
f 383 375 385
f 378 383 385
f 378 371 386
f 380 376 386
f 376 383 386
f 383 378 386
f 377 372 387
f 371 384 387
f 384 377 387
f 386 371 387
f 380 386 387
f 372 373 388
f 373 382 388
f 382 380 388
f 387 372 388
f 380 387 388
f 374 377 389
f 371 378 389
f 381 374 389
f 378 381 389
f 384 371 389
f 402 411 412
f 392 391 397
f 394 391 400
f 393 394 401
f 399 393 401
f 395 399 401
f 397 393 403
f 394 400 404
f 401 394 404
f 395 401 404
f 391 392 405
f 392 397 406
f 397 403 406
f 403 398 406
f 405 392 406
f 398 405 406
f 393 399 407
f 402 390 407
f 390 403 407
f 403 393 407
f 399 395 408
f 396 402 408
f 395 404 408
f 404 396 408
f 407 399 408
f 402 407 408
f 400 391 409
f 396 404 409
f 404 400 409
f 391 405 409
f 405 396 409
f 394 393 410
f 391 394 410
f 397 391 410
f 393 397 410
f 402 396 411
f 405 398 411
f 396 405 411
f 390 402 412
f 403 390 412
f 398 403 412
f 411 398 412
f 416 423 426
f 414 415 416
f 415 414 417
f 417 414 418
f 414 416 419
f 418 414 419
f 416 415 420
f 417 418 421
f 415 417 422
f 420 413 423
f 416 420 423
f 413 420 424
f 420 415 424
f 422 413 424
f 415 422 424
f 417 421 425
f 413 422 425
f 422 417 425
f 421 423 425
f 423 413 425
f 419 416 426
f 418 419 426
f 421 418 426
f 423 421 426
f 436 434 438
f 428 429 433
f 427 432 433
f 432 428 433
f 427 431 434
f 433 429 434
f 431 433 434
f 431 427 435
f 427 433 435
f 433 431 435
f 432 427 436
f 430 432 436
f 427 434 436
f 429 428 437
f 430 429 437
f 428 432 437
f 432 430 437
f 429 430 438
f 434 429 438
f 430 436 438
f 444 446 450
f 440 441 445
f 442 443 445
f 443 440 445
f 443 442 447
f 444 439 447
f 441 440 448
f 440 443 448
f 446 441 448
f 439 446 448
f 443 447 448
f 447 439 448
f 445 441 449
f 442 445 449
f 441 446 449
f 446 444 449
f 447 442 449
f 444 447 449
f 439 444 450
f 446 439 450
f 467 459 468
f 454 455 458
f 456 451 460
f 457 453 461
f 456 460 461
f 451 456 462
f 456 459 462
f 454 457 463
f 460 451 463
f 457 461 463
f 461 460 463
f 455 454 464
f 463 451 464
f 454 463 464
f 453 452 465
f 459 456 465
f 461 453 465
f 456 461 465
f 452 453 466
f 453 457 466
f 457 454 466
f 458 452 466
f 454 458 466
f 458 455 467
f 451 462 467
f 462 459 467
f 455 464 467
f 464 451 467
f 452 458 468
f 465 452 468
f 459 465 468
f 458 467 468
f 473 476 485
f 471 470 472
f 470 471 476
f 474 470 476
f 471 472 478
f 473 471 478
f 472 470 479
f 475 472 479
f 469 474 480
f 474 476 480
f 477 469 480
f 474 469 481
f 472 475 481
f 469 477 481
f 476 473 482
f 473 477 482
f 480 476 482
f 477 480 482
f 470 474 483
f 479 470 483
f 475 479 483
f 474 481 483
f 481 475 483
f 477 473 484
f 478 472 484
f 473 478 484
f 472 481 484
f 481 477 484
f 471 473 485
f 476 471 485
f 490 495 496
f 488 487 489
f 489 487 492
f 487 490 492
f 491 489 492
f 486 488 493
f 488 489 493
f 489 491 493
f 492 490 494
f 491 492 494
f 488 486 495
f 487 488 495
f 490 487 495
f 486 493 496
f 493 491 496
f 494 490 496
f 491 494 496
f 495 486 496
f 504 505 507
f 499 498 500
f 498 499 501
f 500 498 501
f 499 500 502
f 502 500 503
f 497 502 503
f 501 499 504
f 499 502 504
f 502 497 504
f 505 504 506
f 497 503 506
f 503 500 506
f 504 497 506
f 500 505 506
f 500 501 507
f 501 504 507
f 505 500 507
f 516 508 520
f 510 509 511
f 511 509 513
f 513 512 514
f 511 513 514
f 509 512 517
f 513 509 517
f 512 513 517
f 509 510 518
f 512 509 518
f 510 515 518
f 515 508 518
f 511 514 519
f 514 512 519
f 516 511 519
f 508 516 519
f 512 518 519
f 518 508 519
f 510 511 520
f 515 510 520
f 508 515 520
f 511 516 520
f 529 532 537
f 523 522 524
f 523 524 525
f 524 522 528
f 526 525 529
f 526 529 530
f 528 522 531
f 525 524 532
f 524 528 532
f 529 525 532
f 523 525 533
f 526 523 533
f 525 526 533
f 531 527 534
f 528 531 534
f 532 528 534
f 521 532 534
f 527 526 535
f 530 521 535
f 526 530 535
f 521 534 535
f 534 527 535
f 522 523 536
f 523 526 536
f 526 527 536
f 527 531 536
f 531 522 536
f 521 530 537
f 530 529 537
f 532 521 537
f 539 545 548
f 539 540 544
f 538 542 544
f 544 542 545
f 542 541 545
f 539 544 545
f 542 538 546
f 541 542 546
f 538 543 546
f 543 541 546
f 543 538 547
f 540 543 547
f 538 544 547
f 544 540 547
f 540 539 548
f 543 540 548
f 541 543 548
f 545 541 548
f 560 554 561
f 552 550 555
f 553 549 555
f 553 555 556
f 550 551 556
f 555 550 556
f 549 553 558
f 554 549 558
f 553 556 558
f 549 554 559
f 552 555 559
f 555 549 559
f 557 552 559
f 554 557 559
f 551 550 560
f 550 552 560
f 552 557 560
f 557 554 560
f 556 551 561
f 554 558 561
f 558 556 561
f 551 560 561
f 572 576 581
f 563 564 570
f 567 563 570
f 565 568 570
f 562 568 571
f 568 565 571
f 562 567 573
f 568 562 573
f 570 568 573
f 564 563 574
f 563 567 574
f 567 569 574
f 567 562 575
f 569 567 575
f 562 571 575
f 570 564 577
f 565 570 577
f 572 565 577
f 576 572 577
f 564 576 577
f 564 574 578
f 566 576 578
f 576 564 578
f 567 570 579
f 573 567 579
f 570 573 579
f 571 566 580
f 574 569 580
f 569 575 580
f 575 571 580
f 578 574 580
f 566 578 580
f 571 565 581
f 566 571 581
f 565 572 581
f 576 566 581
f 591 584 594
f 585 583 587
f 585 587 588
f 586 582 588
f 587 586 588
f 583 584 590
f 590 584 591
f 582 590 591
f 585 588 592
f 588 582 592
f 589 585 592
f 582 591 592
f 591 589 592
f 582 586 593
f 587 583 593
f 586 587 593
f 583 590 593
f 590 582 593
f 584 583 594
f 583 585 594
f 585 589 594
f 589 591 594
f 599 606 607
f 597 596 598
f 596 597 599
f 598 596 601
f 596 600 601
f 597 598 603
f 599 595 604
f 596 599 604
f 600 596 604
f 595 600 604
f 600 595 605
f 598 601 605
f 601 600 605
f 595 602 605
f 602 598 605
f 599 597 606
f 597 603 606
f 606 603 607
f 595 599 607
f 602 595 607
f 598 602 607
f 603 598 607
f 623 613 625
f 610 609 611
f 609 610 612
f 610 611 612
f 612 611 614
f 609 612 617
f 612 614 618
f 608 615 618
f 615 608 619
f 613 617 619
f 617 615 619
f 614 611 620
f 611 616 620
f 608 618 620
f 618 614 620
f 611 609 621
f 609 617 621
f 617 613 621
f 619 608 622
f 620 616 622
f 608 620 622
f 616 611 623
f 611 621 623
f 621 613 623
f 617 612 624
f 615 617 624
f 612 618 624
f 618 615 624
f 613 619 625
f 622 616 625
f 619 622 625
f 616 623 625
f 631 638 639
f 628 627 629
f 629 630 631
f 627 628 633
f 629 627 634
f 630 629 634
f 627 630 634
f 630 627 635
f 627 633 635
f 633 626 635
f 633 628 636
f 633 636 637
f 626 633 637
f 636 632 637
f 637 632 638
f 631 630 638
f 630 635 638
f 635 626 638
f 626 637 638
f 628 629 639
f 629 631 639
f 636 628 639
f 632 636 639
f 638 632 639
f 646 648 651
f 642 641 643
f 643 641 644
f 644 641 645
f 642 643 646
f 643 644 647
f 646 643 647
f 644 645 648
f 647 644 649
f 648 640 649
f 644 648 649
f 646 647 650
f 640 648 650
f 648 646 650
f 649 640 650
f 647 649 650
f 641 642 651
f 645 641 651
f 642 646 651
f 648 645 651
f 660 652 662
f 653 654 655
f 652 656 658
f 658 656 659
f 653 655 659
f 656 653 659
f 655 658 659
f 655 654 660
f 654 657 660
f 657 652 660
f 654 653 661
f 656 652 661
f 653 656 661
f 657 654 661
f 652 657 661
f 652 658 662
f 658 655 662
f 655 660 662
f 671 667 674
f 665 664 668
f 666 665 668
f 668 664 670
f 666 668 670
f 669 663 670
f 664 669 670
f 670 663 671
f 666 670 671
f 664 665 672
f 665 667 672
f 669 664 672
f 669 672 673
f 663 669 673
f 671 663 673
f 667 671 673
f 672 667 673
f 665 666 674
f 667 665 674
f 666 671 674
f 687 678 688
f 676 677 678
f 679 678 681
f 676 678 682
f 678 679 682
f 680 676 684
f 679 681 684
f 676 682 684
f 682 679 684
f 677 676 685
f 676 680 685
f 683 677 685
f 675 683 685
f 681 675 686
f 680 684 686
f 684 681 686
f 685 680 686
f 675 685 686
f 675 681 687
f 681 678 687
f 683 675 687
f 683 687 688
f 678 677 688
f 677 683 688
f 698 691 700
f 694 693 695
f 690 691 695
f 693 690 695
f 692 694 695
f 693 694 696
f 694 692 697
f 695 691 697
f 692 695 697
f 696 689 698
f 689 697 698
f 697 691 698
f 689 696 699
f 696 694 699
f 697 689 699
f 694 697 699
f 691 690 700
f 690 693 700
f 693 696 700
f 696 698 700
f 722 714 723
f 703 702 704
f 702 703 705
f 702 705 709
f 704 702 710
f 708 704 712
f 708 712 713
f 713 712 714
f 701 713 714
f 704 708 715
f 711 704 715
f 705 711 715
f 709 705 716
f 713 701 716
f 705 713 716
f 703 704 717
f 705 703 717
f 704 711 717
f 711 705 717
f 704 710 718
f 710 707 718
f 712 704 718
f 707 712 718
f 702 709 719
f 709 706 719
f 710 702 719
f 708 713 720
f 713 705 720
f 715 708 720
f 705 715 720
f 707 710 721
f 719 706 721
f 710 719 721
f 706 709 722
f 701 714 722
f 716 701 722
f 709 716 722
f 712 707 723
f 714 712 723
f 707 721 723
f 721 706 723
f 706 722 723
f 735 731 740
f 725 726 729
f 728 729 731
f 726 725 732
f 730 726 732
f 728 727 733
f 729 728 733
f 727 732 733
f 728 724 734
f 727 728 734
f 726 730 735
f 725 729 736
f 732 725 736
f 729 733 736
f 733 732 736
f 732 727 737
f 730 732 737
f 727 734 737
f 737 734 738
f 734 724 738
f 735 730 738
f 730 737 738
f 735 738 739
f 724 728 739
f 728 731 739
f 731 735 739
f 738 724 739
f 729 726 740
f 731 729 740
f 726 735 740
f 746 741 752
f 741 744 745
f 742 743 746
f 746 743 747
f 741 746 747
f 745 744 748
f 742 745 748
f 743 742 749
f 742 748 749
f 748 744 749
f 747 743 750
f 743 749 750
f 749 744 750
f 744 741 751
f 741 747 751
f 747 750 751
f 750 744 751
f 741 745 752
f 745 742 752
f 742 746 752
f 761 766 768
f 754 755 756
f 756 755 760
f 754 756 762
f 757 754 762
f 758 753 763
f 753 759 763
f 759 760 763
f 763 760 764
f 760 755 764
f 758 763 764
f 753 758 765
f 759 753 765
f 757 759 765
f 761 757 765
f 758 761 765
f 761 758 766
f 764 755 766
f 758 764 766
f 759 757 767
f 756 760 767
f 760 759 767
f 762 756 767
f 757 762 767
f 755 754 768
f 754 757 768
f 757 761 768
f 766 755 768
f 772 776 777
f 771 770 769
f 769 770 773
f 769 773 774
f 771 769 775
f 769 774 775
f 774 772 775
f 773 770 776
f 772 774 776
f 774 773 776
f 770 771 777
f 771 775 777
f 775 772 777
f 776 770 777
f 787 781 791
f 779 780 784
f 782 779 784
f 784 780 785
f 780 779 786
f 781 783 786
f 783 785 786
f 785 780 786
f 782 781 787
f 779 782 787
f 782 778 788
f 781 782 788
f 783 781 788
f 778 782 789
f 784 778 789
f 782 784 789
f 778 784 790
f 785 783 790
f 784 785 790
f 788 778 790
f 783 788 790
f 786 779 791
f 781 786 791
f 779 787 791
f 804 802 806
f 793 794 798
f 792 796 798
f 796 795 799
f 798 794 800
f 792 798 800
f 794 793 801
f 793 799 801
f 799 795 801
f 796 792 802
f 795 796 802
f 793 798 803
f 798 796 803
f 799 793 803
f 796 799 803
f 801 795 804
f 795 802 804
f 797 800 805
f 800 794 805
f 794 801 805
f 804 797 805
f 801 804 805
f 792 800 806
f 800 797 806
f 802 792 806
f 797 804 806
f 819 807 820
f 808 809 810
f 809 808 813
f 810 809 814
f 808 810 815
f 811 810 816
f 810 814 816
f 814 807 816
f 811 812 817
f 813 808 817
f 812 813 817
f 808 815 817
f 815 811 817
f 810 811 818
f 815 810 818
f 811 815 818
f 812 811 819
f 811 816 819
f 816 807 819
f 809 813 820
f 813 812 820
f 814 809 820
f 807 814 820
f 812 819 820
f 838 830 840
f 823 822 824
f 823 824 827
f 827 824 829
f 824 826 830
f 824 822 832
f 826 824 832
f 825 823 833
f 823 827 833
f 828 825 833
f 827 828 833
f 826 825 834
f 825 828 834
f 831 826 834
f 822 823 835
f 823 825 835
f 828 827 836
f 821 831 836
f 834 828 836
f 831 834 836
f 825 826 837
f 832 822 837
f 826 832 837
f 822 835 837
f 835 825 837
f 829 824 838
f 824 830 838
f 827 829 839
f 821 836 839
f 836 827 839
f 838 821 839
f 829 838 839
f 830 826 840
f 826 831 840
f 831 821 840
f 821 838 840
f 845 849 852
f 842 843 844
f 843 842 847
f 847 845 848
f 845 844 848
f 846 841 848
f 844 846 848
f 841 847 848
f 842 844 849
f 847 842 849
f 845 847 849
f 841 846 850
f 847 841 850
f 843 847 850
f 844 843 851
f 846 844 851
f 850 846 851
f 843 850 851
f 844 845 852
f 849 844 852
f 862 858 863
f 854 855 856
f 854 856 857
f 857 856 858
f 856 855 859
f 855 854 860
f 854 857 860
f 853 859 860
f 859 855 860
f 858 856 861
f 856 859 861
f 857 858 862
f 853 860 862
f 860 857 862
f 859 853 863
f 858 861 863
f 861 859 863
f 853 862 863
f 880 869 882
f 866 865 870
f 866 870 871
f 868 864 872
f 865 866 873
f 870 865 874
f 864 870 875
f 865 873 876
f 874 865 876
f 869 874 876
f 868 872 877
f 872 867 877
f 867 873 877
f 864 868 878
f 870 864 878
f 868 871 878
f 871 870 878
f 866 871 879
f 871 868 879
f 873 866 879
f 868 877 879
f 877 873 879
f 872 864 880
f 867 872 880
f 864 875 880
f 875 869 880
f 870 874 881
f 874 869 881
f 875 870 881
f 869 875 881
f 873 867 882
f 869 876 882
f 876 873 882
f 867 880 882
f 895 894 903
f 890 887 891
f 887 890 894
f 890 884 894
f 891 887 895
f 887 894 895
f 885 884 896
f 886 888 896
f 890 886 896
f 884 890 896
f 892 885 896
f 889 892 897
f 893 883 897
f 888 886 898
f 886 891 898
f 893 888 898
f 886 890 899
f 891 886 899
f 890 891 899
f 883 893 900
f 891 895 900
f 898 891 900
f 893 898 900
f 895 889 901
f 897 883 901
f 889 897 901
f 883 900 901
f 900 895 901
f 888 893 902
f 896 888 902
f 892 896 902
f 897 892 902
f 893 897 902
f 884 885 903
f 885 892 903
f 892 889 903
f 894 884 903
f 889 895 903
f 913 914 919
f 908 910 911
f 906 905 911
f 905 908 911
f 910 907 911
f 908 905 912
f 911 907 913
f 912 909 915
f 907 910 916
f 910 908 916
f 908 912 916
f 904 913 916
f 913 907 916
f 915 904 916
f 912 915 916
f 913 904 917
f 909 914 917
f 914 913 917
f 904 915 917
f 915 909 917
f 905 906 918
f 912 905 918
f 909 912 918
f 906 914 918
f 914 909 918
f 906 911 919
f 911 913 919
f 914 906 919
f 931 925 934
f 921 922 923
f 922 921 925
f 922 925 926
f 921 923 927
f 923 924 927
f 923 922 928
f 922 926 928
f 925 921 929
f 921 927 929
f 927 924 929
f 926 925 930
f 924 923 931
f 920 930 931
f 930 925 931
f 923 928 932
f 920 931 932
f 931 923 932
f 928 926 933
f 930 920 933
f 926 930 933
f 932 928 933
f 920 932 933
f 925 929 934
f 929 924 934
f 924 931 934
f 935 941 946
f 936 937 942
f 939 936 942
f 938 940 942
f 940 939 942
f 935 938 943
f 942 937 943
f 938 942 943
f 941 935 944
f 935 943 944
f 943 937 944
f 937 936 945
f 936 939 945
f 939 941 945
f 941 944 945
f 944 937 945
f 938 935 946
f 940 938 946
f 939 940 946
f 941 939 946
f 951 949 958
f 949 951 952
f 948 949 952
f 951 947 952
f 950 948 954
f 951 950 954
f 948 952 955
f 952 947 955
f 947 953 955
f 955 953 956
f 954 948 956
f 953 954 956
f 948 955 956
f 947 951 957
f 953 947 957
f 951 954 957
f 954 953 957
f 949 948 958
f 948 950 958
f 950 951 958
f 961 969 970
f 961 960 962
f 964 959 965
f 959 963 966
f 965 959 966
f 963 959 967
f 962 963 967
f 959 964 967
f 964 962 967
f 961 962 968
f 962 964 968
f 968 964 969
f 964 965 969
f 961 968 969
f 969 965 970
f 960 961 970
f 962 960 970
f 963 962 970
f 966 963 970
f 965 966 970
f 971 980 981
f 973 972 974
f 973 974 975
f 974 972 976
f 972 973 977
f 973 975 977
f 976 972 978
f 972 977 978
f 977 971 978
f 975 974 979
f 974 976 979
f 971 977 980
f 977 975 980
f 975 979 980
f 976 978 981
f 978 971 981
f 979 976 981
f 980 979 981
f 985 993 995
f 983 984 988
f 986 985 989
f 988 986 990
f 989 982 990
f 986 989 990
f 985 983 991
f 987 982 991
f 983 987 991
f 982 989 991
f 989 985 991
f 982 987 992
f 987 983 992
f 983 988 992
f 984 983 993
f 985 986 993
f 988 984 993
f 986 988 993
f 990 982 994
f 988 990 994
f 982 992 994
f 992 988 994
f 983 985 995
f 993 983 995
f 1005 1000 1010
f 998 997 999
f 1000 1001 1002
f 999 997 1003
f 997 998 1004
f 1003 997 1004
f 998 999 1005
f 1001 1000 1005
f 1002 1001 1006
f 1001 999 1007
f 1003 996 1007
f 999 1003 1007
f 996 1006 1007
f 1006 1001 1007
f 996 1003 1008
f 1004 1002 1008
f 1003 1004 1008
f 1006 996 1008
f 1002 1006 1008
f 999 1001 1009
f 1005 999 1009
f 1001 1005 1009
f 1000 1002 1010
f 1004 998 1010
f 1002 1004 1010
f 998 1005 1010
f 1015 1022 1024
f 1013 1012 1016
f 1011 1017 1018
f 1016 1015 1018
f 1016 1018 1019
f 1013 1016 1019
f 1017 1013 1019
f 1018 1017 1019
f 1014 1013 1020
f 1015 1014 1020
f 1011 1018 1021
f 1018 1015 1021
f 1020 1011 1021
f 1015 1020 1021
f 1012 1013 1022
f 1013 1014 1022
f 1016 1012 1022
f 1015 1016 1022
f 1013 1017 1023
f 1017 1011 1023
f 1020 1013 1023
f 1011 1020 1023
f 1014 1015 1024
f 1022 1014 1024
f 1030 1037 1039
f 1026 1027 1028
f 1028 1027 1031
f 1026 1028 1032
f 1028 1029 1032
f 1031 1027 1033
f 1025 1031 1033
f 1029 1028 1034
f 1028 1031 1035
f 1031 1025 1035
f 1025 1034 1035
f 1034 1028 1035
f 1027 1026 1036
f 1026 1032 1036
f 1032 1029 1036
f 1025 1033 1037
f 1034 1025 1037
f 1034 1037 1038
f 1029 1034 1038
f 1036 1029 1038
f 1030 1036 1038
f 1037 1030 1038
f 1033 1027 1039
f 1027 1036 1039
f 1036 1030 1039
f 1037 1033 1039
f 1050 1041 1051
f 1041 1042 1046
f 1040 1045 1047
f 1041 1046 1047
f 1042 1041 1048
f 1041 1043 1048
f 1043 1044 1048
f 1046 1042 1048
f 1044 1046 1048
f 1044 1040 1049
f 1046 1044 1049
f 1040 1047 1049
f 1047 1046 1049
f 1043 1041 1050
f 1040 1044 1050
f 1044 1043 1050
f 1045 1040 1050
f 1045 1050 1051
f 1041 1047 1051
f 1047 1045 1051
f 1057 1058 1065
f 1054 1053 1055
f 1053 1054 1057
f 1057 1054 1058
f 1055 1053 1060
f 1053 1057 1060
f 1057 1056 1060
f 1059 1055 1061
f 1056 1059 1061
f 1055 1060 1061
f 1060 1056 1061
f 1056 1058 1062
f 1052 1059 1062
f 1059 1056 1062
f 1052 1054 1063
f 1054 1055 1063
f 1059 1052 1063
f 1055 1059 1063
f 1054 1052 1064
f 1058 1054 1064
f 1062 1058 1064
f 1052 1062 1064
f 1056 1057 1065
f 1058 1056 1065
f 781 1071 782
f 781 787 1067
f 1068 781 1069
f 1066 1068 1069
f 1067 787 1070
f 1066 1067 1070
f 1068 1066 1070
f 1068 1070 1071
f 781 1068 1071
f 781 1067 1072
f 1067 1066 1072
f 1069 781 1072
f 1066 1069 1072
f 787 781 782
f 1070 787 782
f 1071 1070 782
f 1074 1079 1081
f 1075 1074 1076
f 1074 1075 1078
f 1077 1073 1078
f 1078 1073 1079
f 1074 1078 1079
f 1075 1076 1080
f 1076 1077 1080
f 1078 1075 1080
f 1077 1078 1080
f 1076 1074 1081
f 1073 1077 1081
f 1077 1076 1081
f 1079 1073 1081
f 1093 1088 1095
f 1084 1083 1085
f 1083 1086 1087
f 1082 1086 1088
f 1085 1087 1089
f 1086 1082 1090
f 1087 1086 1090
f 1089 1087 1090
f 1082 1089 1090
f 1085 1083 1091
f 1083 1087 1091
f 1087 1085 1091
f 1084 1085 1092
f 1085 1089 1092
f 1083 1084 1093
f 1082 1088 1094
f 1089 1082 1094
f 1084 1092 1094
f 1092 1089 1094
f 1093 1084 1094
f 1088 1093 1094
f 1086 1083 1095
f 1088 1086 1095
f 1083 1093 1095
f 1107 1102 1110
f 1100 1096 1102
f 1099 1100 1103
f 1099 1103 1104
f 1099 1096 1105
f 1096 1100 1105
f 1100 1099 1105
f 1097 1098 1106
f 1098 1101 1106
f 1103 1097 1106
f 1101 1104 1106
f 1104 1103 1106
f 1100 1102 1107
f 1097 1103 1107
f 1103 1100 1107
f 1096 1099 1108
f 1099 1104 1108
f 1104 1101 1108
f 1102 1096 1109
f 1101 1102 1109
f 1096 1108 1109
f 1108 1101 1109
f 1098 1097 1110
f 1101 1098 1110
f 1102 1101 1110
f 1097 1107 1110
f 1117 1122 1123
f 1111 1116 1117
f 1113 1112 1117
f 1116 1113 1117
f 1114 1113 1118
f 1113 1116 1118
f 1112 1113 1119
f 1113 1114 1119
f 1114 1111 1119
f 1111 1115 1119
f 1111 1114 1120
f 1116 1111 1120
f 1114 1118 1120
f 1118 1116 1120
f 1115 1111 1121
f 1111 1117 1121
f 1117 1112 1122
f 1112 1119 1122
f 1119 1115 1122
f 1122 1115 1123
f 1115 1121 1123
f 1121 1117 1123
f 1136 1133 1137
f 1126 1125 1127
f 1127 1125 1129
f 1126 1127 1130
f 1125 1126 1131
f 1128 1125 1131
f 1126 1130 1131
f 1130 1127 1133
f 1124 1130 1133
f 1130 1124 1134
f 1128 1131 1134
f 1131 1130 1134
f 1132 1128 1134
f 1125 1128 1135
f 1129 1125 1135
f 1128 1132 1135
f 1132 1129 1135
f 1129 1132 1136
f 1124 1133 1136
f 1134 1124 1136
f 1132 1134 1136
f 1127 1129 1137
f 1133 1127 1137
f 1129 1136 1137
f 1148 1142 1149
f 1140 1139 1141
f 1141 1139 1143
f 1143 1139 1144
f 1138 1143 1144
f 1138 1144 1145
f 1141 1143 1146
f 1146 1143 1147
f 1143 1138 1147
f 1138 1145 1147
f 1145 1142 1147
f 1142 1146 1147
f 1140 1141 1148
f 1146 1142 1148
f 1141 1146 1148
f 1139 1140 1149
f 1144 1139 1149
f 1142 1145 1149
f 1145 1144 1149
f 1140 1148 1149
f 1159 1155 1162
f 1152 1151 1153
f 1156 1154 1157
f 1153 1151 1157
f 1151 1156 1157
f 1153 1157 1158
f 1154 1150 1158
f 1157 1154 1158
f 1152 1153 1159
f 1150 1155 1160
f 1153 1158 1160
f 1158 1150 1160
f 1159 1153 1160
f 1155 1159 1160
f 1150 1154 1161
f 1155 1150 1161
f 1156 1155 1161
f 1154 1156 1161
f 1151 1152 1162
f 1155 1156 1162
f 1156 1151 1162
f 1152 1159 1162
f 1168 1173 1175
f 1165 1164 1166
f 1163 1166 1167
f 1164 1165 1167
f 1165 1166 1169
f 1163 1167 1170
f 1166 1164 1171
f 1167 1166 1171
f 1164 1167 1171
f 1168 1169 1172
f 1163 1170 1172
f 1170 1168 1172
f 1167 1165 1173
f 1170 1167 1173
f 1168 1170 1173
f 1166 1163 1174
f 1169 1166 1174
f 1163 1172 1174
f 1172 1169 1174
f 1165 1169 1175
f 1169 1168 1175
f 1173 1165 1175
f 1184 1179 1185
f 1177 1178 1180
f 1179 1177 1181
f 1176 1180 1182
f 1180 1178 1182
f 1177 1180 1183
f 1181 1177 1183
f 1180 1181 1183
f 1178 1177 1184
f 1177 1179 1184
f 1182 1178 1184
f 1182 1184 1185
f 1180 1176 1185
f 1181 1180 1185
f 1179 1181 1185
f 1176 1182 1185
f 1192 1196 1200
f 1189 1187 1191
f 1187 1188 1192
f 1192 1188 1193
f 1190 1192 1193
f 1188 1187 1194
f 1187 1189 1194
f 1189 1190 1194
f 1193 1188 1194
f 1190 1193 1194
f 1190 1189 1195
f 1189 1191 1197
f 1186 1195 1197
f 1195 1189 1197
f 1186 1192 1198
f 1192 1190 1198
f 1195 1186 1198
f 1190 1195 1198
f 1192 1186 1199
f 1191 1196 1199
f 1196 1192 1199
f 1186 1197 1199
f 1197 1191 1199
f 1191 1187 1200
f 1187 1192 1200
f 1196 1191 1200
f 1205 1214 1215
f 1205 1201 1208
f 1204 1205 1208
f 1202 1203 1209
f 1207 1202 1209
f 1208 1201 1209
f 1203 1202 1211
f 1206 1204 1211
f 1202 1210 1211
f 1210 1206 1211
f 1201 1205 1212
f 1207 1209 1212
f 1209 1201 1212
f 1204 1208 1213
f 1209 1203 1213
f 1208 1209 1213
f 1203 1211 1213
f 1211 1204 1213
f 1205 1204 1214
f 1204 1206 1214
f 1206 1210 1214
f 1214 1210 1215
f 1202 1207 1215
f 1210 1202 1215
f 1212 1205 1215
f 1207 1212 1215
f 1225 1216 1229
f 1218 1217 1220
f 1217 1218 1221
f 1219 1217 1221
f 1193 1219 1222
f 1217 1219 1223
f 1220 1217 1223
f 1219 1221 1224
f 1219 1193 1188
f 1193 1223 1188
f 1223 1219 1188
f 1218 1220 1225
f 1221 1218 1225
f 1193 1222 1226
f 1222 1220 1226
f 1223 1193 1226
f 1220 1223 1226
f 1216 1222 1227
f 1222 1219 1227
f 1224 1216 1227
f 1219 1224 1227
f 1222 1216 1228
f 1220 1222 1228
f 1225 1220 1228
f 1216 1225 1228
f 1216 1224 1229
f 1224 1221 1229
f 1221 1225 1229
f 1230 1240 1242
f 1231 1232 1233
f 1233 1232 1236
f 1232 1234 1236
f 1236 1234 1237
f 1233 1236 1237
f 1232 1231 1238
f 1234 1232 1238
f 1231 1235 1238
f 1237 1234 1238
f 1230 1237 1238
f 1235 1239 1240
f 1238 1235 1240
f 1230 1238 1240
f 1231 1233 1241
f 1235 1231 1241
f 1233 1239 1241
f 1239 1235 1241
f 1237 1230 1242
f 1233 1237 1242
f 1239 1233 1242
f 1240 1239 1242
f 1253 1249 1255
f 1244 1245 1246
f 1247 1248 1249
f 1245 1244 1250
f 1248 1247 1250
f 1245 1250 1251
f 1246 1245 1252
f 1245 1251 1252
f 1251 1243 1252
f 1247 1249 1253
f 1250 1247 1253
f 1243 1251 1253
f 1251 1250 1253
f 1244 1246 1254
f 1246 1249 1254
f 1249 1248 1254
f 1250 1244 1254
f 1248 1250 1254
f 1249 1246 1255
f 1246 1252 1255
f 1252 1243 1255
f 1243 1253 1255
f 1265 1264 1269
f 1258 1257 1259
f 1259 1257 1262
f 1259 1262 1263
f 1262 1256 1263
f 1261 1260 1264
f 1257 1258 1265
f 1262 1257 1265
f 1261 1264 1265
f 1261 1265 1266
f 1260 1261 1266
f 1265 1258 1266
f 1260 1266 1267
f 1258 1259 1267
f 1259 1263 1267
f 1266 1258 1267
f 1267 1263 1268
f 1263 1256 1268
f 1256 1264 1268
f 1264 1260 1268
f 1260 1267 1268
f 1256 1262 1269
f 1264 1256 1269
f 1262 1265 1269
f 1279 1274 1282
f 1270 1273 1274
f 1271 1272 1276
f 1275 1271 1276
f 1275 1270 1277
f 1270 1274 1278
f 1277 1270 1278
f 1274 1277 1278
f 1272 1274 1279
f 1276 1272 1279
f 1273 1276 1279
f 1273 1270 1280
f 1270 1275 1280
f 1275 1276 1280
f 1276 1273 1280
f 1272 1271 1281
f 1274 1272 1281
f 1271 1275 1281
f 1277 1274 1281
f 1275 1277 1281
f 1274 1273 1282
f 1273 1279 1282
f 1287 1288 1294
f 1285 1284 1286
f 1285 1286 1287
f 1284 1285 1288
f 1286 1284 1289
f 1287 1286 1291
f 1289 1283 1291
f 1286 1289 1291
f 1283 1290 1291
f 1290 1287 1291
f 1288 1287 1292
f 1290 1283 1292
f 1287 1290 1292
f 1284 1288 1293
f 1283 1289 1293
f 1289 1284 1293
f 1288 1292 1293
f 1292 1283 1293
f 1285 1287 1294
f 1288 1285 1294
f 1295 1301 1304
f 1297 1296 1298
f 1295 1299 1300
f 1298 1296 1302
f 1299 1298 1302
f 1296 1300 1302
f 1300 1299 1302
f 1296 1297 1303
f 1300 1296 1303
f 1295 1300 1303
f 1297 1301 1303
f 1301 1295 1303
f 1297 1298 1304
f 1299 1295 1304
f 1298 1299 1304
f 1301 1297 1304
f 1309 1313 1314
f 1306 1307 1308
f 1308 1307 1309
f 1309 1307 1310
f 1307 1306 1310
f 1306 1308 1311
f 1311 1308 1312
f 1308 1309 1312
f 1305 1311 1312
f 1309 1310 1313
f 1310 1306 1313
f 1311 1305 1313
f 1306 1311 1313
f 1305 1312 1314
f 1312 1309 1314
f 1313 1305 1314
f 1321 1322 1324
f 1317 1316 1318
f 1317 1319 1320
f 1316 1317 1320
f 1319 1315 1320
f 1320 1315 1321
f 1316 1320 1321
f 1315 1319 1322
f 1319 1318 1322
f 1321 1315 1322
f 1317 1318 1323
f 1318 1319 1323
f 1319 1317 1323
f 1318 1316 1324
f 1316 1321 1324
f 1322 1318 1324
f 1327 1330 1334
f 1326 1329 1330
f 1327 1326 1330
f 1328 1325 1331
f 1331 1329 1332
f 1326 1327 1332
f 1327 1328 1332
f 1329 1326 1332
f 1328 1331 1332
f 1330 1329 1333
f 1325 1330 1333
f 1331 1325 1333
f 1329 1331 1333
f 1328 1327 1334
f 1325 1328 1334
f 1330 1325 1334
f 1341 1340 1351
f 1337 1336 1341
f 1336 1343 1344
f 1343 1339 1344
f 1341 1336 1345
f 1335 1341 1345
f 1336 1344 1345
f 1344 1335 1345
f 1339 1338 1346
f 1342 1346 1347
f 1341 1335 1347
f 1340 1341 1347
f 1335 1342 1347
f 1346 1340 1347
f 1342 1335 1348
f 1335 1344 1348
f 1344 1339 1348
f 1339 1346 1348
f 1346 1342 1348
f 1338 1339 1349
f 1339 1343 1349
f 1343 1338 1349
f 1336 1337 1350
f 1337 1340 1350
f 1343 1336 1350
f 1338 1343 1350
f 1346 1338 1350
f 1340 1346 1350
f 1340 1337 1351
f 1337 1341 1351
f 1366 1358 1367
f 1352 1356 1359
f 1356 1353 1360
f 1353 1356 1361
f 1355 1359 1363
f 1359 1356 1363
f 1360 1353 1363
f 1356 1360 1363
f 1353 1354 1364
f 1357 1355 1364
f 1362 1357 1364
f 1354 1362 1364
f 1363 1353 1364
f 1355 1363 1364
f 1354 1353 1365
f 1353 1361 1365
f 1361 1358 1365
f 1362 1354 1365
f 1358 1362 1365
f 1355 1357 1366
f 1352 1359 1366
f 1359 1355 1366
f 1357 1362 1366
f 1362 1358 1366
f 1356 1352 1367
f 1361 1356 1367
f 1358 1361 1367
f 1352 1366 1367
f 1376 1373 1379
f 1370 1369 1373
f 1371 1370 1373
f 1371 1368 1374
f 1372 1371 1374
f 1370 1371 1375
f 1371 1372 1375
f 1374 1368 1376
f 1372 1374 1376
f 1368 1371 1377
f 1371 1373 1377
f 1373 1368 1377
f 1368 1373 1378
f 1373 1376 1378
f 1376 1368 1378
f 1369 1370 1379
f 1373 1369 1379
f 1370 1375 1379
f 1375 1372 1379
f 1372 1376 1379
f 1386 1391 1392
f 1381 1382 1383
f 1383 1382 1384
f 1384 1382 1385
f 1382 1381 1385
f 1383 1384 1387
f 1385 1381 1388
f 1380 1385 1388
f 1384 1385 1389
f 1385 1380 1389
f 1387 1384 1389
f 1381 1383 1390
f 1386 1380 1390
f 1388 1381 1390
f 1380 1388 1390
f 1383 1387 1391
f 1390 1383 1391
f 1386 1390 1391
f 1380 1386 1392
f 1389 1380 1392
f 1387 1389 1392
f 1391 1387 1392
f 1402 1397 1406
f 1395 1394 1399
f 1394 1396 1400
f 1399 1394 1400
f 1400 1396 1401
f 1393 1398 1401
f 1398 1400 1401
f 1396 1397 1402
f 1401 1396 1402
f 1393 1401 1402
f 1398 1399 1403
f 1400 1398 1403
f 1399 1400 1403
f 1398 1397 1404
f 1395 1399 1404
f 1399 1398 1404
f 1394 1395 1405
f 1396 1394 1405
f 1397 1396 1405
f 1395 1404 1405
f 1404 1397 1405
f 1397 1398 1406
f 1398 1393 1406
f 1393 1402 1406
f 1418 1414 1422
f 1411 1409 1412
f 1410 1413 1414
f 1408 1409 1415
f 1414 1408 1415
f 1410 1414 1415
f 1411 1412 1416
f 1412 1407 1416
f 1407 1413 1416
f 1413 1411 1416
f 1411 1410 1417
f 1409 1408 1418
f 1412 1409 1418
f 1408 1414 1418
f 1409 1411 1419
f 1415 1409 1419
f 1411 1417 1419
f 1410 1411 1420
f 1413 1410 1420
f 1411 1413 1420
f 1410 1415 1421
f 1417 1410 1421
f 1415 1419 1421
f 1419 1417 1421
f 1407 1412 1422
f 1413 1407 1422
f 1414 1413 1422
f 1412 1418 1422
f 1431 1427 1432
f 1425 1424 1426
f 1424 1425 1427
f 1428 1427 1429
f 1425 1423 1429
f 1427 1425 1429
f 1423 1425 1430
f 1425 1426 1430
f 1426 1428 1430
f 1428 1429 1430
f 1429 1423 1430
f 1426 1424 1431
f 1424 1427 1431
f 1428 1426 1432
f 1427 1428 1432
f 1426 1431 1432
f 1438 1439 1447
f 1435 1434 1437
f 1437 1434 1438
f 1434 1435 1439
f 1438 1434 1439
f 1438 1436 1441
f 1435 1437 1442
f 1440 1435 1443
f 1442 1433 1443
f 1435 1442 1443
f 1437 1438 1444
f 1441 1433 1444
f 1438 1441 1444
f 1433 1442 1444
f 1442 1437 1444
f 1436 1440 1445
f 1433 1441 1445
f 1441 1436 1445
f 1440 1443 1445
f 1443 1433 1445
f 1439 1435 1446
f 1436 1439 1446
f 1435 1440 1446
f 1440 1436 1446
f 1436 1438 1447
f 1439 1436 1447
f 1452 1451 1456
f 1450 1449 1451
f 1451 1449 1453
f 1448 1451 1453
f 1449 1450 1454
f 1452 1448 1454
f 1450 1452 1454
f 1453 1449 1454
f 1448 1453 1454
f 1450 1451 1455
f 1451 1452 1455
f 1452 1450 1455
f 1451 1448 1456
f 1448 1452 1456
f 1461 1465 1470
f 1459 1458 1462
f 1463 1462 1464
f 1462 1458 1464
f 1461 1460 1465
f 1464 1458 1465
f 1460 1457 1466
f 1457 1463 1466
f 1463 1464 1466
f 1464 1460 1466
f 1460 1464 1467
f 1465 1460 1467
f 1464 1465 1467
f 1461 1463 1468
f 1468 1463 1469
f 1457 1460 1469
f 1460 1461 1469
f 1463 1457 1469
f 1461 1468 1469
f 1458 1459 1470
f 1459 1462 1470
f 1463 1461 1470
f 1462 1463 1470
f 1465 1458 1470
f 1483 1475 1484
f 1473 1472 1474
f 1476 1474 1477
f 1473 1474 1479
f 1474 1476 1479
f 1472 1473 1480
f 1478 1475 1480
f 1473 1479 1480
f 1471 1477 1481
f 1479 1471 1481
f 1478 1480 1481
f 1480 1479 1481
f 1477 1471 1482
f 1476 1477 1482
f 1479 1476 1482
f 1471 1479 1482
f 1474 1472 1483
f 1472 1480 1483
f 1480 1475 1483
f 1477 1474 1484
f 1475 1478 1484
f 1481 1477 1484
f 1478 1481 1484
f 1474 1483 1484
f 1495 1497 1500
f 1486 1487 1489
f 1487 1486 1491
f 1486 1489 1491
f 1490 1487 1491
f 1487 1490 1492
f 1488 1491 1493
f 1491 1489 1493
f 1493 1489 1494
f 1488 1493 1495
f 1489 1487 1496
f 1487 1492 1496
f 1494 1489 1496
f 1492 1490 1497
f 1495 1485 1497
f 1496 1492 1498
f 1494 1496 1498
f 1497 1485 1498
f 1492 1497 1498
f 1493 1494 1499
f 1495 1493 1499
f 1485 1495 1499
f 1498 1485 1499
f 1494 1498 1499
f 1491 1488 1500
f 1490 1491 1500
f 1488 1495 1500
f 1497 1490 1500
f 1506 1511 1517
f 1505 1501 1507
f 1501 1505 1508
f 1508 1505 1511
f 1510 1502 1511
f 1505 1510 1511
f 1507 1501 1512
f 1504 1507 1512
f 1506 1509 1512
f 1505 1507 1513
f 1513 1507 1514
f 1504 1502 1514
f 1507 1504 1514
f 1502 1510 1514
f 1510 1505 1514
f 1505 1513 1514
f 1503 1502 1515
f 1502 1504 1515
f 1509 1503 1515
f 1504 1512 1515
f 1512 1509 1515
f 1501 1508 1516
f 1511 1506 1516
f 1508 1511 1516
f 1512 1501 1516
f 1506 1512 1516
f 1502 1503 1517
f 1503 1509 1517
f 1509 1506 1517
f 1511 1502 1517
f 1524 1527 1532
f 1520 1519 1521
f 1520 1521 1522
f 1522 1521 1525
f 1523 1522 1526
f 1520 1523 1527
f 1521 1519 1528
f 1524 1518 1528
f 1525 1521 1528
f 1520 1522 1529
f 1523 1520 1529
f 1522 1523 1529
f 1522 1525 1530
f 1526 1522 1530
f 1518 1526 1530
f 1528 1518 1530
f 1525 1528 1530
f 1519 1520 1531
f 1520 1527 1531
f 1527 1524 1531
f 1528 1519 1531
f 1524 1528 1531
f 1518 1524 1532
f 1523 1526 1532
f 1526 1518 1532
f 1527 1523 1532
f 1543 1551 1553
f 1537 1533 1541
f 1536 1533 1542
f 1539 1536 1542
f 1537 1539 1542
f 1535 1534 1544
f 1534 1539 1544
f 1539 1537 1544
f 1534 1535 1545
f 1533 1537 1546
f 1542 1533 1546
f 1537 1542 1546
f 1539 1534 1547
f 1536 1539 1547
f 1534 1545 1547
f 1545 1540 1547
f 1541 1538 1548
f 1538 1543 1549
f 1545 1535 1549
f 1540 1545 1549
f 1548 1538 1549
f 1535 1548 1549
f 1536 1547 1550
f 1547 1540 1550
f 1549 1543 1550
f 1540 1549 1550
f 1541 1533 1551
f 1538 1541 1551
f 1543 1538 1551
f 1537 1541 1552
f 1535 1544 1552
f 1544 1537 1552
f 1541 1548 1552
f 1548 1535 1552
f 1533 1536 1553
f 1536 1550 1553
f 1550 1543 1553
f 1551 1533 1553
f 1562 1558 1563
f 1559 1557 1560
f 1556 1555 1560
f 1555 1559 1560
f 1555 1556 1561
f 1556 1558 1561
f 1559 1555 1561
f 1554 1559 1561
f 1559 1554 1562
f 1557 1559 1562
f 1554 1561 1562
f 1561 1558 1562
f 1558 1556 1563
f 1560 1557 1563
f 1556 1560 1563
f 1557 1562 1563
f 1576 1573 1580
f 1566 1565 1572
f 1568 1567 1572
f 1565 1570 1572
f 1570 1568 1572
f 1565 1566 1573
f 1570 1565 1573
f 1567 1569 1574
f 1569 1571 1574
f 1572 1567 1574
f 1567 1568 1575
f 1569 1567 1575
f 1571 1569 1576
f 1564 1573 1576
f 1575 1564 1577
f 1569 1575 1577
f 1564 1576 1577
f 1576 1569 1577
f 1568 1570 1578
f 1573 1564 1578
f 1570 1573 1578
f 1575 1568 1578
f 1564 1575 1578
f 1571 1566 1579
f 1566 1572 1579
f 1574 1571 1579
f 1572 1574 1579
f 1566 1571 1580
f 1573 1566 1580
f 1571 1576 1580
f 1598 1589 1599
f 1581 1584 1585
f 1582 1583 1588
f 1585 1584 1588
f 1583 1582 1590
f 1582 1587 1590
f 1587 1585 1590
f 1588 1583 1590
f 1585 1588 1590
f 1585 1587 1591
f 1584 1581 1594
f 1589 1584 1594
f 1593 1589 1594
f 1591 1587 1595
f 1586 1593 1595
f 1593 1591 1595
f 1587 1582 1596
f 1582 1592 1596
f 1586 1595 1596
f 1595 1587 1596
f 1581 1585 1597
f 1585 1591 1597
f 1591 1593 1597
f 1593 1594 1597
f 1594 1581 1597
f 1582 1588 1598
f 1588 1584 1598
f 1584 1589 1598
f 1592 1582 1598
f 1592 1598 1599
f 1589 1593 1599
f 1593 1586 1599
f 1596 1592 1599
f 1586 1596 1599
f 1610 1605 1615
f 1603 1604 1606
f 1606 1604 1607
f 1600 1606 1607
f 1601 1602 1609
f 1603 1601 1609
f 1604 1603 1609
f 1604 1609 1610
f 1609 1602 1610
f 1601 1603 1611
f 1608 1601 1611
f 1602 1601 1612
f 1601 1608 1612
f 1610 1602 1612
f 1605 1610 1612
f 1607 1605 1613
f 1600 1607 1613
f 1608 1600 1613
f 1612 1608 1613
f 1605 1612 1613
f 1606 1600 1614
f 1603 1606 1614
f 1600 1608 1614
f 1611 1603 1614
f 1608 1611 1614
f 1607 1604 1615
f 1605 1607 1615
f 1604 1610 1615
f 1627 1622 1631
f 1617 1618 1623
f 1618 1620 1623
f 1622 1617 1625
f 1617 1623 1625
f 1623 1619 1625
f 1616 1619 1626
f 1620 1621 1626
f 1626 1621 1627
f 1621 1624 1627
f 1616 1626 1627
f 1619 1623 1628
f 1623 1620 1628
f 1626 1619 1628
f 1620 1626 1628
f 1618 1617 1629
f 1617 1622 1629
f 1624 1618 1629
f 1622 1627 1629
f 1627 1624 1629
f 1620 1618 1630
f 1621 1620 1630
f 1618 1624 1630
f 1624 1621 1630
f 1619 1616 1631
f 1625 1619 1631
f 1622 1625 1631
f 1616 1627 1631
f 1641 1633 1644
f 1633 1634 1636
f 1637 1632 1638
f 1637 1638 1639
f 1634 1633 1639
f 1635 1637 1639
f 1638 1634 1639
f 1632 1637 1640
f 1637 1635 1640
f 1639 1633 1641
f 1635 1639 1641
f 1636 1634 1642
f 1634 1638 1642
f 1638 1632 1642
f 1635 1636 1643
f 1632 1640 1643
f 1640 1635 1643
f 1642 1632 1643
f 1636 1642 1643
f 1636 1635 1644
f 1633 1636 1644
f 1635 1641 1644
f 1650 1655 1658
f 1649 1645 1650
f 1645 1649 1652
f 1647 1646 1653
f 1648 1647 1653
f 1646 1651 1653
f 1651 1648 1653
f 1649 1650 1654
f 1646 1647 1655
f 1650 1645 1655
f 1645 1652 1656
f 1652 1646 1656
f 1646 1655 1656
f 1655 1645 1656
f 1651 1646 1657
f 1648 1651 1657
f 1646 1652 1657
f 1652 1649 1657
f 1654 1648 1657
f 1649 1654 1657
f 1647 1648 1658
f 1648 1654 1658
f 1654 1650 1658
f 1655 1647 1658
f 1668 1665 1670
f 1660 1661 1662
f 1661 1660 1664
f 1663 1659 1664
f 1664 1659 1665
f 1659 1663 1665
f 1660 1662 1666
f 1664 1660 1666
f 1664 1666 1667
f 1663 1664 1667
f 1666 1663 1667
f 1661 1664 1668
f 1664 1665 1668
f 1662 1663 1669
f 1666 1662 1669
f 1663 1666 1669
f 1662 1661 1670
f 1663 1662 1670
f 1665 1663 1670
f 1661 1668 1670
f 1685 1671 1687
f 1673 1672 1674
f 1672 1673 1675
f 1674 1672 1679
f 1678 1674 1679
f 1672 1675 1680
f 1673 1674 1681
f 1674 1677 1681
f 1677 1675 1681
f 1675 1673 1682
f 1673 1681 1682
f 1681 1675 1682
f 1676 1678 1683
f 1679 1672 1683
f 1678 1679 1683
f 1675 1677 1684
f 1680 1675 1684
f 1671 1680 1684
f 1678 1676 1685
f 1676 1680 1685
f 1680 1671 1685
f 1672 1680 1686
f 1680 1676 1686
f 1683 1672 1686
f 1676 1683 1686
f 1677 1674 1687
f 1674 1678 1687
f 1684 1677 1687
f 1671 1684 1687
f 1678 1685 1687
f 1697 1696 1704
f 1689 1690 1691
f 1691 1688 1695
f 1692 1691 1695
f 1690 1689 1696
f 1689 1692 1696
f 1692 1695 1696
f 1690 1696 1697
f 1688 1691 1698
f 1694 1688 1699
f 1693 1697 1699
f 1697 1694 1699
f 1689 1691 1700
f 1691 1692 1700
f 1692 1689 1700
f 1691 1690 1701
f 1690 1697 1701
f 1697 1693 1701
f 1698 1691 1701
f 1693 1698 1701
f 1688 1698 1702
f 1698 1693 1702
f 1693 1699 1702
f 1699 1688 1702
f 1688 1694 1703
f 1695 1688 1703
f 1694 1696 1703
f 1696 1695 1703
f 1696 1694 1704
f 1694 1697 1704
f 1711 1716 1720
f 1709 1705 1712
f 1708 1709 1712
f 1705 1710 1712
f 1709 1708 1713
f 1707 1709 1713
f 1707 1706 1714
f 1711 1710 1715
f 1706 1707 1716
f 1710 1705 1717
f 1714 1706 1717
f 1705 1714 1717
f 1715 1710 1717
f 1706 1715 1717
f 1705 1709 1718
f 1709 1707 1718
f 1707 1714 1718
f 1714 1705 1718
f 1715 1706 1719
f 1711 1715 1719
f 1706 1716 1719
f 1716 1711 1719
f 1710 1711 1720
f 1708 1712 1720
f 1712 1710 1720
f 1707 1713 1720
f 1713 1708 1720
f 1716 1707 1720
f 1731 1722 1735
f 1722 1723 1724
f 1723 1722 1726
f 1726 1721 1728
f 1724 1723 1729
f 1725 1724 1729
f 1723 1725 1729
f 1721 1726 1730
f 1727 1730 1731
f 1726 1722 1731
f 1730 1726 1731
f 1723 1726 1732
f 1726 1728 1732
f 1724 1725 1733
f 1727 1724 1733
f 1728 1721 1733
f 1725 1728 1733
f 1721 1730 1733
f 1730 1727 1733
f 1725 1723 1734
f 1728 1725 1734
f 1723 1732 1734
f 1732 1728 1734
f 1722 1724 1735
f 1724 1727 1735
f 1727 1731 1735
f 1740 1742 1746
f 1739 1736 1740
f 1737 1738 1741
f 1736 1739 1741
f 1740 1736 1741
f 1738 1737 1742
f 1737 1741 1743
f 1741 1739 1743
f 1742 1737 1743
f 1739 1742 1743
f 1738 1742 1744
f 1742 1740 1744
f 1741 1738 1745
f 1740 1741 1745
f 1738 1744 1745
f 1744 1740 1745
f 1739 1740 1746
f 1742 1739 1746
f 1749 1756 1757
f 1749 1748 1750
f 1748 1749 1752
f 1750 1748 1752
f 1749 1750 1753
f 1750 1751 1753
f 1753 1751 1754
f 1751 1747 1754
f 1747 1751 1755
f 1751 1750 1755
f 1750 1752 1755
f 1752 1747 1755
f 1749 1753 1756
f 1753 1754 1756
f 1756 1754 1757
f 1752 1749 1757
f 1747 1752 1757
f 1754 1747 1757
f 1761 1766 1770
f 1762 1758 1764
f 1763 1759 1764
f 1758 1762 1765
f 1762 1760 1765
f 1760 1759 1766
f 1765 1760 1766
f 1759 1760 1767
f 1760 1762 1767
f 1764 1759 1767
f 1762 1764 1767
f 1761 1763 1768
f 1766 1761 1768
f 1765 1766 1768
f 1764 1758 1769
f 1763 1764 1769
f 1758 1765 1769
f 1768 1763 1769
f 1765 1768 1769
f 1759 1763 1770
f 1763 1761 1770
f 1766 1759 1770
f 1781 1779 1786
f 1774 1771 1775
f 1775 1772 1776
f 1772 1773 1776
f 1774 1775 1776
f 1775 1771 1777
f 1772 1775 1777
f 1774 1776 1779
f 1778 1779 1781
f 1773 1780 1781
f 1780 1771 1781
f 1771 1774 1782
f 1781 1771 1782
f 1778 1781 1782
f 1773 1772 1783
f 1772 1777 1783
f 1780 1773 1783
f 1774 1779 1784
f 1779 1778 1784
f 1782 1774 1784
f 1778 1782 1784
f 1777 1771 1785
f 1771 1780 1785
f 1783 1777 1785
f 1780 1783 1785
f 1776 1773 1786
f 1779 1776 1786
f 1773 1781 1786

