# https://github.com/mikedh/trimesh

o Object-1_Mesh-1.005
v -0.00102800 -0.07258100 0.03154300
v -0.00102800 -0.07258100 0.03154300
v -0.00102800 -0.07258100 0.03154300
v -0.00102800 -0.07258100 0.03154300
v 0.01042400 -0.07056200 0.03154300
v 0.01042400 -0.07056200 0.03154300
v 0.01042400 -0.07056200 0.03154300
v 0.01042400 -0.07056200 0.03154300
v -0.01109900 -0.06676700 0.03154300
v -0.01109900 -0.06676700 0.03154300
v -0.01109900 -0.06676700 0.03154300
v -0.01109900 -0.06676700 0.03154300
v 0.01789900 -0.06165400 0.03154300
v 0.01789900 -0.06165400 0.03154300
v 0.01789900 -0.06165400 0.03154300
v 0.01789900 -0.06165400 0.03154300
v -0.01507600 -0.05583900 0.03154300
v -0.01507600 -0.05583900 0.03154300
v -0.01507600 -0.05583900 0.03154300
v -0.01507600 -0.05583900 0.03154300
v 0.01789900 -0.05002500 0.03154300
v 0.01789900 -0.05002500 0.03154300
v 0.01789900 -0.05002500 0.03154300
v 0.01789900 -0.05002500 0.03154300
v -0.01109900 -0.04491200 0.03154300
v -0.01109900 -0.04491200 0.03154300
v -0.01109900 -0.04491200 0.03154300
v -0.01109900 -0.04491200 0.03154300
v 0.01042400 -0.04111700 0.03154300
v 0.01042400 -0.04111700 0.03154300
v 0.01042400 -0.04111700 0.03154300
v 0.01042400 -0.04111700 0.03154300
v -0.00102800 -0.03909800 0.03154300
v -0.00102800 -0.03909800 0.03154300
v -0.00102800 -0.03909800 0.03154300
v -0.00102800 -0.03909800 0.03154300
v 0.00491900 -0.07282700 0.03147600
v 0.00491900 -0.07282700 0.03147600
v 0.00491900 -0.07282700 0.03147600
v 0.00491900 -0.07282700 0.03147600
v 0.00491900 -0.07282700 0.03147600
v -0.00670100 -0.07077800 0.03147600
v -0.00670100 -0.07077800 0.03147600
v -0.00670100 -0.07077800 0.03147600
v -0.00670100 -0.07077800 0.03147600
v -0.00670100 -0.07077800 0.03147600
v 0.01513800 -0.06692700 0.03147600
v 0.01513800 -0.06692700 0.03147600
v 0.01513800 -0.06692700 0.03147600
v 0.01513800 -0.06692700 0.03147600
v 0.01513800 -0.06692700 0.03147600
v -0.01428600 -0.06173900 0.03147600
v -0.01428600 -0.06173900 0.03147600
v -0.01428600 -0.06173900 0.03147600
v -0.01428600 -0.06173900 0.03147600
v -0.01428600 -0.06173900 0.03147600
v 0.01917400 -0.05583900 0.03147600
v 0.01917400 -0.05583900 0.03147600
v 0.01917400 -0.05583900 0.03147600
v 0.01917400 -0.05583900 0.03147600
v 0.01917400 -0.05583900 0.03147600
v -0.01428600 -0.04993900 0.03147600
v -0.01428600 -0.04993900 0.03147600
v -0.01428600 -0.04993900 0.03147600
v -0.01428600 -0.04993900 0.03147600
v -0.01428600 -0.04993900 0.03147600
v 0.01513800 -0.04475100 0.03147600
v 0.01513800 -0.04475100 0.03147600
v 0.01513800 -0.04475100 0.03147600
v 0.01513800 -0.04475100 0.03147600
v 0.01513800 -0.04475100 0.03147600
v -0.00670100 -0.04090000 0.03147600
v -0.00670100 -0.04090000 0.03147600
v -0.00670100 -0.04090000 0.03147600
v -0.00670100 -0.04090000 0.03147600
v -0.00670100 -0.04090000 0.03147600
v 0.00491900 -0.03885100 0.03147600
v 0.00491900 -0.03885100 0.03147600
v 0.00491900 -0.03885100 0.03147600
v 0.00491900 -0.03885100 0.03147600
v 0.00491900 -0.03885100 0.03147600
v 0.00495100 -0.07300700 0.03129300
v 0.00495100 -0.07300700 0.03129300
v 0.00495100 -0.07300700 0.03129300
v 0.00495100 -0.07300700 0.03129300
v 0.00495100 -0.07300700 0.03129300
v -0.00679300 -0.07093700 0.03129300
v -0.00679300 -0.07093700 0.03129300
v -0.00679300 -0.07093700 0.03129300
v -0.00679300 -0.07093700 0.03129300
v -0.00679300 -0.07093700 0.03129300
v 0.01527800 -0.06704500 0.03129300
v 0.01527800 -0.06704500 0.03129300
v 0.01527800 -0.06704500 0.03129300
v 0.01527800 -0.06704500 0.03129300
v 0.01527800 -0.06704500 0.03129300
v -0.01445800 -0.06180200 0.03129300
v -0.01445800 -0.06180200 0.03129300
v -0.01445800 -0.06180200 0.03129300
v -0.01445800 -0.06180200 0.03129300
v -0.01445800 -0.06180200 0.03129300
v 0.01935700 -0.05583900 0.03129300
v 0.01935700 -0.05583900 0.03129300
v 0.01935700 -0.05583900 0.03129300
v 0.01935700 -0.05583900 0.03129300
v 0.01935700 -0.05583900 0.03129300
v -0.01445800 -0.04987700 0.03129300
v -0.01445800 -0.04987700 0.03129300
v -0.01445800 -0.04987700 0.03129300
v -0.01445800 -0.04987700 0.03129300
v -0.01445800 -0.04987700 0.03129300
v 0.01527800 -0.04463400 0.03129300
v 0.01527800 -0.04463400 0.03129300
v 0.01527800 -0.04463400 0.03129300
v 0.01527800 -0.04463400 0.03129300
v 0.01527800 -0.04463400 0.03129300
v -0.00679300 -0.04074200 0.03129300
v -0.00679300 -0.04074200 0.03129300
v -0.00679300 -0.04074200 0.03129300
v -0.00679300 -0.04074200 0.03129300
v -0.00679300 -0.04074200 0.03129300
v 0.00495100 -0.03867100 0.03129300
v 0.00495100 -0.03867100 0.03129300
v 0.00495100 -0.03867100 0.03129300
v 0.00495100 -0.03867100 0.03129300
v 0.00495100 -0.03867100 0.03129300
v -0.00111500 -0.07307300 0.03104300
v -0.00111500 -0.07307300 0.03104300
v -0.00111500 -0.07307300 0.03104300
v -0.00111500 -0.07307300 0.03104300
v -0.00111500 -0.07307300 0.03104300
v -0.00111500 -0.07307300 0.03104300
v 0.01067400 -0.07099500 0.03104300
v 0.01067400 -0.07099500 0.03104300
v 0.01067400 -0.07099500 0.03104300
v 0.01067400 -0.07099500 0.03104300
v 0.01067400 -0.07099500 0.03104300
v 0.01067400 -0.07099500 0.03104300
v 0.01067400 -0.07099500 0.03104300
v -0.01148200 -0.06708800 0.03104300
v -0.01148200 -0.06708800 0.03104300
v -0.01148200 -0.06708800 0.03104300
v -0.01148200 -0.06708800 0.03104300
v -0.01148200 -0.06708800 0.03104300
v -0.01148200 -0.06708800 0.03104300
v -0.01148200 -0.06708800 0.03104300
v 0.01836800 -0.06182500 0.03104300
v 0.01836800 -0.06182500 0.03104300
v 0.01836800 -0.06182500 0.03104300
v 0.01836800 -0.06182500 0.03104300
v 0.01836800 -0.06182500 0.03104300
v 0.01836800 -0.06182500 0.03104300
v -0.01557600 -0.05583900 0.03104300
v -0.01557600 -0.05583900 0.03104300
v -0.01557600 -0.05583900 0.03104300
v -0.01557600 -0.05583900 0.03104300
v -0.01557600 -0.05583900 0.03104300
v -0.01557600 -0.05583900 0.03104300
v 0.01836800 -0.04985400 0.03104300
v 0.01836800 -0.04985400 0.03104300
v 0.01836800 -0.04985400 0.03104300
v 0.01836800 -0.04985400 0.03104300
v 0.01836800 -0.04985400 0.03104300
v 0.01836800 -0.04985400 0.03104300
v 0.01836800 -0.04985400 0.03104300
v -0.01148200 -0.04459000 0.03104300
v -0.01148200 -0.04459000 0.03104300
v -0.01148200 -0.04459000 0.03104300
v -0.01148200 -0.04459000 0.03104300
v -0.01148200 -0.04459000 0.03104300
v -0.01148200 -0.04459000 0.03104300
v -0.01148200 -0.04459000 0.03104300
v -0.01148200 -0.04459000 0.03104300
v 0.01067400 -0.04068400 0.03104300
v 0.01067400 -0.04068400 0.03104300
v 0.01067400 -0.04068400 0.03104300
v 0.01067400 -0.04068400 0.03104300
v 0.01067400 -0.04068400 0.03104300
v 0.01067400 -0.04068400 0.03104300
v 0.01067400 -0.04068400 0.03104300
v -0.00111500 -0.03860500 0.03104300
v -0.00111500 -0.03860500 0.03104300
v -0.00111500 -0.03860500 0.03104300
v -0.00111500 -0.03860500 0.03104300
v -0.00111500 -0.03860500 0.03104300
v -0.00111500 -0.03860500 0.03104300
v -0.00111500 -0.03860500 0.03104300
v -0.00111500 -0.03860500 0.03104300
v 0.00539700 -0.10583900 0.01873900
v 0.00539700 -0.10583900 0.01873900
v 0.00539700 -0.10583900 0.01873900
v 0.00539700 -0.10583900 0.01873900
v 0.00192400 -0.09831300 0.01864900
v 0.00192400 -0.09831300 0.01864900
v 0.00192400 -0.09831300 0.01864900
v 0.00192400 -0.09831300 0.01864900
v 0.00192400 -0.09831300 0.01864900
v 0.00192400 -0.09831300 0.01864900
v -0.00146800 -0.09807400 0.01827700
v -0.00146800 -0.09807400 0.01827700
v -0.00146800 -0.09807400 0.01827700
v -0.00146800 -0.09807400 0.01827700
v -0.00146800 -0.09807400 0.01827700
v 0.00192400 -0.09783900 0.01814900
v 0.00192400 -0.09783900 0.01814900
v 0.00192400 -0.09783900 0.01814900
v 0.00192400 -0.09783900 0.01814900
v -0.00143600 -0.09790200 0.01809800
v -0.00143600 -0.09790200 0.01809800
v -0.00143600 -0.09790200 0.01809800
v -0.00143600 -0.09790200 0.01809800
v -0.00143600 -0.09790200 0.01809800
v -0.00557900 -0.09831300 0.01715600
v -0.00557900 -0.09831300 0.01715600
v -0.00557900 -0.09831300 0.01715600
v -0.00557900 -0.09831300 0.01715600
v -0.00557900 -0.09831300 0.01715600
v 0.00942700 -0.09831300 0.01715600
v 0.00942700 -0.09831300 0.01715600
v 0.00942700 -0.09831300 0.01715600
v 0.00942700 -0.09831300 0.01715600
v 0.00942700 -0.09831300 0.01715600
v 0.00192400 -0.07333900 0.01704300
v 0.00192400 -0.07333900 0.01704300
v 0.00192400 -0.07333900 0.01704300
v 0.00192400 -0.07333900 0.01704300
v 0.00192400 -0.07333900 0.01704300
v 0.00192400 -0.07333900 0.01704300
v 0.00022300 -0.07329100 0.01677400
v 0.00022300 -0.07329100 0.01677400
v 0.00022300 -0.07329100 0.01677400
v 0.00022300 -0.07329100 0.01677400
v 0.00022300 -0.07329100 0.01677400
v 0.00022300 -0.07329100 0.01677400
v 0.00504900 -0.09783900 0.01677000
v 0.00504900 -0.09783900 0.01677000
v 0.00504900 -0.09783900 0.01677000
v 0.00504900 -0.09783900 0.01677000
v -0.00538800 -0.09783900 0.01669500
v -0.00538800 -0.09783900 0.01669500
v -0.00538800 -0.09783900 0.01669500
v -0.00538800 -0.09783900 0.01669500
v 0.00923500 -0.09783900 0.01669500
v 0.00923500 -0.09783900 0.01669500
v 0.00923500 -0.09783900 0.01669500
v 0.00022800 -0.07340300 0.01660600
v 0.00022800 -0.07340300 0.01660600
v 0.00022800 -0.07340300 0.01660600
v 0.00022800 -0.07340300 0.01660600
v 0.00022800 -0.07340300 0.01660600
v 0.00022800 -0.07340300 0.01660600
v 0.00192400 -0.07383900 0.01654300
v 0.00192400 -0.07383900 0.01654300
v 0.00192400 -0.07383900 0.01654300
v 0.00192400 -0.07383900 0.01654300
v 0.00192400 -0.07383900 0.01654300
v 0.00192400 -0.07383900 0.01654300
v -0.00115800 -0.09777200 0.01652300
v -0.00115800 -0.09777200 0.01652300
v -0.00115800 -0.09777200 0.01652300
v -0.00115800 -0.09777200 0.01652300
v -0.00115800 -0.09777200 0.01652300
v 0.00531100 -0.07304300 0.01652000
v 0.00531100 -0.07304300 0.01652000
v 0.00531100 -0.07304300 0.01652000
v 0.00531100 -0.07304300 0.01652000
v 0.00531100 -0.07304300 0.01652000
v 0.00531100 -0.07304300 0.01652000
v 0.00022300 -0.07357000 0.01649500
v 0.00022300 -0.07357000 0.01649500
v 0.00022300 -0.07357000 0.01649500
v 0.00022300 -0.07357000 0.01649500
v 0.00022300 -0.07357000 0.01649500
v 0.00022300 -0.07357000 0.01649500
v -0.00807600 -0.10583900 0.01636400
v -0.00807600 -0.10583900 0.01636400
v -0.00807600 -0.10583900 0.01636400
v -0.00807600 -0.10583900 0.01636400
v -0.00807600 -0.10583900 0.01636400
v 0.00530000 -0.07315300 0.01635700
v 0.00530000 -0.07315300 0.01635700
v 0.00530000 -0.07315300 0.01635700
v 0.00530000 -0.07315300 0.01635700
v 0.00530000 -0.07315300 0.01635700
v 0.00530000 -0.07315300 0.01635700
v -0.00112700 -0.09758900 0.01634300
v -0.00112700 -0.09758900 0.01634300
v -0.00112700 -0.09758900 0.01634300
v -0.00112700 -0.09758900 0.01634300
v -0.00112700 -0.09758900 0.01634300
v 0.00496300 -0.09733900 0.01627700
v 0.00496300 -0.09733900 0.01627700
v 0.00496300 -0.09733900 0.01627700
v 0.00496300 -0.09733900 0.01627700
v 0.00496300 -0.09733900 0.01627700
v 0.00496300 -0.09733900 0.01627700
v 0.00531100 -0.07331700 0.01624700
v 0.00531100 -0.07331700 0.01624700
v 0.00531100 -0.07331700 0.01624700
v 0.00531100 -0.07331700 0.01624700
v 0.00531100 -0.07331700 0.01624700
v 0.00531100 -0.07331700 0.01624700
v 0.01168900 -0.09807400 0.01595700
v 0.01168900 -0.09807400 0.01595700
v 0.01168900 -0.09807400 0.01595700
v 0.01168900 -0.09807400 0.01595700
v 0.01168900 -0.09807400 0.01595700
v 0.01168900 -0.09807400 0.01595700
v 0.01159800 -0.09790200 0.01580000
v 0.01159800 -0.09790200 0.01580000
v 0.01159800 -0.09790200 0.01580000
v 0.01159800 -0.09790200 0.01580000
v 0.01159800 -0.09790200 0.01580000
v 0.01159800 -0.09790200 0.01580000
v -0.00477300 -0.07200700 0.01567300
v -0.00477300 -0.07200700 0.01567300
v -0.00477300 -0.07200700 0.01567300
v -0.00477300 -0.07200700 0.01567300
v -0.00477300 -0.07200700 0.01567300
v -0.00477300 -0.07200700 0.01567300
v 0.00862100 -0.07200700 0.01567300
v 0.00862100 -0.07200700 0.01567300
v 0.00862100 -0.07200700 0.01567300
v 0.00862100 -0.07200700 0.01567300
v 0.00862100 -0.07200700 0.01567300
v -0.00472900 -0.07205700 0.01551500
v -0.00472900 -0.07205700 0.01551500
v -0.00472900 -0.07205700 0.01551500
v -0.00472900 -0.07205700 0.01551500
v -0.00472900 -0.07205700 0.01551500
v -0.00472900 -0.07205700 0.01551500
v -0.00471200 -0.07216400 0.01536800
v -0.00471200 -0.07216400 0.01536800
v -0.00471200 -0.07216400 0.01536800
v -0.00471200 -0.07216400 0.01536800
v -0.00471200 -0.07216400 0.01536800
v -0.00471200 -0.07216400 0.01536800
v -0.00472900 -0.07231100 0.01526100
v -0.00472900 -0.07231100 0.01526100
v -0.00472900 -0.07231100 0.01526100
v -0.00472900 -0.07231100 0.01526100
v -0.00472900 -0.07231100 0.01526100
v -0.00472900 -0.07231100 0.01526100
v -0.00477300 -0.07246900 0.01521100
v -0.00477300 -0.07246900 0.01521100
v -0.00477300 -0.07246900 0.01521100
v -0.00477300 -0.07246900 0.01521100
v -0.00477300 -0.07246900 0.01521100
v 0.00862100 -0.07246900 0.01521100
v 0.00862100 -0.07246900 0.01521100
v 0.00862100 -0.07246900 0.01521100
v 0.00862100 -0.07246900 0.01521100
v 0.00862100 -0.07246900 0.01521100
v 0.00862100 -0.07246900 0.01521100
v -0.00707600 -0.09783900 0.01463200
v -0.00707600 -0.09783900 0.01463200
v -0.00707600 -0.09783900 0.01463200
v -0.00707600 -0.09783900 0.01463200
v 0.01079900 -0.09777200 0.01441500
v 0.01079900 -0.09777200 0.01441500
v 0.01079900 -0.09777200 0.01441500
v 0.01079900 -0.09777200 0.01441500
v 0.01079900 -0.09777200 0.01441500
v 0.01070700 -0.09758900 0.01425700
v 0.01070700 -0.09758900 0.01425700
v 0.01070700 -0.09758900 0.01425700
v 0.01070700 -0.09758900 0.01425700
v 0.01070700 -0.09758900 0.01425700
v -0.00682600 -0.09733900 0.01419900
v -0.00682600 -0.09733900 0.01419900
v -0.00682600 -0.09733900 0.01419900
v -0.00682600 -0.09733900 0.01419900
v -0.00682600 -0.09733900 0.01419900
v -0.00682600 -0.09733900 0.01419900
v -0.00682600 -0.09733900 0.01419900
v -0.01193900 -0.09831300 0.01290600
v -0.01193900 -0.09831300 0.01290600
v -0.01193900 -0.09831300 0.01290600
v -0.01193900 -0.09831300 0.01290600
v -0.01193900 -0.09831300 0.01290600
v 0.01578700 -0.09831300 0.01290600
v 0.01578700 -0.09831300 0.01290600
v 0.01578700 -0.09831300 0.01290600
v 0.01578700 -0.09831300 0.01290600
v 0.01578700 -0.09831300 0.01290600
v -0.01158600 -0.09783900 0.01255300
v -0.01158600 -0.09783900 0.01255300
v -0.01158600 -0.09783900 0.01255300
v 0.01543400 -0.09783900 0.01255300
v 0.01543400 -0.09783900 0.01255300
v 0.01543400 -0.09783900 0.01255300
v 0.01543400 -0.09783900 0.01255300
v 0.00196400 -0.03833900 0.01204300
v 0.00196400 -0.03833900 0.01204300
v 0.00196400 -0.03833900 0.01204300
v 0.00196400 -0.03833900 0.01204300
v 0.00196400 -0.03833900 0.01204300
v 0.01724500 -0.10583900 0.01189900
v 0.01724500 -0.10583900 0.01189900
v 0.01724500 -0.10583900 0.01189900
v 0.01724500 -0.10583900 0.01189900
v 0.01724500 -0.10583900 0.01189900
v -0.01045100 -0.06821400 0.01177100
v -0.01045100 -0.06821400 0.01177100
v -0.01045100 -0.06821400 0.01177100
v -0.01045100 -0.06821400 0.01177100
v -0.01045100 -0.06821400 0.01177100
v 0.01429800 -0.06821400 0.01177100
v 0.01429800 -0.06821400 0.01177100
v 0.01429800 -0.06821400 0.01177100
v 0.01429800 -0.06821400 0.01177100
v 0.01429800 -0.06821400 0.01177100
v 0.01429800 -0.06821400 0.01177100
v 0.00348900 -0.03837500 0.01175900
v 0.00348900 -0.03837500 0.01175900
v 0.00348900 -0.03837500 0.01175900
v 0.00348900 -0.03837500 0.01175900
v 0.00348900 -0.03837500 0.01175900
v 0.01425800 -0.06827700 0.01166700
v 0.01425800 -0.06827700 0.01166700
v 0.01425800 -0.06827700 0.01166700
v 0.01425800 -0.06827700 0.01166700
v 0.01425800 -0.06827700 0.01166700
v 0.01425800 -0.06827700 0.01166700
v -0.01303700 -0.09807400 0.01159700
v -0.01303700 -0.09807400 0.01159700
v -0.01303700 -0.09807400 0.01159700
v -0.01303700 -0.09807400 0.01159700
v -0.01303700 -0.09807400 0.01159700
v -0.01303700 -0.09807400 0.01159700
v 0.00347800 -0.03826300 0.01159200
v 0.00347800 -0.03826300 0.01159200
v 0.00347800 -0.03826300 0.01159200
v 0.00347800 -0.03826300 0.01159200
v 0.00347800 -0.03826300 0.01159200
v 0.01424300 -0.06836300 0.01156700
v 0.01424300 -0.06836300 0.01156700
v 0.01424300 -0.06836300 0.01156700
v 0.01424300 -0.06836300 0.01156700
v 0.01424300 -0.06836300 0.01156700
v 0.01424300 -0.06836300 0.01156700
v 0.00196500 -0.03783900 0.01154300
v 0.00196500 -0.03783900 0.01154300
v 0.00196500 -0.03783900 0.01154300
v 0.00196500 -0.03783900 0.01154300
v 0.00196500 -0.03783900 0.01154300
v 0.00196500 -0.03783900 0.01154300
v 0.01425800 -0.06846300 0.01148100
v 0.01425800 -0.06846300 0.01148100
v 0.01425800 -0.06846300 0.01148100
v 0.01425800 -0.06846300 0.01148100
v 0.01425800 -0.06846300 0.01148100
v 0.01425800 -0.06846300 0.01148100
v 0.00348000 -0.03809500 0.01148100
v 0.00348000 -0.03809500 0.01148100
v 0.00348000 -0.03809500 0.01148100
v 0.00348000 -0.03809500 0.01148100
v 0.00348000 -0.03809500 0.01148100
v 0.00348000 -0.03809500 0.01148100
v -0.01289800 -0.09790200 0.01148000
v -0.01289800 -0.09790200 0.01148000
v -0.01289800 -0.09790200 0.01148000
v -0.01289800 -0.09790200 0.01148000
v -0.01289800 -0.09790200 0.01148000
v -0.01289800 -0.09790200 0.01148000
v 0.20167400 0.14416100 0.01147600
v 0.20167400 0.14416100 0.01147600
v 0.20167400 0.14416100 0.01147600
v 0.20167400 0.14416100 0.01147600
v 0.20167400 0.14416100 0.01147600
v -0.00124300 -0.03859400 0.01144500
v -0.00124300 -0.03859400 0.01144500
v -0.00124300 -0.03859400 0.01144500
v -0.00124300 -0.03859400 0.01144500
v -0.00124300 -0.03859400 0.01144500
v -0.00124300 -0.03859400 0.01144500
v -0.01045100 -0.06856700 0.01141800
v -0.01045100 -0.06856700 0.01141800
v -0.01045100 -0.06856700 0.01141800
v -0.01045100 -0.06856700 0.01141800
v -0.01045100 -0.06856700 0.01141800
v -0.01045100 -0.06856700 0.01141800
v 0.01429800 -0.06856700 0.01141800
v 0.01429800 -0.06856700 0.01141800
v 0.01429800 -0.06856700 0.01141800
v 0.01429800 -0.06856700 0.01141800
v 0.01429800 -0.06856700 0.01141800
v 0.00409400 0.09416100 0.01135300
v 0.00409400 0.09416100 0.01135300
v 0.00409400 0.09416100 0.01135300
v 0.00409400 0.09416100 0.01135300
v 0.00409400 0.09416100 0.01135300
v 0.01050200 0.11807600 0.01135300
v 0.01050200 0.11807600 0.01135300
v 0.01050200 0.11807600 0.01135300
v 0.01050200 0.11807600 0.01135300
v 0.02800900 0.13558200 0.01135300
v 0.02800900 0.13558200 0.01135300
v 0.02800900 0.13558200 0.01135300
v 0.02800900 0.13558200 0.01135300
v 0.05192400 0.14199000 0.01135300
v 0.05192400 0.14199000 0.01135300
v 0.05192400 0.14199000 0.01135300
v 0.05192400 0.14199000 0.01135300
v 0.05192400 0.14199000 0.01135300
v 0.05192400 0.14199000 0.01135300
v 0.20185700 0.14416100 0.01129300
v 0.20185700 0.14416100 0.01129300
v 0.20185700 0.14416100 0.01129300
v 0.20185700 0.14416100 0.01129300
v 0.20185700 0.14416100 0.01129300
v 0.20185700 0.14416100 0.01129300
v -0.00122100 -0.03848300 0.01128400
v -0.00122100 -0.03848300 0.01128400
v -0.00122100 -0.03848300 0.01128400
v -0.00122100 -0.03848300 0.01128400
v -0.00122100 -0.03848300 0.01128400
v -0.00122300 -0.03832000 0.01117500
v -0.00122300 -0.03832000 0.01117500
v -0.00122300 -0.03832000 0.01117500
v -0.00122300 -0.03832000 0.01117500
v -0.00122300 -0.03832000 0.01117500
v -0.00306500 -0.03906500 0.01098700
v -0.00306500 -0.03906500 0.01098700
v -0.00306500 -0.03906500 0.01098700
v -0.00306500 -0.03906500 0.01098700
v -0.00306500 -0.03906500 0.01098700
v 0.00699200 -0.03908900 0.01095200
v 0.00699200 -0.03908900 0.01095200
v 0.00699200 -0.03908900 0.01095200
v 0.00699200 -0.03908900 0.01095200
v 0.00699200 -0.03908900 0.01095200
v 0.00699200 -0.03908900 0.01095200
v 0.20142400 0.13988600 0.01078900
v 0.20142400 0.13988600 0.01078900
v 0.20142400 0.13988600 0.01078900
v 0.20142400 0.13988600 0.01078900
v 0.20142400 0.13988600 0.01078900
v 0.20142400 0.13988600 0.01078900
v 0.20142400 0.13988600 0.01078900
v 0.20142400 0.14843600 0.01078900
v 0.20142400 0.14843600 0.01078900
v 0.20142400 0.14843600 0.01078900
v 0.20142400 0.14843600 0.01078900
v 0.20142400 0.14843600 0.01078900
v 0.20142400 0.14843600 0.01078900
v 0.01571300 -0.09783900 0.01061300
v 0.01571300 -0.09783900 0.01061300
v 0.01571300 -0.09783900 0.01061300
v 0.01571300 -0.09783900 0.01061300
v -0.00296600 -0.03857300 0.01054700
v -0.00296600 -0.03857300 0.01054700
v -0.00296600 -0.03857300 0.01054700
v -0.00296600 -0.03857300 0.01054700
v -0.00296600 -0.03857300 0.01054700
v 0.00689500 -0.03859800 0.01051200
v 0.00689500 -0.03859800 0.01051200
v 0.00689500 -0.03859800 0.01051200
v 0.00689500 -0.03859800 0.01051200
v 0.00689500 -0.03859800 0.01051200
v 0.00689500 -0.03859800 0.01051200
v -0.01167400 -0.09777200 0.01045300
v -0.01167400 -0.09777200 0.01045300
v -0.01167400 -0.09777200 0.01045300
v -0.01167400 -0.09777200 0.01045300
v -0.01167400 -0.09777200 0.01045300
v -0.01153300 -0.09758900 0.01033500
v -0.01153300 -0.09758900 0.01033500
v -0.01153300 -0.09758900 0.01033500
v -0.01153300 -0.09758900 0.01033500
v -0.01153300 -0.09758900 0.01033500
v 0.20192400 0.14005700 0.01031900
v 0.20192400 0.14005700 0.01031900
v 0.20192400 0.14005700 0.01031900
v 0.20192400 0.14005700 0.01031900
v 0.20192400 0.14826500 0.01031900
v 0.20192400 0.14826500 0.01031900
v 0.20192400 0.14826500 0.01031900
v 0.20192400 0.14826500 0.01031900
v 0.00791500 -0.03936600 0.01030700
v 0.00791500 -0.03936600 0.01030700
v 0.00791500 -0.03936600 0.01030700
v 0.00791500 -0.03936600 0.01030700
v 0.00791500 -0.03936600 0.01030700
v 0.00791500 -0.03936600 0.01030700
v 0.01533000 -0.09733900 0.01029200
v 0.01533000 -0.09733900 0.01029200
v 0.01533000 -0.09733900 0.01029200
v 0.01533000 -0.09733900 0.01029200
v 0.01533000 -0.09733900 0.01029200
v 0.01533000 -0.09733900 0.01029200
v 0.01533000 -0.09733900 0.01029200
v 0.00787900 -0.03925700 0.01016800
v 0.00787900 -0.03925700 0.01016800
v 0.00787900 -0.03925700 0.01016800
v 0.00787900 -0.03925700 0.01016800
v 0.00787900 -0.03925700 0.01016800
v 0.00787900 -0.03925700 0.01016800
v 0.00787900 -0.03910900 0.01006600
v 0.00787900 -0.03910900 0.01006600
v 0.00787900 -0.03910900 0.01006600
v 0.00787900 -0.03910900 0.01006600
v 0.00787900 -0.03910900 0.01006600
v 0.00787900 -0.03910900 0.01006600
v -0.00432600 0.09416100 0.00986800
v -0.00432600 0.09416100 0.00986800
v -0.00432600 0.09416100 0.00986800
v -0.00432600 0.09416100 0.00986800
v -0.00432600 0.09416100 0.00986800
v -0.00432600 0.09416100 0.00986800
v 0.00321000 0.12228600 0.00986800
v 0.00321000 0.12228600 0.00986800
v 0.00321000 0.12228600 0.00986800
v 0.00321000 0.12228600 0.00986800
v 0.02379900 0.14287500 0.00986800
v 0.02379900 0.14287500 0.00986800
v 0.02379900 0.14287500 0.00986800
v 0.02379900 0.14287500 0.00986800
v 0.05192400 0.15041100 0.00986800
v 0.05192400 0.15041100 0.00986800
v 0.05192400 0.15041100 0.00986800
v 0.05192400 0.15041100 0.00986800
v 0.05192400 0.15041100 0.00986800
v -0.00539600 -0.03991500 0.00945900
v -0.00539600 -0.03991500 0.00945900
v -0.00539600 -0.03991500 0.00945900
v -0.00539600 -0.03991500 0.00945900
v -0.00539600 -0.03991500 0.00945900
v -0.00539600 -0.03991500 0.00945900
v -0.00535600 -0.03980900 0.00933400
v -0.00535600 -0.03980900 0.00933400
v -0.00535600 -0.03980900 0.00933400
v -0.00535600 -0.03980900 0.00933400
v -0.00535600 -0.03980900 0.00933400
v -0.00535600 -0.03980900 0.00933400
v -0.00535200 -0.03966900 0.00923900
v -0.00535200 -0.03966900 0.00923900
v -0.00535200 -0.03966900 0.00923900
v -0.00535200 -0.03966900 0.00923900
v -0.00535200 -0.03966900 0.00923900
v -0.00535200 -0.03966900 0.00923900
v 0.18994000 0.13679100 0.00913900
v 0.18994000 0.13679100 0.00913900
v 0.18994000 0.13679100 0.00913900
v 0.18994000 0.13679100 0.00913900
v 0.18994000 0.13679100 0.00913900
v 0.18994000 0.13679100 0.00913900
v 0.19002300 0.13672400 0.00909800
v 0.19002300 0.13672400 0.00909800
v 0.19002300 0.13672400 0.00909800
v 0.19002300 0.13672400 0.00909800
v 0.19002300 0.13672400 0.00909800
v 0.19002300 0.13672400 0.00909800
v 0.19002300 0.13672400 0.00909800
v 0.19002200 0.13665100 0.00906700
v 0.19002200 0.13665100 0.00906700
v 0.19002200 0.13665100 0.00906700
v 0.19002200 0.13665100 0.00906700
v 0.19002200 0.13665100 0.00906700
v 0.19002200 0.13665100 0.00906700
v 0.19002100 0.13657400 0.00904900
v 0.19002100 0.13657400 0.00904900
v 0.19002100 0.13657400 0.00904900
v 0.19002100 0.13657400 0.00904900
v 0.19002100 0.13657400 0.00904900
v 0.19002100 0.13657400 0.00904900
v 0.19002100 0.13657400 0.00904900
v 0.18994300 0.13649600 0.00904300
v 0.18994300 0.13649600 0.00904300
v 0.18994300 0.13649600 0.00904300
v 0.18994300 0.13649600 0.00904300
v -0.01260000 -0.06562000 0.00896700
v -0.01260000 -0.06562000 0.00896700
v -0.01260000 -0.06562000 0.00896700
v -0.01260000 -0.06562000 0.00896700
v -0.01260000 -0.06562000 0.00896700
v -0.01259100 -0.06568800 0.00889200
v -0.01259100 -0.06568800 0.00889200
v -0.01259100 -0.06568800 0.00889200
v -0.01259100 -0.06568800 0.00889200
v -0.01259100 -0.06568800 0.00889200
v 0.18818800 0.12916100 0.00889100
v 0.18818800 0.12916100 0.00889100
v 0.18818800 0.12916100 0.00889100
v 0.18818800 0.12916100 0.00889100
v 0.18818800 0.12916100 0.00889100
v 0.18818800 0.12916100 0.00889100
v 0.18818800 0.12916100 0.00889100
v 0.19164900 0.12891100 0.00882500
v 0.19164900 0.12891100 0.00882500
v 0.19164900 0.12891100 0.00882500
v 0.19164900 0.12891100 0.00882500
v 0.19164900 0.12891100 0.00882500
v -0.01260000 -0.06576300 0.00882400
v -0.01260000 -0.06576300 0.00882400
v -0.01260000 -0.06576300 0.00882400
v -0.01260000 -0.06576300 0.00882400
v 0.19161700 0.12872800 0.00864500
v 0.19161700 0.12872800 0.00864500
v 0.19161700 0.12872800 0.00864500
v 0.19161700 0.12872800 0.00864500
v 0.19161700 0.12872800 0.00864500
v 0.20167400 0.13616900 0.00856700
v 0.20167400 0.13616900 0.00856700
v 0.20167400 0.13616900 0.00856700
v 0.20167400 0.13616900 0.00856700
v 0.20167400 0.13616900 0.00856700
v 0.20167400 0.13616900 0.00856700
v 0.20167400 0.15215300 0.00856700
v 0.20167400 0.15215300 0.00856700
v 0.20167400 0.15215300 0.00856700
v 0.20167400 0.15215300 0.00856700
v 0.20167400 0.15215300 0.00856700
v 0.20167400 0.15215300 0.00856700
v 0.20185700 0.13628700 0.00842700
v 0.20185700 0.13628700 0.00842700
v 0.20185700 0.13628700 0.00842700
v 0.20185700 0.13628700 0.00842700
v 0.20185700 0.13628700 0.00842700
v 0.20185700 0.15203500 0.00842700
v 0.20185700 0.15203500 0.00842700
v 0.20185700 0.15203500 0.00842700
v 0.20185700 0.15203500 0.00842700
v 0.20185700 0.15203500 0.00842700
v 0.20185700 0.15203500 0.00842700
v 0.18827400 0.12866100 0.00839900
v 0.18827400 0.12866100 0.00839900
v 0.18827400 0.12866100 0.00839900
v 0.18827400 0.12866100 0.00839900
v 0.18588500 0.13583000 0.00836300
v 0.18588500 0.13583000 0.00836300
v 0.18588500 0.13583000 0.00836300
v 0.18588500 0.13583000 0.00836300
v 0.18588500 0.13583000 0.00836300
v 0.19398200 0.13582200 0.00835500
v 0.19398200 0.13582200 0.00835500
v 0.19398200 0.13582200 0.00835500
v 0.19398200 0.13582200 0.00835500
v 0.19398200 0.13582200 0.00835500
v 0.19398200 0.13582200 0.00835500
v 0.19398200 0.13582200 0.00835500
v 0.19393000 0.13575200 0.00830600
v 0.19393000 0.13575200 0.00830600
v 0.19393000 0.13575200 0.00830600
v 0.19393000 0.13575200 0.00830600
v 0.19393000 0.13575200 0.00830600
v 0.19387800 0.13566900 0.00827300
v 0.19387800 0.13566900 0.00827300
v 0.19387800 0.13566900 0.00827300
v 0.19387800 0.13566900 0.00827300
v 0.19387800 0.13566900 0.00827300
v 0.19387800 0.13566900 0.00827300
v 0.19383000 0.13558000 0.00826000
v 0.19383000 0.13558000 0.00826000
v 0.19383000 0.13558000 0.00826000
v 0.19383000 0.13558000 0.00826000
v 0.19383000 0.13558000 0.00826000
v 0.18601200 0.13546500 0.00824600
v 0.18601200 0.13546500 0.00824600
v 0.18601200 0.13546500 0.00824600
v 0.18601200 0.13546500 0.00824600
v 0.18601200 0.13546500 0.00824600
v 0.18601200 0.13546500 0.00824600
v 0.19385900 0.13545300 0.00823600
v 0.19385900 0.13545300 0.00823600
v 0.19385900 0.13545300 0.00823600
v 0.19385900 0.13545300 0.00823600
v 0.19385900 0.13545300 0.00823600
v 0.19385900 0.13545300 0.00823600
v 0.19385900 0.13545300 0.00823600
v 0.18566100 0.13563100 0.00819500
v 0.18566100 0.13563100 0.00819500
v 0.18566100 0.13563100 0.00819500
v 0.18566100 0.13563100 0.00819500
v 0.18566100 0.13563100 0.00819500
v 0.18566100 0.13563100 0.00819500
v 0.18571700 0.13554800 0.00816300
v 0.18571700 0.13554800 0.00816300
v 0.18571700 0.13554800 0.00816300
v 0.18571700 0.13554800 0.00816300
v 0.18571700 0.13554800 0.00816300
v 0.18571700 0.13554800 0.00816300
v -0.00708600 -0.04083700 0.00816000
v -0.00708600 -0.04083700 0.00816000
v -0.00708600 -0.04083700 0.00816000
v -0.00708600 -0.04083700 0.00816000
v -0.00708600 -0.04083700 0.00816000
v -0.00708600 -0.04083700 0.00816000
v 0.18576700 0.13545600 0.00815000
v 0.18576700 0.13545600 0.00815000
v 0.18576700 0.13545600 0.00815000
v 0.18576700 0.13545600 0.00815000
v 0.18576700 0.13545600 0.00815000
v 0.18576700 0.13545600 0.00815000
v 0.01096900 -0.04085800 0.00812300
v 0.01096900 -0.04085800 0.00812300
v 0.01096900 -0.04085800 0.00812300
v 0.01096900 -0.04085800 0.00812300
v 0.01096900 -0.04085800 0.00812300
v -0.00693300 -0.04037500 0.00786400
v -0.00693300 -0.04037500 0.00786400
v -0.00693300 -0.04037500 0.00786400
v -0.00693300 -0.04037500 0.00786400
v -0.00693300 -0.04037500 0.00786400
v -0.00693300 -0.04037500 0.00786400
v 0.01081800 -0.04039800 0.00782600
v 0.01081800 -0.04039800 0.00782600
v 0.01081800 -0.04039800 0.00782600
v 0.01081800 -0.04039800 0.00782600
v 0.01081800 -0.04039800 0.00782600
v 0.19492400 0.12916100 0.00770300
v 0.19492400 0.12916100 0.00770300
v 0.19492400 0.12916100 0.00770300
v 0.19492400 0.12916100 0.00770300
v 0.19492400 0.12916100 0.00770300
v 0.19492400 0.12916100 0.00770300
v 0.19492400 0.12916100 0.00770300
v 0.18495700 0.12891100 0.00764500
v 0.18495700 0.12891100 0.00764500
v 0.18495700 0.12891100 0.00764500
v 0.18495700 0.12891100 0.00764500
v 0.18495700 0.12891100 0.00764500
v 0.18495700 0.12891100 0.00764500
v 0.18504900 0.12872800 0.00748700
v 0.18504900 0.12872800 0.00748700
v 0.18504900 0.12872800 0.00748700
v 0.18504900 0.12872800 0.00748700
v 0.18504900 0.12872800 0.00748700
v 0.01139000 -0.04109700 0.00747500
v 0.01139000 -0.04109700 0.00747500
v 0.01139000 -0.04109700 0.00747500
v 0.01139000 -0.04109700 0.00747500
v 0.01139000 -0.04109700 0.00747500
v 0.01139000 -0.04109700 0.00747500
v 0.01134600 -0.04099600 0.00737900
v 0.01134600 -0.04099600 0.00737900
v 0.01134600 -0.04099600 0.00737900
v 0.01134600 -0.04099600 0.00737900
v 0.01134600 -0.04099600 0.00737900
v 0.01134600 -0.04099600 0.00737900
v 0.01133500 -0.04087400 0.00730000
v 0.01133500 -0.04087400 0.00730000
v 0.01133500 -0.04087400 0.00730000
v 0.01133500 -0.04087400 0.00730000
v 0.01133500 -0.04087400 0.00730000
v 0.01133500 -0.04087400 0.00730000
v 0.19467400 0.12866100 0.00727000
v 0.19467400 0.12866100 0.00727000
v 0.19467400 0.12866100 0.00727000
v 0.19467400 0.12866100 0.00727000
v 0.01149900 0.09416100 0.00707800
v 0.01149900 0.09416100 0.00707800
v 0.01149900 0.09416100 0.00707800
v 0.01149900 0.09416100 0.00707800
v 0.01149900 0.09416100 0.00707800
v 0.01149900 0.09416100 0.00707800
v 0.01691500 0.11437300 0.00707800
v 0.01691500 0.11437300 0.00707800
v 0.01691500 0.11437300 0.00707800
v 0.01691500 0.11437300 0.00707800
v 0.03171200 0.12917000 0.00707800
v 0.03171200 0.12917000 0.00707800
v 0.03171200 0.12917000 0.00707800
v 0.03171200 0.12917000 0.00707800
v 0.05192400 0.13458500 0.00707800
v 0.05192400 0.13458500 0.00707800
v 0.05192400 0.13458500 0.00707800
v 0.05192400 0.13458500 0.00707800
v 0.05192400 0.13458500 0.00707800
v 0.05192400 0.13458500 0.00707800
v 0.05192400 0.13458500 0.00707800
v 0.18853500 0.12866100 0.00692200
v 0.18853500 0.12866100 0.00692200
v 0.18853500 0.12866100 0.00692200
v 0.18853500 0.12866100 0.00692200
v 0.19127000 0.12872800 0.00667500
v 0.19127000 0.12872800 0.00667500
v 0.19127000 0.12872800 0.00667500
v 0.19127000 0.12872800 0.00667500
v 0.19127000 0.12872800 0.00667500
v -0.01618900 -0.09831300 0.00654600
v -0.01618900 -0.09831300 0.00654600
v -0.01618900 -0.09831300 0.00654600
v -0.01618900 -0.09831300 0.00654600
v -0.01618900 -0.09831300 0.00654600
v 0.02003700 -0.09831300 0.00654600
v 0.02003700 -0.09831300 0.00654600
v 0.02003700 -0.09831300 0.00654600
v 0.02003700 -0.09831300 0.00654600
v 0.02003700 -0.09831300 0.00654600
v 0.19123800 0.12891100 0.00649500
v 0.19123800 0.12891100 0.00649500
v 0.19123800 0.12891100 0.00649500
v 0.19123800 0.12891100 0.00649500
v 0.19123800 0.12891100 0.00649500
v 0.18862200 0.12916100 0.00642900
v 0.18862200 0.12916100 0.00642900
v 0.18862200 0.12916100 0.00642900
v 0.18862200 0.12916100 0.00642900
v 0.18862200 0.12916100 0.00642900
v 0.18862200 0.13066100 0.00642900
v 0.18862200 0.13066100 0.00642900
v 0.18862200 0.13066100 0.00642900
v -0.01572800 -0.09783900 0.00635500
v -0.01572800 -0.09783900 0.00635500
v -0.01572800 -0.09783900 0.00635500
v -0.01572800 -0.09783900 0.00635500
v 0.01957600 -0.09783900 0.00635500
v 0.01957600 -0.09783900 0.00635500
v 0.01957600 -0.09783900 0.00635500
v 0.19703000 0.13397500 0.00632300
v 0.19703000 0.13397500 0.00632300
v 0.19703000 0.13397500 0.00632300
v 0.19703000 0.13397500 0.00632300
v 0.19703000 0.13397500 0.00632300
v 0.19703000 0.13397500 0.00632300
v 0.18263700 0.13399200 0.00631200
v 0.18263700 0.13399200 0.00631200
v 0.18263700 0.13399200 0.00631200
v 0.18263700 0.13399200 0.00631200
v 0.18263700 0.13399200 0.00631200
v 0.19722200 0.13398500 0.00630200
v 0.19722200 0.13398500 0.00630200
v 0.19722200 0.13398500 0.00630200
v 0.19722200 0.13398500 0.00630200
v 0.19722200 0.13398500 0.00630200
v 0.19693000 0.13387800 0.00628800
v 0.19693000 0.13387800 0.00628800
v 0.19693000 0.13387800 0.00628800
v 0.19693000 0.13387800 0.00628800
v 0.19693000 0.13387800 0.00628800
v 0.19693000 0.13387800 0.00628800
v 0.19684700 0.13376100 0.00628500
v 0.19684700 0.13376100 0.00628500
v 0.19684700 0.13376100 0.00628500
v 0.19684700 0.13376100 0.00628500
v 0.19684700 0.13376100 0.00628500
v 0.19684700 0.13376100 0.00628500
v -0.00849200 -0.04175600 0.00622100
v -0.00849200 -0.04175600 0.00622100
v -0.00849200 -0.04175600 0.00622100
v -0.00849200 -0.04175600 0.00622100
v -0.00849200 -0.04175600 0.00622100
v -0.00849200 -0.04175600 0.00622100
v 0.18293200 0.13354700 0.00619300
v 0.18293200 0.13354700 0.00619300
v 0.18293200 0.13354700 0.00619300
v 0.18293200 0.13354700 0.00619300
v 0.18293200 0.13354700 0.00619300
v 0.19693000 0.13353700 0.00617900
v 0.19693000 0.13353700 0.00617900
v 0.19693000 0.13353700 0.00617900
v 0.19693000 0.13353700 0.00617900
v 0.19693000 0.13353700 0.00617900
v -0.00844700 -0.04165800 0.00614200
v -0.00844700 -0.04165800 0.00614200
v -0.00844700 -0.04165800 0.00614200
v -0.00844700 -0.04165800 0.00614200
v -0.00844700 -0.04165800 0.00614200
v -0.00844700 -0.04165800 0.00614200
v -0.00843200 -0.04154500 0.00607400
v -0.00843200 -0.04154500 0.00607400
v -0.00843200 -0.04154500 0.00607400
v -0.00843200 -0.04154500 0.00607400
v -0.00843200 -0.04154500 0.00607400
v -0.00843200 -0.04154500 0.00607400
v 0.19392400 0.12866100 0.00597100
v 0.19392400 0.12866100 0.00597100
v 0.19392400 0.12866100 0.00597100
v 0.19392400 0.12866100 0.00597100
v -0.01687000 -0.10583900 0.00588400
v -0.01687000 -0.10583900 0.00588400
v -0.01687000 -0.10583900 0.00588400
v -0.01687000 -0.10583900 0.00588400
v -0.01687000 -0.10583900 0.00588400
v 0.18231100 0.13363100 0.00581800
v 0.18231100 0.13363100 0.00581800
v 0.18231100 0.13363100 0.00581800
v 0.18231100 0.13363100 0.00581800
v 0.18231100 0.13363100 0.00581800
v 0.18231100 0.13363100 0.00581800
v 0.18242000 0.13353000 0.00578300
v 0.18242000 0.13353000 0.00578300
v 0.18242000 0.13353000 0.00578300
v 0.18242000 0.13353000 0.00578300
v 0.18242000 0.13353000 0.00578300
v 0.18242000 0.13353000 0.00578300
v 0.18250800 0.13340700 0.00578300
v 0.18250800 0.13340700 0.00578300
v 0.18250800 0.13340700 0.00578300
v 0.18250800 0.13340700 0.00578300
v 0.18250800 0.13340700 0.00578300
v 0.18250800 0.13340700 0.00578300
v 0.18604900 0.12872800 0.00575500
v 0.18604900 0.12872800 0.00575500
v 0.18604900 0.12872800 0.00575500
v 0.18604900 0.12872800 0.00575500
v 0.18604900 0.12872800 0.00575500
v 0.02027600 -0.09807400 0.00572300
v 0.02027600 -0.09807400 0.00572300
v 0.02027600 -0.09807400 0.00572300
v 0.02027600 -0.09807400 0.00572300
v 0.02027600 -0.09807400 0.00572300
v 0.02027600 -0.09807400 0.00572300
v 0.02010600 -0.09790200 0.00566100
v 0.02010600 -0.09790200 0.00566100
v 0.02010600 -0.09790200 0.00566100
v 0.02010600 -0.09790200 0.00566100
v 0.02010600 -0.09790200 0.00566100
v 0.02010600 -0.09790200 0.00566100
v 0.18614000 0.12891100 0.00559600
v 0.18614000 0.12891100 0.00559600
v 0.18614000 0.12891100 0.00559600
v 0.18614000 0.12891100 0.00559600
v 0.18614000 0.12891100 0.00559600
v 0.19367400 0.12916100 0.00553800
v 0.19367400 0.12916100 0.00553800
v 0.19367400 0.12916100 0.00553800
v 0.19367400 0.12916100 0.00553800
v 0.19367400 0.12916100 0.00553800
v 0.19367400 0.13066100 0.00553800
v 0.19367400 0.13066100 0.00553800
v 0.19367400 0.13066100 0.00553800
v 0.18226400 0.12916100 0.00547100
v 0.18226400 0.12916100 0.00547100
v 0.18226400 0.12916100 0.00547100
v 0.18226400 0.12916100 0.00547100
v 0.18226400 0.12916100 0.00547100
v 0.18226400 0.12916100 0.00547100
v 0.18226400 0.12916100 0.00547100
v 0.19753300 0.12891100 0.00542800
v 0.19753300 0.12891100 0.00542800
v 0.19753300 0.12891100 0.00542800
v 0.19753300 0.12891100 0.00542800
v 0.19753300 0.12891100 0.00542800
v 0.19739300 0.12872800 0.00531000
v 0.19739300 0.12872800 0.00531000
v 0.19739300 0.12872800 0.00531000
v 0.19739300 0.12872800 0.00531000
v 0.19739300 0.12872800 0.00531000
v 0.19739300 0.12872800 0.00531000
v 0.20142400 0.13333600 0.00529300
v 0.20142400 0.13333600 0.00529300
v 0.20142400 0.13333600 0.00529300
v 0.20142400 0.13333600 0.00529300
v 0.20142400 0.13333600 0.00529300
v 0.20142400 0.13333600 0.00529300
v 0.20142400 0.13333600 0.00529300
v 0.20142400 0.13333600 0.00529300
v 0.20142400 0.15498600 0.00529300
v 0.20142400 0.15498600 0.00529300
v 0.20142400 0.15498600 0.00529300
v 0.20142400 0.15498600 0.00529300
v 0.20142400 0.15498600 0.00529300
v 0.20142400 0.15498600 0.00529300
v -0.01499100 -0.09783900 0.00520000
v -0.01499100 -0.09783900 0.00520000
v -0.01499100 -0.09783900 0.00520000
v -0.01499100 -0.09783900 0.00520000
v 0.18264700 0.12866100 0.00515000
v 0.18264700 0.12866100 0.00515000
v 0.18264700 0.12866100 0.00515000
v 0.18264700 0.12866100 0.00515000
v 0.01860300 -0.09777200 0.00511400
v 0.01860300 -0.09777200 0.00511400
v 0.01860300 -0.09777200 0.00511400
v 0.01860300 -0.09777200 0.00511400
v 0.01860300 -0.09777200 0.00511400
v 0.01843100 -0.09758900 0.00505100
v 0.01843100 -0.09758900 0.00505100
v 0.01843100 -0.09758900 0.00505100
v 0.01843100 -0.09758900 0.00505100
v 0.01843100 -0.09758900 0.00505100
v 0.20192400 0.13376900 0.00504300
v 0.20192400 0.13376900 0.00504300
v 0.20192400 0.13376900 0.00504300
v 0.20192400 0.13376900 0.00504300
v 0.20192400 0.15455300 0.00504300
v 0.20192400 0.15455300 0.00504300
v 0.20192400 0.15455300 0.00504300
v 0.20192400 0.15455300 0.00504300
v -0.01452100 -0.09733900 0.00502800
v -0.01452100 -0.09733900 0.00502800
v -0.01452100 -0.09733900 0.00502800
v -0.01452100 -0.09733900 0.00502800
v -0.01452100 -0.09733900 0.00502800
v -0.01452100 -0.09733900 0.00502800
v 0.18379600 0.12866100 0.00418500
v 0.18379600 0.12866100 0.00418500
v 0.18379600 0.12866100 0.00418500
v 0.18379600 0.12866100 0.00418500
v -0.00972100 -0.04277600 0.00409600
v -0.00972100 -0.04277600 0.00409600
v -0.00972100 -0.04277600 0.00409600
v -0.00972100 -0.04277600 0.00409600
v -0.00972100 -0.04277600 0.00409600
v 0.01358400 -0.04279000 0.00405900
v 0.01358400 -0.04279000 0.00405900
v 0.01358400 -0.04279000 0.00405900
v 0.01358400 -0.04279000 0.00405900
v 0.01358400 -0.04279000 0.00405900
v 0.19586100 0.12872800 0.00402500
v 0.19586100 0.12872800 0.00402500
v 0.19586100 0.12872800 0.00402500
v 0.19586100 0.12872800 0.00402500
v 0.19586100 0.12872800 0.00402500
v -0.00956500 -0.04237700 0.00396800
v -0.00956500 -0.04237700 0.00396800
v -0.00956500 -0.04237700 0.00396800
v -0.00956500 -0.04237700 0.00396800
v -0.00956500 -0.04237700 0.00396800
v 0.01342900 -0.04239200 0.00392900
v 0.01342900 -0.04239200 0.00392900
v 0.01342900 -0.04239200 0.00392900
v 0.01342900 -0.04239200 0.00392900
v 0.01342900 -0.04239200 0.00392900
v 0.01342900 -0.04239200 0.00392900
v 0.19572100 0.12891100 0.00390700
v 0.19572100 0.12891100 0.00390700
v 0.19572100 0.12891100 0.00390700
v 0.19572100 0.12891100 0.00390700
v 0.19572100 0.12891100 0.00390700
v 0.19572100 0.12891100 0.00390700
v 0.18417900 0.12916100 0.00386400
v 0.18417900 0.12916100 0.00386400
v 0.18417900 0.12916100 0.00386400
v 0.18417900 0.12916100 0.00386400
v 0.18417900 0.12916100 0.00386400
v 0.18417900 0.13066100 0.00386400
v 0.18417900 0.13066100 0.00386400
v 0.18417900 0.13066100 0.00386400
v 0.01368700 -0.04286600 0.00358000
v 0.01368700 -0.04286600 0.00358000
v 0.01368700 -0.04286600 0.00358000
v 0.01368700 -0.04286600 0.00358000
v 0.01368700 -0.04286600 0.00358000
v 0.01368700 -0.04286600 0.00358000
v 0.01364200 -0.04277500 0.00353200
v 0.01364200 -0.04277500 0.00353200
v 0.01364200 -0.04277500 0.00353200
v 0.01364200 -0.04277500 0.00353200
v 0.01364200 -0.04277500 0.00353200
v 0.01361900 -0.04267500 0.00348800
v 0.01361900 -0.04267500 0.00348800
v 0.01361900 -0.04267500 0.00348800
v 0.01361900 -0.04267500 0.00348800
v 0.01361900 -0.04267500 0.00348800
v 0.19923900 0.13239600 0.00335400
v 0.19923900 0.13239600 0.00335400
v 0.19923900 0.13239600 0.00335400
v 0.19923900 0.13239600 0.00335400
v 0.19923900 0.13239600 0.00335400
v 0.19923900 0.13239600 0.00335400
v 0.19899100 0.13213900 0.00333100
v 0.19899100 0.13213900 0.00333100
v 0.19899100 0.13213900 0.00333100
v 0.19899100 0.13213900 0.00333100
v 0.19899100 0.13213900 0.00333100
v 0.19899100 0.13213900 0.00333100
v 0.19909500 0.13228800 0.00332500
v 0.19909500 0.13228800 0.00332500
v 0.19909500 0.13228800 0.00332500
v 0.19909500 0.13228800 0.00332500
v 0.19909500 0.13228800 0.00332500
v 0.19909500 0.13228800 0.00332500
v -0.00982200 0.09416100 0.00331800
v -0.00982200 0.09416100 0.00331800
v -0.00982200 0.09416100 0.00331800
v -0.00982200 0.09416100 0.00331800
v -0.00982200 0.09416100 0.00331800
v -0.00982200 0.09416100 0.00331800
v -0.00155000 0.12503400 0.00331800
v -0.00155000 0.12503400 0.00331800
v -0.00155000 0.12503400 0.00331800
v -0.00155000 0.12503400 0.00331800
v 0.02105100 0.14763500 0.00331800
v 0.02105100 0.14763500 0.00331800
v 0.02105100 0.14763500 0.00331800
v 0.02105100 0.14763500 0.00331800
v 0.05192400 0.15590700 0.00331800
v 0.05192400 0.15590700 0.00331800
v 0.05192400 0.15590700 0.00331800
v 0.05192400 0.15590700 0.00331800
v 0.05192400 0.15590700 0.00331800
v 0.19952100 0.13235100 0.00314000
v 0.19952100 0.13235100 0.00314000
v 0.19952100 0.13235100 0.00314000
v 0.19952100 0.13235100 0.00314000
v 0.19952100 0.13235100 0.00314000
v 0.18032500 0.13235000 0.00313500
v 0.18032500 0.13235000 0.00313500
v 0.18032500 0.13235000 0.00313500
v 0.18032500 0.13235000 0.00313500
v 0.18032500 0.13235000 0.00313500
v 0.18032500 0.13235000 0.00313500
v 0.19908400 0.13186300 0.00305500
v 0.19908400 0.13186300 0.00305500
v 0.19908400 0.13186300 0.00305500
v 0.19908400 0.13186300 0.00305500
v 0.19908400 0.13186300 0.00305500
v 0.19908400 0.13186300 0.00305500
v 0.18076400 0.13186200 0.00305400
v 0.18076400 0.13186200 0.00305400
v 0.18076400 0.13186200 0.00305400
v 0.18076400 0.13186200 0.00305400
v 0.18076400 0.13186200 0.00305400
v 0.18076400 0.13186200 0.00305400
v 0.01908400 -0.05927700 0.00253000
v 0.01908400 -0.05927700 0.00253000
v 0.01908400 -0.05927700 0.00253000
v 0.01908400 -0.05927700 0.00253000
v 0.01908300 -0.05930200 0.00250600
v 0.01908300 -0.05930200 0.00250600
v 0.01908300 -0.05930200 0.00250600
v 0.01908300 -0.05930200 0.00250600
v 0.01908300 -0.05930200 0.00250600
v 0.01908400 -0.05932600 0.00248100
v 0.01908400 -0.05932600 0.00248100
v 0.01908400 -0.05932600 0.00248100
v 0.01908400 -0.05932600 0.00248100
v 0.01908400 -0.05932600 0.00248100
v 0.19932100 0.12916100 0.00246300
v 0.19932100 0.12916100 0.00246300
v 0.19932100 0.12916100 0.00246300
v 0.19932100 0.12916100 0.00246300
v 0.19932100 0.12916100 0.00246300
v 0.19932100 0.12916100 0.00246300
v 0.18059000 0.12891100 0.00244000
v 0.18059000 0.12891100 0.00244000
v 0.18059000 0.12891100 0.00244000
v 0.18059000 0.12891100 0.00244000
v 0.18059000 0.12891100 0.00244000
v 0.18076200 0.12872800 0.00237800
v 0.18076200 0.12872800 0.00237800
v 0.18076200 0.12872800 0.00237800
v 0.18076200 0.12872800 0.00237800
v 0.18076200 0.12872800 0.00237800
v 0.18076200 0.12872800 0.00237800
v 0.19885100 0.12866100 0.00229200
v 0.19885100 0.12866100 0.00229200
v 0.19885100 0.12866100 0.00229200
v 0.19885100 0.12866100 0.00229200
v 0.18013700 0.13203600 0.00221100
v 0.18013700 0.13203600 0.00221100
v 0.18013700 0.13203600 0.00221100
v 0.18013700 0.13203600 0.00221100
v 0.18013700 0.13203600 0.00221100
v 0.18013700 0.13203600 0.00221100
v 0.18040000 0.13176800 0.00219400
v 0.18040000 0.13176800 0.00219400
v 0.18040000 0.13176800 0.00219400
v 0.18040000 0.13176800 0.00219400
v 0.18040000 0.13176800 0.00219400
v 0.18040000 0.13176800 0.00219400
v 0.18029200 0.13192600 0.00218800
v 0.18029200 0.13192600 0.00218800
v 0.18029200 0.13192600 0.00218800
v 0.18029200 0.13192600 0.00218800
v 0.18029200 0.13192600 0.00218800
v 0.18029200 0.13192600 0.00218800
v -0.01031800 -0.04332000 0.00199000
v -0.01031800 -0.04332000 0.00199000
v -0.01031800 -0.04332000 0.00199000
v -0.01031800 -0.04332000 0.00199000
v -0.01031800 -0.04332000 0.00199000
v -0.01031800 -0.04332000 0.00199000
v -0.01027400 -0.04323200 0.00195900
v -0.01027400 -0.04323200 0.00195900
v -0.01027400 -0.04323200 0.00195900
v -0.01027400 -0.04323200 0.00195900
v -0.01027400 -0.04323200 0.00195900
v -0.01024900 -0.04313600 0.00193000
v -0.01024900 -0.04313600 0.00193000
v -0.01024900 -0.04313600 0.00193000
v -0.01024900 -0.04313600 0.00193000
v -0.01024900 -0.04313600 0.00193000
v -0.01024900 -0.04313600 0.00193000
v 0.19744200 0.12866100 0.00177900
v 0.19744200 0.12866100 0.00177900
v 0.19744200 0.12866100 0.00177900
v 0.19744200 0.12866100 0.00177900
v 0.18264100 0.12872800 0.00169400
v 0.18264100 0.12872800 0.00169400
v 0.18264100 0.12872800 0.00169400
v 0.18264100 0.12872800 0.00169400
v 0.18264100 0.12872800 0.00169400
v 0.18281300 0.12891100 0.00163100
v 0.18281300 0.12891100 0.00163100
v 0.18281300 0.12891100 0.00163100
v 0.18281300 0.12891100 0.00163100
v 0.18281300 0.12891100 0.00163100
v 0.19697200 0.12916100 0.00160800
v 0.19697200 0.12916100 0.00160800
v 0.19697200 0.12916100 0.00160800
v 0.19697200 0.12916100 0.00160800
v 0.19697200 0.12916100 0.00160800
v 0.19697200 0.13066100 0.00160800
v 0.19697200 0.13066100 0.00160800
v 0.19697200 0.13066100 0.00160800
v 0.20167400 0.13191700 0.00120200
v 0.20167400 0.13191700 0.00120200
v 0.20167400 0.13191700 0.00120200
v 0.20167400 0.13191700 0.00120200
v 0.20167400 0.13191700 0.00120200
v 0.20167400 0.15640500 0.00120200
v 0.20167400 0.15640500 0.00120200
v 0.20167400 0.15640500 0.00120200
v 0.20167400 0.15640500 0.00120200
v 0.20167400 0.15640500 0.00120200
v 0.20167400 0.15640500 0.00120200
v 0.20185700 0.13209700 0.00117000
v 0.20185700 0.13209700 0.00117000
v 0.20185700 0.13209700 0.00117000
v 0.20185700 0.13209700 0.00117000
v 0.20185700 0.13209700 0.00117000
v 0.20185700 0.13209700 0.00117000
v 0.20185700 0.15622500 0.00117000
v 0.20185700 0.15622500 0.00117000
v 0.20185700 0.15622500 0.00117000
v 0.20185700 0.15622500 0.00117000
v 0.20185700 0.15622500 0.00117000
v 0.20022600 0.13163700 -0.00042800
v 0.20022600 0.13163700 -0.00042800
v 0.20022600 0.13163700 -0.00042800
v 0.20022600 0.13163700 -0.00042800
v 0.20022600 0.13163700 -0.00042800
v 0.20022600 0.13163700 -0.00042800
v 0.19994500 0.13135700 -0.00043100
v 0.19994500 0.13135700 -0.00043100
v 0.19994500 0.13135700 -0.00043100
v 0.19994500 0.13135700 -0.00043100
v 0.19994500 0.13135700 -0.00043100
v 0.19994500 0.13135700 -0.00043100
v 0.20005600 0.13152600 -0.00043200
v 0.20005600 0.13152600 -0.00043200
v 0.20005600 0.13152600 -0.00043200
v 0.20005600 0.13152600 -0.00043200
v 0.20005600 0.13152600 -0.00043200
v 0.20005600 0.13152600 -0.00043200
v -0.01057600 -0.04338900 -0.00089800
v -0.01057600 -0.04338900 -0.00089800
v -0.01057600 -0.04338900 -0.00089800
v -0.01057600 -0.04338900 -0.00089800
v -0.01057600 -0.04338900 -0.00089800
v -0.01057600 -0.04338900 -0.00089800
v -0.01071500 -0.04373500 -0.00090300
v -0.01071500 -0.04373500 -0.00090300
v -0.01071500 -0.04373500 -0.00090300
v -0.01071500 -0.04373500 -0.00090300
v -0.01071500 -0.04373500 -0.00090300
v 0.20042400 0.13166100 -0.00094500
v 0.20042400 0.13166100 -0.00094500
v 0.20042400 0.13166100 -0.00094500
v 0.20042400 0.13166100 -0.00094500
v 0.20042400 0.13166100 -0.00094500
v 0.20042400 0.13166100 -0.00094500
v 0.19992400 0.13116100 -0.00094800
v 0.19992400 0.13116100 -0.00094800
v 0.19992400 0.13116100 -0.00094800
v 0.19992400 0.13116100 -0.00094800
v 0.19992400 0.13116100 -0.00094800
v 0.19992400 0.13116100 -0.00094800
v 0.02192400 -0.10583900 -0.00095700
v 0.02192400 -0.10583900 -0.00095700
v 0.02192400 -0.10583900 -0.00095700
v 0.02192400 -0.10583900 -0.00095700
v 0.02192400 -0.10583900 -0.00095700
v -0.01768200 -0.09831300 -0.00095700
v -0.01768200 -0.09831300 -0.00095700
v -0.01768200 -0.09831300 -0.00095700
v -0.01768200 -0.09831300 -0.00095700
v -0.01768200 -0.09831300 -0.00095700
v 0.02152900 -0.09831300 -0.00095700
v 0.02152900 -0.09831300 -0.00095700
v 0.02152900 -0.09831300 -0.00095700
v 0.02152900 -0.09831300 -0.00095700
v 0.02152900 -0.09831300 -0.00095700
v -0.01760700 -0.09807400 -0.00095700
v -0.01760700 -0.09807400 -0.00095700
v -0.01760700 -0.09807400 -0.00095700
v -0.01760700 -0.09807400 -0.00095700
v -0.01760700 -0.09807400 -0.00095700
v -0.01760700 -0.09807400 -0.00095700
v -0.01742500 -0.09790200 -0.00095700
v -0.01742500 -0.09790200 -0.00095700
v -0.01742500 -0.09790200 -0.00095700
v -0.01742500 -0.09790200 -0.00095700
v -0.01742500 -0.09790200 -0.00095700
v -0.01742500 -0.09790200 -0.00095700
v -0.01718300 -0.09783900 -0.00095700
v -0.01718300 -0.09783900 -0.00095700
v -0.01718300 -0.09783900 -0.00095700
v 0.01992400 -0.09783900 -0.00095700
v 0.01992400 -0.09783900 -0.00095700
v 0.01992400 -0.09783900 -0.00095700
v 0.01992400 -0.09783900 -0.00095700
v 0.02103000 -0.09783900 -0.00095700
v 0.02103000 -0.09783900 -0.00095700
v 0.02103000 -0.09783900 -0.00095700
v 0.02103000 -0.09783900 -0.00095700
v -0.01582600 -0.09777200 -0.00095700
v -0.01582600 -0.09777200 -0.00095700
v -0.01582600 -0.09777200 -0.00095700
v -0.01582600 -0.09777200 -0.00095700
v -0.01582600 -0.09777200 -0.00095700
v -0.01564300 -0.09758900 -0.00095700
v -0.01564300 -0.09758900 -0.00095700
v -0.01564300 -0.09758900 -0.00095700
v -0.01564300 -0.09758900 -0.00095700
v -0.01564300 -0.09758900 -0.00095700
v 0.01942400 -0.09733900 -0.00095700
v 0.01942400 -0.09733900 -0.00095700
v 0.01942400 -0.09733900 -0.00095700
v 0.01942400 -0.09733900 -0.00095700
v 0.01942400 -0.09733900 -0.00095700
v -0.01557600 -0.05583900 -0.00095700
v -0.01557600 -0.05583900 -0.00095700
v -0.01557600 -0.05583900 -0.00095700
v -0.01557600 -0.05583900 -0.00095700
v -0.01557600 -0.05583900 -0.00095700
v -0.01557600 -0.05583900 -0.00095700
v -0.01557600 -0.05583900 -0.00095700
v -0.01557600 -0.05583900 -0.00095700
v -0.01557600 -0.05583900 -0.00095700
v -0.01557600 -0.05583900 -0.00095700
v -0.01557600 -0.05583900 -0.00095700
v -0.01557600 -0.05583900 -0.00095700
v -0.01557600 -0.05583900 -0.00095700
v -0.01557600 -0.05583900 -0.00095700
v -0.01557600 -0.05583900 -0.00095700
v 0.01942400 -0.05583900 -0.00095700
v 0.01942400 -0.05583900 -0.00095700
v 0.01942400 -0.05583900 -0.00095700
v 0.01942400 -0.05583900 -0.00095700
v 0.01942400 -0.05583900 -0.00095700
v 0.01942400 -0.05583900 -0.00095700
v 0.01942400 -0.05583900 -0.00095700
v 0.01942400 -0.05583900 -0.00095700
v 0.01942400 -0.05583900 -0.00095700
v 0.01942400 -0.05583900 -0.00095700
v 0.01942400 -0.05583900 -0.00095700
v 0.01942400 -0.05583900 -0.00095700
v 0.01942400 -0.05583900 -0.00095700
v 0.01942400 -0.05583900 -0.00095700
v 0.01942400 -0.05583900 -0.00095700
v 0.01942400 -0.05583900 -0.00095700
v 0.01942400 -0.05583900 -0.00095700
v 0.01456300 -0.04373500 -0.00095700
v 0.01456300 -0.04373500 -0.00095700
v 0.01456300 -0.04373500 -0.00095700
v 0.01456300 -0.04373500 -0.00095700
v 0.01456300 -0.04373500 -0.00095700
v 0.01456300 -0.04373500 -0.00095700
v 0.01456300 -0.04373500 -0.00095700
v 0.01446000 -0.04357600 -0.00095700
v 0.01446000 -0.04357600 -0.00095700
v 0.01446000 -0.04357600 -0.00095700
v 0.01446000 -0.04357600 -0.00095700
v 0.01446000 -0.04357600 -0.00095700
v 0.01446000 -0.04357600 -0.00095700
v 0.01446000 -0.04357600 -0.00095700
v 0.01446000 -0.04357600 -0.00095700
v 0.01442400 -0.04338900 -0.00095700
v 0.01442400 -0.04338900 -0.00095700
v 0.01442400 -0.04338900 -0.00095700
v 0.01442400 -0.04338900 -0.00095700
v 0.01442400 -0.04338900 -0.00095700
v 0.01442400 -0.04338900 -0.00095700
v 0.01442400 -0.04338900 -0.00095700
v 0.01442400 0.09416100 -0.00095700
v 0.01442400 0.09416100 -0.00095700
v 0.01442400 0.09416100 -0.00095700
v 0.01442400 0.09416100 -0.00095700
v 0.01442400 0.09416100 -0.00095700
v 0.01442400 0.09416100 -0.00095700
v 0.01944800 0.11291100 -0.00095700
v 0.01944800 0.11291100 -0.00095700
v 0.01944800 0.11291100 -0.00095700
v 0.01944800 0.11291100 -0.00095700
v 0.03317400 0.12663700 -0.00095700
v 0.03317400 0.12663700 -0.00095700
v 0.03317400 0.12663700 -0.00095700
v 0.03317400 0.12663700 -0.00095700
v 0.18042400 0.12866100 -0.00095700
v 0.18042400 0.12866100 -0.00095700
v 0.18042400 0.12866100 -0.00095700
v 0.18042400 0.12866100 -0.00095700
v 0.18192400 0.12866100 -0.00095700
v 0.18192400 0.12866100 -0.00095700
v 0.18192400 0.12866100 -0.00095700
v 0.18192400 0.12866100 -0.00095700
v 0.19767400 0.12872800 -0.00095700
v 0.19767400 0.12872800 -0.00095700
v 0.19767400 0.12872800 -0.00095700
v 0.19767400 0.12872800 -0.00095700
v 0.19767400 0.12872800 -0.00095700
v 0.19767400 0.12872800 -0.00095700
v 0.19967400 0.12872800 -0.00095700
v 0.19967400 0.12872800 -0.00095700
v 0.19967400 0.12872800 -0.00095700
v 0.19967400 0.12872800 -0.00095700
v 0.19967400 0.12872800 -0.00095700
v 0.19967400 0.12872800 -0.00095700
v 0.19749100 0.12891100 -0.00095700
v 0.19749100 0.12891100 -0.00095700
v 0.19749100 0.12891100 -0.00095700
v 0.19749100 0.12891100 -0.00095700
v 0.19749100 0.12891100 -0.00095700
v 0.19749100 0.12891100 -0.00095700
v 0.19985700 0.12891100 -0.00095700
v 0.19985700 0.12891100 -0.00095700
v 0.19985700 0.12891100 -0.00095700
v 0.19985700 0.12891100 -0.00095700
v 0.19985700 0.12891100 -0.00095700
v 0.19985700 0.12891100 -0.00095700
v 0.17992400 0.12916100 -0.00095700
v 0.17992400 0.12916100 -0.00095700
v 0.17992400 0.12916100 -0.00095700
v 0.17992400 0.12916100 -0.00095700
v 0.17992400 0.12916100 -0.00095700
v 0.17992400 0.12916100 -0.00095700
v 0.17992400 0.12916100 -0.00095700
v 0.18242400 0.12916100 -0.00095700
v 0.18242400 0.12916100 -0.00095700
v 0.18242400 0.12916100 -0.00095700
v 0.18242400 0.12916100 -0.00095700
v 0.18242400 0.12916100 -0.00095700
v 0.18242400 0.13066100 -0.00095700
v 0.18242400 0.13066100 -0.00095700
v 0.18242400 0.13066100 -0.00095700
v 0.17992400 0.13116100 -0.00095700
v 0.17992400 0.13116100 -0.00095700
v 0.17992400 0.13116100 -0.00095700
v 0.17992400 0.13116100 -0.00095700
v 0.17992400 0.13116100 -0.00095700
v 0.17992400 0.13116100 -0.00095700
v 0.17988900 0.13134500 -0.00095700
v 0.17988900 0.13134500 -0.00095700
v 0.17988900 0.13134500 -0.00095700
v 0.17988900 0.13134500 -0.00095700
v 0.17988900 0.13134500 -0.00095700
v 0.17977800 0.13151500 -0.00095700
v 0.17977800 0.13151500 -0.00095700
v 0.17977800 0.13151500 -0.00095700
v 0.17977800 0.13151500 -0.00095700
v 0.17960800 0.13162600 -0.00095700
v 0.17960800 0.13162600 -0.00095700
v 0.17960800 0.13162600 -0.00095700
v 0.17960800 0.13162600 -0.00095700
v 0.17960800 0.13162600 -0.00095700
v 0.05192400 0.13166100 -0.00095700
v 0.05192400 0.13166100 -0.00095700
v 0.05192400 0.13166100 -0.00095700
v 0.05192400 0.13166100 -0.00095700
v 0.05192400 0.13166100 -0.00095700
v 0.05192400 0.13166100 -0.00095700
v 0.17942400 0.13166100 -0.00095700
v 0.17942400 0.13166100 -0.00095700
v 0.17942400 0.13166100 -0.00095700
v 0.17942400 0.13166100 -0.00095700
v 0.17942400 0.13166100 -0.00095700
v 0.17942400 0.13166100 -0.00095700
v 0.01443100 -0.04348200 -0.00114800
v 0.01443100 -0.04348200 -0.00114800
v 0.01443100 -0.04348200 -0.00114800
v 0.01443100 -0.04348200 -0.00114800
v 0.01443100 -0.04348200 -0.00114800
v 0.01445800 -0.04357400 -0.00115000
v 0.01445800 -0.04357400 -0.00115000
v 0.01445800 -0.04357400 -0.00115000
v 0.01445800 -0.04357400 -0.00115000
v 0.01450300 -0.04366000 -0.00115200
v 0.01450300 -0.04366000 -0.00115200
v 0.01450300 -0.04366000 -0.00115200
v 0.01450300 -0.04366000 -0.00115200
v 0.17985100 0.13157400 -0.00215500
v 0.17985100 0.13157400 -0.00215500
v 0.17985100 0.13157400 -0.00215500
v 0.17985100 0.13157400 -0.00215500
v 0.17985100 0.13157400 -0.00215500
v 0.17985100 0.13157400 -0.00215500
v 0.17996200 0.13140600 -0.00215800
v 0.17996200 0.13140600 -0.00215800
v 0.17996200 0.13140600 -0.00215800
v 0.17996200 0.13140600 -0.00215800
v 0.17996200 0.13140600 -0.00215800
v 0.17968300 0.13168500 -0.00216500
v 0.17968300 0.13168500 -0.00216500
v 0.17968300 0.13168500 -0.00216500
v 0.17968300 0.13168500 -0.00216500
v 0.17968300 0.13168500 -0.00216500
v -0.01044200 -0.04333300 -0.00285000
v -0.01044200 -0.04333300 -0.00285000
v -0.01044200 -0.04333300 -0.00285000
v -0.01044200 -0.04333300 -0.00285000
v -0.01044200 -0.04333300 -0.00285000
v -0.01046800 -0.04342700 -0.00286900
v -0.01046800 -0.04342700 -0.00286900
v -0.01046800 -0.04342700 -0.00286900
v -0.01046800 -0.04342700 -0.00286900
v -0.01046800 -0.04342700 -0.00286900
v -0.01046800 -0.04342700 -0.00286900
v -0.01051200 -0.04351300 -0.00288900
v -0.01051200 -0.04351300 -0.00288900
v -0.01051200 -0.04351300 -0.00288900
v -0.01051200 -0.04351300 -0.00288900
v -0.01051200 -0.04351300 -0.00288900
v -0.01051200 -0.04351300 -0.00288900
v 0.20192400 0.13234300 -0.00304100
v 0.20192400 0.13234300 -0.00304100
v 0.20192400 0.13234300 -0.00304100
v 0.20192400 0.13234300 -0.00304100
v 0.20192400 0.15597900 -0.00304100
v 0.20192400 0.15597900 -0.00304100
v 0.20192400 0.15597900 -0.00304100
v 0.20192400 0.15597900 -0.00304100
v 0.20142400 0.13185100 -0.00312700
v 0.20142400 0.13185100 -0.00312700
v 0.20142400 0.13185100 -0.00312700
v 0.20142400 0.13185100 -0.00312700
v 0.20142400 0.13185100 -0.00312700
v 0.20142400 0.13185100 -0.00312700
v 0.20142400 0.13185100 -0.00312700
v 0.20142400 0.15647100 -0.00312700
v 0.20142400 0.15647100 -0.00312700
v 0.20142400 0.15647100 -0.00312700
v 0.20142400 0.15647100 -0.00312700
v 0.20142400 0.15647100 -0.00312700
v 0.20142400 0.15647100 -0.00312700
v 0.19697200 0.12916100 -0.00352200
v 0.19697200 0.12916100 -0.00352200
v 0.19697200 0.12916100 -0.00352200
v 0.19697200 0.12916100 -0.00352200
v 0.19697200 0.12916100 -0.00352200
v 0.19697200 0.13066100 -0.00352200
v 0.19697200 0.13066100 -0.00352200
v 0.19697200 0.13066100 -0.00352200
v 0.18281300 0.12891100 -0.00354500
v 0.18281300 0.12891100 -0.00354500
v 0.18281300 0.12891100 -0.00354500
v 0.18281300 0.12891100 -0.00354500
v 0.18281300 0.12891100 -0.00354500
v 0.18264100 0.12872800 -0.00360800
v 0.18264100 0.12872800 -0.00360800
v 0.18264100 0.12872800 -0.00360800
v 0.18264100 0.12872800 -0.00360800
v 0.18264100 0.12872800 -0.00360800
v 0.19744200 0.12866100 -0.00369300
v 0.19744200 0.12866100 -0.00369300
v 0.19744200 0.12866100 -0.00369300
v 0.19744200 0.12866100 -0.00369300
v 0.19885100 0.12866100 -0.00420600
v 0.19885100 0.12866100 -0.00420600
v 0.19885100 0.12866100 -0.00420600
v 0.19885100 0.12866100 -0.00420600
v 0.18076200 0.12872800 -0.00429200
v 0.18076200 0.12872800 -0.00429200
v 0.18076200 0.12872800 -0.00429200
v 0.18076200 0.12872800 -0.00429200
v 0.18076200 0.12872800 -0.00429200
v 0.19949000 0.13197800 -0.00429200
v 0.19949000 0.13197800 -0.00429200
v 0.19949000 0.13197800 -0.00429200
v 0.19949000 0.13197800 -0.00429200
v 0.19949000 0.13197800 -0.00429200
v 0.19949000 0.13197800 -0.00429200
v 0.19938300 0.13182100 -0.00429800
v 0.19938300 0.13182100 -0.00429800
v 0.19938300 0.13182100 -0.00429800
v 0.19938300 0.13182100 -0.00429800
v 0.19938300 0.13182100 -0.00429800
v 0.19938300 0.13182100 -0.00429800
v 0.19964400 0.13208800 -0.00431600
v 0.19964400 0.13208800 -0.00431600
v 0.19964400 0.13208800 -0.00431600
v 0.19964400 0.13208800 -0.00431600
v 0.19964400 0.13208800 -0.00431600
v 0.19964400 0.13208800 -0.00431600
v 0.18059000 0.12891100 -0.00435400
v 0.18059000 0.12891100 -0.00435400
v 0.18059000 0.12891100 -0.00435400
v 0.18059000 0.12891100 -0.00435400
v 0.18059000 0.12891100 -0.00435400
v 0.18059000 0.12891100 -0.00435400
v 0.19932100 0.12916100 -0.00437700
v 0.19932100 0.12916100 -0.00437700
v 0.19932100 0.12916100 -0.00437700
v 0.19932100 0.12916100 -0.00437700
v 0.19932100 0.12916100 -0.00437700
v 0.19932100 0.12916100 -0.00437700
v 0.19932100 0.12916100 -0.00437700
v 0.01908400 -0.05932600 -0.00439500
v 0.01908400 -0.05932600 -0.00439500
v 0.01908400 -0.05932600 -0.00439500
v 0.01908400 -0.05932600 -0.00439500
v 0.01908300 -0.05930200 -0.00441900
v 0.01908300 -0.05930200 -0.00441900
v 0.01908300 -0.05930200 -0.00441900
v 0.01908300 -0.05930200 -0.00441900
v 0.01908300 -0.05930200 -0.00441900
v 0.01908400 -0.05927700 -0.00444400
v 0.01908400 -0.05927700 -0.00444400
v 0.01908400 -0.05927700 -0.00444400
v 0.01908400 -0.05927700 -0.00444400
v 0.01908400 -0.05927700 -0.00444400
v 0.01379800 -0.04284400 -0.00489800
v 0.01379800 -0.04284400 -0.00489800
v 0.01379800 -0.04284400 -0.00489800
v 0.01379800 -0.04284400 -0.00489800
v 0.01379800 -0.04284400 -0.00489800
v 0.01379800 -0.04284400 -0.00489800
v 0.01382200 -0.04294200 -0.00493600
v 0.01382200 -0.04294200 -0.00493600
v 0.01382200 -0.04294200 -0.00493600
v 0.01382200 -0.04294200 -0.00493600
v 0.01382200 -0.04294200 -0.00493600
v 0.01382200 -0.04294200 -0.00493600
v 0.01382200 -0.04294200 -0.00493600
v 0.19909300 0.13185500 -0.00494800
v 0.19909300 0.13185500 -0.00494800
v 0.19909300 0.13185500 -0.00494800
v 0.19909300 0.13185500 -0.00494800
v 0.19909300 0.13185500 -0.00494800
v 0.18076300 0.13186200 -0.00496600
v 0.18076300 0.13186200 -0.00496600
v 0.18076300 0.13186200 -0.00496600
v 0.18076300 0.13186200 -0.00496600
v 0.18076300 0.13186200 -0.00496600
v 0.18076300 0.13186200 -0.00496600
v 0.01386600 -0.04303200 -0.00497900
v 0.01386600 -0.04303200 -0.00497900
v 0.01386600 -0.04303200 -0.00497900
v 0.01386600 -0.04303200 -0.00497900
v 0.01386600 -0.04303200 -0.00497900
v 0.19953300 0.13234200 -0.00502600
v 0.19953300 0.13234200 -0.00502600
v 0.19953300 0.13234200 -0.00502600
v 0.19953300 0.13234200 -0.00502600
v 0.19953300 0.13234200 -0.00502600
v 0.18032900 0.13235300 -0.00505700
v 0.18032900 0.13235300 -0.00505700
v 0.18032900 0.13235300 -0.00505700
v 0.18032900 0.13235300 -0.00505700
v 0.18032900 0.13235300 -0.00505700
v 0.18032900 0.13235300 -0.00505700
v -0.00982200 0.09416100 -0.00523200
v -0.00982200 0.09416100 -0.00523200
v -0.00982200 0.09416100 -0.00523200
v -0.00982200 0.09416100 -0.00523200
v -0.00982200 0.09416100 -0.00523200
v -0.00982200 0.09416100 -0.00523200
v -0.00155000 0.12503400 -0.00523200
v -0.00155000 0.12503400 -0.00523200
v -0.00155000 0.12503400 -0.00523200
v -0.00155000 0.12503400 -0.00523200
v 0.02105100 0.14763500 -0.00523200
v 0.02105100 0.14763500 -0.00523200
v 0.02105100 0.14763500 -0.00523200
v 0.02105100 0.14763500 -0.00523200
v 0.05192400 0.15590700 -0.00523200
v 0.05192400 0.15590700 -0.00523200
v 0.05192400 0.15590700 -0.00523200
v 0.05192400 0.15590700 -0.00523200
v 0.05192400 0.15590700 -0.00523200
v 0.18417900 0.12916100 -0.00577800
v 0.18417900 0.12916100 -0.00577800
v 0.18417900 0.12916100 -0.00577800
v 0.18417900 0.12916100 -0.00577800
v 0.18417900 0.12916100 -0.00577800
v 0.18417900 0.13066100 -0.00577800
v 0.18417900 0.13066100 -0.00577800
v 0.18417900 0.13066100 -0.00577800
v -0.00959800 -0.04240700 -0.00580400
v -0.00959800 -0.04240700 -0.00580400
v -0.00959800 -0.04240700 -0.00580400
v -0.00959800 -0.04240700 -0.00580400
v -0.00959800 -0.04240700 -0.00580400
v 0.19572100 0.12891100 -0.00582100
v 0.19572100 0.12891100 -0.00582100
v 0.19572100 0.12891100 -0.00582100
v 0.19572100 0.12891100 -0.00582100
v 0.19572100 0.12891100 -0.00582100
v 0.01342000 -0.04238300 -0.00586500
v 0.01342000 -0.04238300 -0.00586500
v 0.01342000 -0.04238300 -0.00586500
v 0.01342000 -0.04238300 -0.00586500
v 0.01342000 -0.04238300 -0.00586500
v 0.01342000 -0.04238300 -0.00586500
v 0.18111000 0.13256400 -0.00591600
v 0.18111000 0.13256400 -0.00591600
v 0.18111000 0.13256400 -0.00591600
v 0.18111000 0.13256400 -0.00591600
v 0.18111000 0.13256400 -0.00591600
v 0.18111000 0.13256400 -0.00591600
v 0.18121200 0.13242100 -0.00592100
v 0.18121200 0.13242100 -0.00592100
v 0.18121200 0.13242100 -0.00592100
v 0.18121200 0.13242100 -0.00592100
v 0.18121200 0.13242100 -0.00592100
v 0.18121200 0.13242100 -0.00592100
v -0.00975100 -0.04280200 -0.00593800
v -0.00975100 -0.04280200 -0.00593800
v -0.00975100 -0.04280200 -0.00593800
v -0.00975100 -0.04280200 -0.00593800
v -0.00975100 -0.04280200 -0.00593800
v 0.19586100 0.12872800 -0.00593800
v 0.19586100 0.12872800 -0.00593800
v 0.19586100 0.12872800 -0.00593800
v 0.19586100 0.12872800 -0.00593800
v 0.19586100 0.12872800 -0.00593800
v 0.19586100 0.12872800 -0.00593800
v 0.18097500 0.13267000 -0.00594700
v 0.18097500 0.13267000 -0.00594700
v 0.18097500 0.13267000 -0.00594700
v 0.18097500 0.13267000 -0.00594700
v 0.18097500 0.13267000 -0.00594700
v 0.18097500 0.13267000 -0.00594700
v 0.01357400 -0.04278100 -0.00599600
v 0.01357400 -0.04278100 -0.00599600
v 0.01357400 -0.04278100 -0.00599600
v 0.01357400 -0.04278100 -0.00599600
v 0.01357400 -0.04278100 -0.00599600
v 0.18379600 0.12866100 -0.00609900
v 0.18379600 0.12866100 -0.00609900
v 0.18379600 0.12866100 -0.00609900
v 0.18379600 0.12866100 -0.00609900
v -0.01452100 -0.09733900 -0.00694200
v -0.01452100 -0.09733900 -0.00694200
v -0.01452100 -0.09733900 -0.00694200
v -0.01452100 -0.09733900 -0.00694200
v -0.01452100 -0.09733900 -0.00694200
v -0.01452100 -0.09733900 -0.00694200
v 0.01843100 -0.09758900 -0.00696500
v 0.01843100 -0.09758900 -0.00696500
v 0.01843100 -0.09758900 -0.00696500
v 0.01843100 -0.09758900 -0.00696500
v 0.01843100 -0.09758900 -0.00696500
v 0.01860300 -0.09777200 -0.00702800
v 0.01860300 -0.09777200 -0.00702800
v 0.01860300 -0.09777200 -0.00702800
v 0.01860300 -0.09777200 -0.00702800
v 0.01860300 -0.09777200 -0.00702800
v 0.18264700 0.12866100 -0.00706300
v 0.18264700 0.12866100 -0.00706300
v 0.18264700 0.12866100 -0.00706300
v 0.18264700 0.12866100 -0.00706300
v 0.20185700 0.13355200 -0.00708200
v 0.20185700 0.13355200 -0.00708200
v 0.20185700 0.13355200 -0.00708200
v 0.20185700 0.13355200 -0.00708200
v 0.20185700 0.13355200 -0.00708200
v 0.20185700 0.15477000 -0.00708200
v 0.20185700 0.15477000 -0.00708200
v 0.20185700 0.15477000 -0.00708200
v 0.20185700 0.15477000 -0.00708200
v 0.20185700 0.15477000 -0.00708200
v -0.01499100 -0.09783900 -0.00711300
v -0.01499100 -0.09783900 -0.00711300
v -0.01499100 -0.09783900 -0.00711300
v -0.01499100 -0.09783900 -0.00711300
v 0.20167400 0.13339400 -0.00717300
v 0.20167400 0.13339400 -0.00717300
v 0.20167400 0.13339400 -0.00717300
v 0.20167400 0.13339400 -0.00717300
v 0.20167400 0.13339400 -0.00717300
v 0.20167400 0.15492800 -0.00717300
v 0.20167400 0.15492800 -0.00717300
v 0.20167400 0.15492800 -0.00717300
v 0.20167400 0.15492800 -0.00717300
v 0.20167400 0.15492800 -0.00717300
v -0.00892800 -0.04193700 -0.00719100
v -0.00892800 -0.04193700 -0.00719100
v -0.00892800 -0.04193700 -0.00719100
v -0.00892800 -0.04193700 -0.00719100
v -0.00892800 -0.04193700 -0.00719100
v -0.00892800 -0.04193700 -0.00719100
v 0.19739300 0.12872800 -0.00722400
v 0.19739300 0.12872800 -0.00722400
v 0.19739300 0.12872800 -0.00722400
v 0.19739300 0.12872800 -0.00722400
v 0.19739300 0.12872800 -0.00722400
v -0.00894600 -0.04204600 -0.00725100
v -0.00894600 -0.04204600 -0.00725100
v -0.00894600 -0.04204600 -0.00725100
v -0.00894600 -0.04204600 -0.00725100
v -0.00894600 -0.04204600 -0.00725100
v -0.00894600 -0.04204600 -0.00725100
v -0.00899100 -0.04214100 -0.00732000
v -0.00899100 -0.04214100 -0.00732000
v -0.00899100 -0.04214100 -0.00732000
v -0.00899100 -0.04214100 -0.00732000
v -0.00899100 -0.04214100 -0.00732000
v -0.00899100 -0.04214100 -0.00732000
v 0.19753300 0.12891100 -0.00734200
v 0.19753300 0.12891100 -0.00734200
v 0.19753300 0.12891100 -0.00734200
v 0.19753300 0.12891100 -0.00734200
v 0.19753300 0.12891100 -0.00734200
v 0.19753300 0.12891100 -0.00734200
v 0.18226400 0.12916100 -0.00738500
v 0.18226400 0.12916100 -0.00738500
v 0.18226400 0.12916100 -0.00738500
v 0.18226400 0.12916100 -0.00738500
v 0.18226400 0.12916100 -0.00738500
v 0.18226400 0.12916100 -0.00738500
v 0.19367400 0.12916100 -0.00745200
v 0.19367400 0.12916100 -0.00745200
v 0.19367400 0.12916100 -0.00745200
v 0.19367400 0.12916100 -0.00745200
v 0.19367400 0.12916100 -0.00745200
v 0.19367400 0.13066100 -0.00745200
v 0.19367400 0.13066100 -0.00745200
v 0.19367400 0.13066100 -0.00745200
v 0.18614000 0.12891100 -0.00751000
v 0.18614000 0.12891100 -0.00751000
v 0.18614000 0.12891100 -0.00751000
v 0.18614000 0.12891100 -0.00751000
v 0.18614000 0.12891100 -0.00751000
v 0.19759200 0.13341300 -0.00751400
v 0.19759200 0.13341300 -0.00751400
v 0.19759200 0.13341300 -0.00751400
v 0.19759200 0.13341300 -0.00751400
v 0.19759200 0.13341300 -0.00751400
v 0.19759200 0.13341300 -0.00751400
v 0.19750300 0.13328800 -0.00751400
v 0.19750300 0.13328800 -0.00751400
v 0.19750300 0.13328800 -0.00751400
v 0.19750300 0.13328800 -0.00751400
v 0.19750300 0.13328800 -0.00751400
v 0.19750300 0.13328800 -0.00751400
v 0.19770400 0.13351400 -0.00754800
v 0.19770400 0.13351400 -0.00754800
v 0.19770400 0.13351400 -0.00754800
v 0.19770400 0.13351400 -0.00754800
v 0.19770400 0.13351400 -0.00754800
v 0.19770400 0.13351400 -0.00754800
v 0.02010600 -0.09790200 -0.00757400
v 0.02010600 -0.09790200 -0.00757400
v 0.02010600 -0.09790200 -0.00757400
v 0.02010600 -0.09790200 -0.00757400
v 0.02010600 -0.09790200 -0.00757400
v 0.02010600 -0.09790200 -0.00757400
v 0.02027600 -0.09807400 -0.00763700
v 0.02027600 -0.09807400 -0.00763700
v 0.02027600 -0.09807400 -0.00763700
v 0.02027600 -0.09807400 -0.00763700
v 0.02027600 -0.09807400 -0.00763700
v 0.02027600 -0.09807400 -0.00763700
v 0.18604900 0.12872800 -0.00766900
v 0.18604900 0.12872800 -0.00766900
v 0.18604900 0.12872800 -0.00766900
v 0.18604900 0.12872800 -0.00766900
v 0.18604900 0.12872800 -0.00766900
v -0.01687000 -0.10583900 -0.00779700
v -0.01687000 -0.10583900 -0.00779700
v -0.01687000 -0.10583900 -0.00779700
v -0.01687000 -0.10583900 -0.00779700
v -0.01687000 -0.10583900 -0.00779700
v 0.19392400 0.12866100 -0.00788500
v 0.19392400 0.12866100 -0.00788500
v 0.19392400 0.12866100 -0.00788500
v 0.19392400 0.12866100 -0.00788500
v 0.19692800 0.13353900 -0.00809400
v 0.19692800 0.13353900 -0.00809400
v 0.19692800 0.13353900 -0.00809400
v 0.19692800 0.13353900 -0.00809400
v 0.19692800 0.13353900 -0.00809400
v 0.19692800 0.13353900 -0.00809400
v 0.18292300 0.13354100 -0.00809700
v 0.18292300 0.13354100 -0.00809700
v 0.18292300 0.13354100 -0.00809700
v 0.18292300 0.13354100 -0.00809700
v 0.18292300 0.13354100 -0.00809700
v 0.18292300 0.13354100 -0.00809700
v 0.19722500 0.13398300 -0.00821300
v 0.19722500 0.13398300 -0.00821300
v 0.19722500 0.13398300 -0.00821300
v 0.19722500 0.13398300 -0.00821300
v 0.19722500 0.13398300 -0.00821300
v 0.19722500 0.13398300 -0.00821300
v 0.18263000 0.13398700 -0.00821900
v 0.18263000 0.13398700 -0.00821900
v 0.18263000 0.13398700 -0.00821900
v 0.18263000 0.13398700 -0.00821900
v 0.18263000 0.13398700 -0.00821900
v -0.01572800 -0.09783900 -0.00826900
v -0.01572800 -0.09783900 -0.00826900
v -0.01572800 -0.09783900 -0.00826900
v -0.01572800 -0.09783900 -0.00826900
v 0.01957600 -0.09783900 -0.00826900
v 0.01957600 -0.09783900 -0.00826900
v 0.01957600 -0.09783900 -0.00826900
v 0.18862200 0.12916100 -0.00834300
v 0.18862200 0.12916100 -0.00834300
v 0.18862200 0.12916100 -0.00834300
v 0.18862200 0.12916100 -0.00834300
v 0.18862200 0.12916100 -0.00834300
v 0.18862200 0.13066100 -0.00834300
v 0.18862200 0.13066100 -0.00834300
v 0.18862200 0.13066100 -0.00834300
v 0.19123800 0.12891100 -0.00840900
v 0.19123800 0.12891100 -0.00840900
v 0.19123800 0.12891100 -0.00840900
v 0.19123800 0.12891100 -0.00840900
v 0.19123800 0.12891100 -0.00840900
v -0.01618900 -0.09831300 -0.00846000
v -0.01618900 -0.09831300 -0.00846000
v -0.01618900 -0.09831300 -0.00846000
v -0.01618900 -0.09831300 -0.00846000
v -0.01618900 -0.09831300 -0.00846000
v 0.02003700 -0.09831300 -0.00846000
v 0.02003700 -0.09831300 -0.00846000
v 0.02003700 -0.09831300 -0.00846000
v 0.02003700 -0.09831300 -0.00846000
v 0.02003700 -0.09831300 -0.00846000
v 0.19127000 0.12872800 -0.00858900
v 0.19127000 0.12872800 -0.00858900
v 0.19127000 0.12872800 -0.00858900
v 0.19127000 0.12872800 -0.00858900
v 0.19127000 0.12872800 -0.00858900
v 0.18364200 0.13420100 -0.00875900
v 0.18364200 0.13420100 -0.00875900
v 0.18364200 0.13420100 -0.00875900
v 0.18364200 0.13420100 -0.00875900
v 0.18364200 0.13420100 -0.00875900
v 0.18364200 0.13420100 -0.00875900
v 0.18356600 0.13431100 -0.00876400
v 0.18356600 0.13431100 -0.00876400
v 0.18356600 0.13431100 -0.00876400
v 0.18356600 0.13431100 -0.00876400
v 0.18356600 0.13431100 -0.00876400
v 0.18356600 0.13431100 -0.00876400
v 0.18347800 0.13440500 -0.00879800
v 0.18347800 0.13440500 -0.00879800
v 0.18347800 0.13440500 -0.00879800
v 0.18347800 0.13440500 -0.00879800
v 0.18347800 0.13440500 -0.00879800
v 0.18347800 0.13440500 -0.00879800
v 0.18853500 0.12866100 -0.00883500
v 0.18853500 0.12866100 -0.00883500
v 0.18853500 0.12866100 -0.00883500
v 0.18853500 0.12866100 -0.00883500
v 0.01149900 0.09416100 -0.00899200
v 0.01149900 0.09416100 -0.00899200
v 0.01149900 0.09416100 -0.00899200
v 0.01149900 0.09416100 -0.00899200
v 0.01149900 0.09416100 -0.00899200
v 0.01149900 0.09416100 -0.00899200
v 0.01691500 0.11437300 -0.00899200
v 0.01691500 0.11437300 -0.00899200
v 0.01691500 0.11437300 -0.00899200
v 0.01691500 0.11437300 -0.00899200
v 0.03171200 0.12917000 -0.00899200
v 0.03171200 0.12917000 -0.00899200
v 0.03171200 0.12917000 -0.00899200
v 0.03171200 0.12917000 -0.00899200
v 0.05192400 0.13458500 -0.00899200
v 0.05192400 0.13458500 -0.00899200
v 0.05192400 0.13458500 -0.00899200
v 0.05192400 0.13458500 -0.00899200
v 0.05192400 0.13458500 -0.00899200
v 0.05192400 0.13458500 -0.00899200
v 0.05192400 0.13458500 -0.00899200
v 0.01143500 -0.04094100 -0.00909700
v 0.01143500 -0.04094100 -0.00909700
v 0.01143500 -0.04094100 -0.00909700
v 0.01143500 -0.04094100 -0.00909700
v 0.01143500 -0.04094100 -0.00909700
v 0.01143500 -0.04094100 -0.00909700
v 0.01144700 -0.04106200 -0.00917500
v 0.01144700 -0.04106200 -0.00917500
v 0.01144700 -0.04106200 -0.00917500
v 0.01144700 -0.04106200 -0.00917500
v 0.01144700 -0.04106200 -0.00917500
v 0.01144700 -0.04106200 -0.00917500
v 0.19467400 0.12866100 -0.00918400
v 0.19467400 0.12866100 -0.00918400
v 0.19467400 0.12866100 -0.00918400
v 0.19467400 0.12866100 -0.00918400
v 0.01149100 -0.04116300 -0.00926900
v 0.01149100 -0.04116300 -0.00926900
v 0.01149100 -0.04116300 -0.00926900
v 0.01149100 -0.04116300 -0.00926900
v 0.01149100 -0.04116300 -0.00926900
v 0.01149100 -0.04116300 -0.00926900
v 0.18504900 0.12872800 -0.00940100
v 0.18504900 0.12872800 -0.00940100
v 0.18504900 0.12872800 -0.00940100
v 0.18504900 0.12872800 -0.00940100
v 0.18504900 0.12872800 -0.00940100
v 0.18504900 0.12872800 -0.00940100
v 0.18495700 0.12891100 -0.00955900
v 0.18495700 0.12891100 -0.00955900
v 0.18495700 0.12891100 -0.00955900
v 0.18495700 0.12891100 -0.00955900
v 0.18495700 0.12891100 -0.00955900
v 0.19492400 0.12916100 -0.00961700
v 0.19492400 0.12916100 -0.00961700
v 0.19492400 0.12916100 -0.00961700
v 0.19492400 0.12916100 -0.00961700
v 0.19492400 0.12916100 -0.00961700
v 0.19492400 0.12916100 -0.00961700
v 0.19492400 0.12916100 -0.00961700
v -0.00698900 -0.04040900 -0.00972100
v -0.00698900 -0.04040900 -0.00972100
v -0.00698900 -0.04040900 -0.00972100
v -0.00698900 -0.04040900 -0.00972100
v -0.00698900 -0.04040900 -0.00972100
v -0.00698900 -0.04040900 -0.00972100
v 0.19468700 0.13513400 -0.00976300
v 0.19468700 0.13513400 -0.00976300
v 0.19468700 0.13513400 -0.00976300
v 0.19468700 0.13513400 -0.00976300
v 0.19468700 0.13513400 -0.00976300
v 0.19468700 0.13513400 -0.00976300
v 0.01078900 -0.04038000 -0.00976900
v 0.01078900 -0.04038000 -0.00976900
v 0.01078900 -0.04038000 -0.00976900
v 0.01078900 -0.04038000 -0.00976900
v 0.01078900 -0.04038000 -0.00976900
v 0.19474500 0.13523000 -0.00977400
v 0.19474500 0.13523000 -0.00977400
v 0.19474500 0.13523000 -0.00977400
v 0.19474500 0.13523000 -0.00977400
v 0.19474500 0.13523000 -0.00977400
v 0.19474500 0.13523000 -0.00977400
v 0.19480900 0.13531600 -0.00980800
v 0.19480900 0.13531600 -0.00980800
v 0.19480900 0.13531600 -0.00980800
v 0.19480900 0.13531600 -0.00980800
v 0.19480900 0.13531600 -0.00980800
v 0.19480900 0.13531600 -0.00980800
v -0.00713600 -0.04086700 -0.01002100
v -0.00713600 -0.04086700 -0.01002100
v -0.00713600 -0.04086700 -0.01002100
v -0.00713600 -0.04086700 -0.01002100
v -0.00713600 -0.04086700 -0.01002100
v -0.00713600 -0.04086700 -0.01002100
v 0.01094200 -0.04084200 -0.01006500
v 0.01094200 -0.04084200 -0.01006500
v 0.01094200 -0.04084200 -0.01006500
v 0.01094200 -0.04084200 -0.01006500
v 0.01094200 -0.04084200 -0.01006500
v 0.20192400 0.13644800 -0.01014900
v 0.20192400 0.13644800 -0.01014900
v 0.20192400 0.13644800 -0.01014900
v 0.20192400 0.13644800 -0.01014900
v 0.20192400 0.15187400 -0.01014900
v 0.20192400 0.15187400 -0.01014900
v 0.20192400 0.15187400 -0.01014900
v 0.20192400 0.15187400 -0.01014900
v 0.18599700 0.13545700 -0.01015300
v 0.18599700 0.13545700 -0.01015300
v 0.18599700 0.13545700 -0.01015300
v 0.18599700 0.13545700 -0.01015300
v 0.18599700 0.13545700 -0.01015300
v 0.19384900 0.13545900 -0.01015500
v 0.19384900 0.13545900 -0.01015500
v 0.19384900 0.13545900 -0.01015500
v 0.19384900 0.13545900 -0.01015500
v 0.19384900 0.13545900 -0.01015500
v 0.19397600 0.13582400 -0.01027100
v 0.19397600 0.13582400 -0.01027100
v 0.19397600 0.13582400 -0.01027100
v 0.19397600 0.13582400 -0.01027100
v 0.19397600 0.13582400 -0.01027100
v 0.18587300 0.13582500 -0.01027100
v 0.18587300 0.13582500 -0.01027100
v 0.18587300 0.13582500 -0.01027100
v 0.18587300 0.13582500 -0.01027100
v 0.18587300 0.13582500 -0.01027100
v 0.18827400 0.12866100 -0.01031300
v 0.18827400 0.12866100 -0.01031300
v 0.18827400 0.12866100 -0.01031300
v 0.18827400 0.12866100 -0.01031300
v 0.18697200 0.13599200 -0.01052000
v 0.18697200 0.13599200 -0.01052000
v 0.18697200 0.13599200 -0.01052000
v 0.18697200 0.13599200 -0.01052000
v 0.18697200 0.13599200 -0.01052000
v 0.18697200 0.13599200 -0.01052000
v 0.20142400 0.13612600 -0.01053200
v 0.20142400 0.13612600 -0.01053200
v 0.20142400 0.13612600 -0.01053200
v 0.20142400 0.13612600 -0.01053200
v 0.20142400 0.13612600 -0.01053200
v 0.20142400 0.13612600 -0.01053200
v 0.20142400 0.13612600 -0.01053200
v 0.20142400 0.15219600 -0.01053200
v 0.20142400 0.15219600 -0.01053200
v 0.20142400 0.15219600 -0.01053200
v 0.20142400 0.15219600 -0.01053200
v 0.20142400 0.15219600 -0.01053200
v 0.20142400 0.15219600 -0.01053200
v 0.18693600 0.13607600 -0.01053600
v 0.18693600 0.13607600 -0.01053600
v 0.18693600 0.13607600 -0.01053600
v 0.18693600 0.13607600 -0.01053600
v 0.18693600 0.13607600 -0.01053600
v 0.18693600 0.13607600 -0.01053600
v 0.19161700 0.12872800 -0.01055900
v 0.19161700 0.12872800 -0.01055900
v 0.19161700 0.12872800 -0.01055900
v 0.19161700 0.12872800 -0.01055900
v 0.19161700 0.12872800 -0.01055900
v 0.18689700 0.13615400 -0.01056700
v 0.18689700 0.13615400 -0.01056700
v 0.18689700 0.13615400 -0.01056700
v 0.18689700 0.13615400 -0.01056700
v 0.18689700 0.13615400 -0.01056700
v 0.18689700 0.13615400 -0.01056700
v -0.00609400 -0.04004300 -0.01057700
v -0.00609400 -0.04004300 -0.01057700
v -0.00609400 -0.04004300 -0.01057700
v -0.00609400 -0.04004300 -0.01057700
v -0.00609400 -0.04004300 -0.01057700
v -0.00609400 -0.04004300 -0.01057700
v -0.00610000 -0.04017700 -0.01066800
v -0.00610000 -0.04017700 -0.01066800
v -0.00610000 -0.04017700 -0.01066800
v -0.00610000 -0.04017700 -0.01066800
v -0.00610000 -0.04017700 -0.01066800
v -0.00610000 -0.04017700 -0.01066800
v -0.01260000 -0.06576300 -0.01073800
v -0.01260000 -0.06576300 -0.01073800
v -0.01260000 -0.06576300 -0.01073800
v -0.01260000 -0.06576300 -0.01073800
v -0.01260000 -0.06576300 -0.01073800
v 0.19164900 0.12891100 -0.01073900
v 0.19164900 0.12891100 -0.01073900
v 0.19164900 0.12891100 -0.01073900
v 0.19164900 0.12891100 -0.01073900
v 0.19164900 0.12891100 -0.01073900
v -0.00614300 -0.04028200 -0.01078400
v -0.00614300 -0.04028200 -0.01078400
v -0.00614300 -0.04028200 -0.01078400
v -0.00614300 -0.04028200 -0.01078400
v -0.00614300 -0.04028200 -0.01078400
v -0.00614300 -0.04028200 -0.01078400
v 0.18818800 0.12916100 -0.01080500
v 0.18818800 0.12916100 -0.01080500
v 0.18818800 0.12916100 -0.01080500
v 0.18818800 0.12916100 -0.01080500
v 0.18818800 0.12916100 -0.01080500
v 0.18818800 0.12916100 -0.01080500
v 0.18818800 0.12916100 -0.01080500
v -0.01259100 -0.06568800 -0.01080600
v -0.01259100 -0.06568800 -0.01080600
v -0.01259100 -0.06568800 -0.01080600
v -0.01259100 -0.06568800 -0.01080600
v -0.01259100 -0.06568800 -0.01080600
v -0.01260000 -0.06562000 -0.01088100
v -0.01260000 -0.06562000 -0.01088100
v -0.01260000 -0.06562000 -0.01088100
v -0.01260000 -0.06562000 -0.01088100
v 0.19105700 0.13648600 -0.01089900
v 0.19105700 0.13648600 -0.01089900
v 0.19105700 0.13648600 -0.01089900
v 0.19105700 0.13648600 -0.01089900
v 0.19105700 0.13648600 -0.01089900
v 0.19105700 0.13648600 -0.01089900
v 0.19107100 0.13656400 -0.01091700
v 0.19107100 0.13656400 -0.01091700
v 0.19107100 0.13656400 -0.01091700
v 0.19107100 0.13656400 -0.01091700
v 0.19107100 0.13656400 -0.01091700
v 0.19107100 0.13656400 -0.01091700
v 0.19108600 0.13663800 -0.01094800
v 0.19108600 0.13663800 -0.01094800
v 0.19108600 0.13663800 -0.01094800
v 0.19108600 0.13663800 -0.01094800
v 0.19108600 0.13663800 -0.01094800
v 0.19108600 0.13663800 -0.01094800
v 0.18991700 0.13649600 -0.01095700
v 0.18991700 0.13649600 -0.01095700
v 0.18991700 0.13649600 -0.01095700
v 0.18991700 0.13649600 -0.01095700
v 0.18991700 0.13649600 -0.01095700
v 0.18991700 0.13649600 -0.01095700
v 0.18992000 0.13679100 -0.01105300
v 0.18992000 0.13679100 -0.01105300
v 0.18992000 0.13679100 -0.01105300
v 0.18992000 0.13679100 -0.01105300
v 0.18992000 0.13679100 -0.01105300
v 0.18992000 0.13679100 -0.01105300
v 0.18992000 0.13679100 -0.01105300
v 0.18992000 0.13679100 -0.01105300
v -0.00432600 0.09416100 -0.01178200
v -0.00432600 0.09416100 -0.01178200
v -0.00432600 0.09416100 -0.01178200
v -0.00432600 0.09416100 -0.01178200
v -0.00432600 0.09416100 -0.01178200
v -0.00432600 0.09416100 -0.01178200
v 0.00321000 0.12228600 -0.01178200
v 0.00321000 0.12228600 -0.01178200
v 0.00321000 0.12228600 -0.01178200
v 0.00321000 0.12228600 -0.01178200
v 0.02379900 0.14287500 -0.01178200
v 0.02379900 0.14287500 -0.01178200
v 0.02379900 0.14287500 -0.01178200
v 0.02379900 0.14287500 -0.01178200
v 0.05192400 0.15041100 -0.01178200
v 0.05192400 0.15041100 -0.01178200
v 0.05192400 0.15041100 -0.01178200
v 0.05192400 0.15041100 -0.01178200
v 0.05192400 0.15041100 -0.01178200
v 0.00767500 -0.03903400 -0.01208800
v 0.00767500 -0.03903400 -0.01208800
v 0.00767500 -0.03903400 -0.01208800
v 0.00767500 -0.03903400 -0.01208800
v 0.00767500 -0.03903400 -0.01208800
v 0.00767500 -0.03903400 -0.01208800
v 0.00767600 -0.03918400 -0.01219000
v 0.00767600 -0.03918400 -0.01219000
v 0.00767600 -0.03918400 -0.01219000
v 0.00767600 -0.03918400 -0.01219000
v 0.00767600 -0.03918400 -0.01219000
v 0.00767600 -0.03918400 -0.01219000
v 0.01533000 -0.09733900 -0.01220600
v 0.01533000 -0.09733900 -0.01220600
v 0.01533000 -0.09733900 -0.01220600
v 0.01533000 -0.09733900 -0.01220600
v 0.01533000 -0.09733900 -0.01220600
v 0.01533000 -0.09733900 -0.01220600
v 0.01533000 -0.09733900 -0.01220600
v -0.01153300 -0.09758900 -0.01224900
v -0.01153300 -0.09758900 -0.01224900
v -0.01153300 -0.09758900 -0.01224900
v -0.01153300 -0.09758900 -0.01224900
v -0.01153300 -0.09758900 -0.01224900
v 0.00771100 -0.03929300 -0.01233100
v 0.00771100 -0.03929300 -0.01233100
v 0.00771100 -0.03929300 -0.01233100
v 0.00771100 -0.03929300 -0.01233100
v 0.00771100 -0.03929300 -0.01233100
v 0.00771100 -0.03929300 -0.01233100
v -0.01167400 -0.09777200 -0.01236600
v -0.01167400 -0.09777200 -0.01236600
v -0.01167400 -0.09777200 -0.01236600
v -0.01167400 -0.09777200 -0.01236600
v -0.01167400 -0.09777200 -0.01236600
v -0.00305100 -0.03859900 -0.01242400
v -0.00305100 -0.03859900 -0.01242400
v -0.00305100 -0.03859900 -0.01242400
v -0.00305100 -0.03859900 -0.01242400
v -0.00305100 -0.03859900 -0.01242400
v 0.00682300 -0.03857500 -0.01245700
v 0.00682300 -0.03857500 -0.01245700
v 0.00682300 -0.03857500 -0.01245700
v 0.00682300 -0.03857500 -0.01245700
v 0.00682300 -0.03857500 -0.01245700
v 0.00682300 -0.03857500 -0.01245700
v 0.20185700 0.13997100 -0.01246800
v 0.20185700 0.13997100 -0.01246800
v 0.20185700 0.13997100 -0.01246800
v 0.20185700 0.13997100 -0.01246800
v 0.20185700 0.13997100 -0.01246800
v 0.20185700 0.14835100 -0.01246800
v 0.20185700 0.14835100 -0.01246800
v 0.20185700 0.14835100 -0.01246800
v 0.20185700 0.14835100 -0.01246800
v 0.20185700 0.14835100 -0.01246800
v 0.01571300 -0.09783900 -0.01252700
v 0.01571300 -0.09783900 -0.01252700
v 0.01571300 -0.09783900 -0.01252700
v 0.01571300 -0.09783900 -0.01252700
v 0.20167400 0.13990900 -0.01264000
v 0.20167400 0.13990900 -0.01264000
v 0.20167400 0.13990900 -0.01264000
v 0.20167400 0.13990900 -0.01264000
v 0.20167400 0.13990900 -0.01264000
v 0.20167400 0.14841300 -0.01264000
v 0.20167400 0.14841300 -0.01264000
v 0.20167400 0.14841300 -0.01264000
v 0.20167400 0.14841300 -0.01264000
v 0.20167400 0.14841300 -0.01264000
v -0.00216100 -0.03852600 -0.01280400
v -0.00216100 -0.03852600 -0.01280400
v -0.00216100 -0.03852600 -0.01280400
v -0.00216100 -0.03852600 -0.01280400
v -0.00216100 -0.03852600 -0.01280400
v -0.00216100 -0.03852600 -0.01280400
v -0.00314500 -0.03908900 -0.01286600
v -0.00314500 -0.03908900 -0.01286600
v -0.00314500 -0.03908900 -0.01286600
v -0.00314500 -0.03908900 -0.01286600
v -0.00314500 -0.03908900 -0.01286600
v 0.00692400 -0.03906900 -0.01289600
v 0.00692400 -0.03906900 -0.01289600
v 0.00692400 -0.03906900 -0.01289600
v 0.00692400 -0.03906900 -0.01289600
v 0.00692400 -0.03906900 -0.01289600
v 0.00692400 -0.03906900 -0.01289600
v -0.00216000 -0.03868500 -0.01291200
v -0.00216000 -0.03868500 -0.01291200
v -0.00216000 -0.03868500 -0.01291200
v -0.00216000 -0.03868500 -0.01291200
v -0.00216000 -0.03868500 -0.01291200
v -0.00216000 -0.03868500 -0.01291200
v 0.20192400 0.14416100 -0.01295700
v 0.20192400 0.14416100 -0.01295700
v 0.20192400 0.14416100 -0.01295700
v 0.20192400 0.14416100 -0.01295700
v -0.00218700 -0.03879600 -0.01306700
v -0.00218700 -0.03879600 -0.01306700
v -0.00218700 -0.03879600 -0.01306700
v -0.00218700 -0.03879600 -0.01306700
v -0.00218700 -0.03879600 -0.01306700
v -0.00218700 -0.03879600 -0.01306700
v 0.00409400 0.09416100 -0.01326700
v 0.00409400 0.09416100 -0.01326700
v 0.00409400 0.09416100 -0.01326700
v 0.00409400 0.09416100 -0.01326700
v 0.00409400 0.09416100 -0.01326700
v 0.01050200 0.11807600 -0.01326700
v 0.01050200 0.11807600 -0.01326700
v 0.01050200 0.11807600 -0.01326700
v 0.01050200 0.11807600 -0.01326700
v 0.02800900 0.13558200 -0.01326700
v 0.02800900 0.13558200 -0.01326700
v 0.02800900 0.13558200 -0.01326700
v 0.02800900 0.13558200 -0.01326700
v 0.05192400 0.14199000 -0.01326700
v 0.05192400 0.14199000 -0.01326700
v 0.05192400 0.14199000 -0.01326700
v 0.05192400 0.14199000 -0.01326700
v 0.05192400 0.14199000 -0.01326700
v -0.01045100 -0.06856700 -0.01333100
v -0.01045100 -0.06856700 -0.01333100
v -0.01045100 -0.06856700 -0.01333100
v -0.01045100 -0.06856700 -0.01333100
v -0.01045100 -0.06856700 -0.01333100
v -0.01045100 -0.06856700 -0.01333100
v 0.01429800 -0.06856700 -0.01333100
v 0.01429800 -0.06856700 -0.01333100
v 0.01429800 -0.06856700 -0.01333100
v 0.01429800 -0.06856700 -0.01333100
v 0.01429800 -0.06856700 -0.01333100
v -0.01289800 -0.09790200 -0.01339400
v -0.01289800 -0.09790200 -0.01339400
v -0.01289800 -0.09790200 -0.01339400
v -0.01289800 -0.09790200 -0.01339400
v -0.01289800 -0.09790200 -0.01339400
v -0.01289800 -0.09790200 -0.01339400
v 0.01425800 -0.06846300 -0.01339500
v 0.01425800 -0.06846300 -0.01339500
v 0.01425800 -0.06846300 -0.01339500
v 0.01425800 -0.06846300 -0.01339500
v 0.01425800 -0.06846300 -0.01339500
v 0.01425800 -0.06846300 -0.01339500
v 0.00187000 -0.03783900 -0.01345700
v 0.00187000 -0.03783900 -0.01345700
v 0.00187000 -0.03783900 -0.01345700
v 0.00187000 -0.03783900 -0.01345700
v 0.00187000 -0.03783900 -0.01345700
v 0.00187000 -0.03783900 -0.01345700
v 0.20142400 0.14416100 -0.01345700
v 0.20142400 0.14416100 -0.01345700
v 0.20142400 0.14416100 -0.01345700
v 0.20142400 0.14416100 -0.01345700
v 0.20142400 0.14416100 -0.01345700
v 0.20142400 0.14416100 -0.01345700
v 0.20142400 0.14416100 -0.01345700
v 0.00285700 -0.03804900 -0.01345700
v 0.00285700 -0.03804900 -0.01345700
v 0.00285700 -0.03804900 -0.01345700
v 0.00285700 -0.03804900 -0.01345700
v 0.00285700 -0.03804900 -0.01345700
v 0.00285700 -0.03804900 -0.01345700
v 0.01424300 -0.06836300 -0.01348100
v 0.01424300 -0.06836300 -0.01348100
v 0.01424300 -0.06836300 -0.01348100
v 0.01424300 -0.06836300 -0.01348100
v 0.01424300 -0.06836300 -0.01348100
v 0.01424300 -0.06836300 -0.01348100
v -0.01303700 -0.09807400 -0.01351100
v -0.01303700 -0.09807400 -0.01351100
v -0.01303700 -0.09807400 -0.01351100
v -0.01303700 -0.09807400 -0.01351100
v -0.01303700 -0.09807400 -0.01351100
v -0.01303700 -0.09807400 -0.01351100
v 0.00285600 -0.03821800 -0.01356800
v 0.00285600 -0.03821800 -0.01356800
v 0.00285600 -0.03821800 -0.01356800
v 0.00285600 -0.03821800 -0.01356800
v 0.00285600 -0.03821800 -0.01356800
v 0.00285600 -0.03821800 -0.01356800
v 0.01425800 -0.06827700 -0.01358100
v 0.01425800 -0.06827700 -0.01358100
v 0.01425800 -0.06827700 -0.01358100
v 0.01425800 -0.06827700 -0.01358100
v 0.01425800 -0.06827700 -0.01358100
v 0.01425800 -0.06827700 -0.01358100
v -0.01045100 -0.06821400 -0.01368500
v -0.01045100 -0.06821400 -0.01368500
v -0.01045100 -0.06821400 -0.01368500
v -0.01045100 -0.06821400 -0.01368500
v -0.01045100 -0.06821400 -0.01368500
v 0.01429800 -0.06821400 -0.01368500
v 0.01429800 -0.06821400 -0.01368500
v 0.01429800 -0.06821400 -0.01368500
v 0.01429800 -0.06821400 -0.01368500
v 0.01429800 -0.06821400 -0.01368500
v 0.01429800 -0.06821400 -0.01368500
v 0.00286300 -0.03832900 -0.01373700
v 0.00286300 -0.03832900 -0.01373700
v 0.00286300 -0.03832900 -0.01373700
v 0.00286300 -0.03832900 -0.01373700
v 0.00286300 -0.03832900 -0.01373700
v 0.00286300 -0.03832900 -0.01373700
v 0.01724500 -0.10583900 -0.01381300
v 0.01724500 -0.10583900 -0.01381300
v 0.01724500 -0.10583900 -0.01381300
v 0.01724500 -0.10583900 -0.01381300
v 0.01724500 -0.10583900 -0.01381300
v 0.00187300 -0.03833900 -0.01395700
v 0.00187300 -0.03833900 -0.01395700
v 0.00187300 -0.03833900 -0.01395700
v 0.00187300 -0.03833900 -0.01395700
v 0.00187300 -0.03833900 -0.01395700
v -0.01158600 -0.09783900 -0.01446700
v -0.01158600 -0.09783900 -0.01446700
v -0.01158600 -0.09783900 -0.01446700
v 0.01543400 -0.09783900 -0.01446700
v 0.01543400 -0.09783900 -0.01446700
v 0.01543400 -0.09783900 -0.01446700
v 0.01543400 -0.09783900 -0.01446700
v -0.01193900 -0.09831300 -0.01482000
v -0.01193900 -0.09831300 -0.01482000
v -0.01193900 -0.09831300 -0.01482000
v -0.01193900 -0.09831300 -0.01482000
v -0.01193900 -0.09831300 -0.01482000
v 0.01578700 -0.09831300 -0.01482000
v 0.01578700 -0.09831300 -0.01482000
v 0.01578700 -0.09831300 -0.01482000
v 0.01578700 -0.09831300 -0.01482000
v 0.01578700 -0.09831300 -0.01482000
v -0.00682600 -0.09733900 -0.01611200
v -0.00682600 -0.09733900 -0.01611200
v -0.00682600 -0.09733900 -0.01611200
v -0.00682600 -0.09733900 -0.01611200
v -0.00682600 -0.09733900 -0.01611200
v -0.00682600 -0.09733900 -0.01611200
v -0.00682600 -0.09733900 -0.01611200
v 0.01070700 -0.09758900 -0.01617000
v 0.01070700 -0.09758900 -0.01617000
v 0.01070700 -0.09758900 -0.01617000
v 0.01070700 -0.09758900 -0.01617000
v 0.01070700 -0.09758900 -0.01617000
v 0.01079900 -0.09777200 -0.01632900
v 0.01079900 -0.09777200 -0.01632900
v 0.01079900 -0.09777200 -0.01632900
v 0.01079900 -0.09777200 -0.01632900
v 0.01079900 -0.09777200 -0.01632900
v -0.00707600 -0.09783900 -0.01654500
v -0.00707600 -0.09783900 -0.01654500
v -0.00707600 -0.09783900 -0.01654500
v -0.00707600 -0.09783900 -0.01654500
v -0.00477300 -0.07246900 -0.01712500
v -0.00477300 -0.07246900 -0.01712500
v -0.00477300 -0.07246900 -0.01712500
v -0.00477300 -0.07246900 -0.01712500
v -0.00477300 -0.07246900 -0.01712500
v 0.00862100 -0.07246900 -0.01712500
v 0.00862100 -0.07246900 -0.01712500
v 0.00862100 -0.07246900 -0.01712500
v 0.00862100 -0.07246900 -0.01712500
v 0.00862100 -0.07246900 -0.01712500
v 0.00862100 -0.07246900 -0.01712500
v -0.00472900 -0.07231100 -0.01717500
v -0.00472900 -0.07231100 -0.01717500
v -0.00472900 -0.07231100 -0.01717500
v -0.00472900 -0.07231100 -0.01717500
v -0.00472900 -0.07231100 -0.01717500
v -0.00472900 -0.07231100 -0.01717500
v -0.00471200 -0.07216400 -0.01728200
v -0.00471200 -0.07216400 -0.01728200
v -0.00471200 -0.07216400 -0.01728200
v -0.00471200 -0.07216400 -0.01728200
v -0.00471200 -0.07216400 -0.01728200
v -0.00471200 -0.07216400 -0.01728200
v -0.00472900 -0.07205700 -0.01742900
v -0.00472900 -0.07205700 -0.01742900
v -0.00472900 -0.07205700 -0.01742900
v -0.00472900 -0.07205700 -0.01742900
v -0.00472900 -0.07205700 -0.01742900
v -0.00472900 -0.07205700 -0.01742900
v -0.00477300 -0.07200700 -0.01758700
v -0.00477300 -0.07200700 -0.01758700
v -0.00477300 -0.07200700 -0.01758700
v -0.00477300 -0.07200700 -0.01758700
v -0.00477300 -0.07200700 -0.01758700
v -0.00477300 -0.07200700 -0.01758700
v 0.00862100 -0.07200700 -0.01758700
v 0.00862100 -0.07200700 -0.01758700
v 0.00862100 -0.07200700 -0.01758700
v 0.00862100 -0.07200700 -0.01758700
v 0.00862100 -0.07200700 -0.01758700
v 0.01159800 -0.09790200 -0.01771300
v 0.01159800 -0.09790200 -0.01771300
v 0.01159800 -0.09790200 -0.01771300
v 0.01159800 -0.09790200 -0.01771300
v 0.01159800 -0.09790200 -0.01771300
v 0.01159800 -0.09790200 -0.01771300
v 0.01168900 -0.09807400 -0.01787100
v 0.01168900 -0.09807400 -0.01787100
v 0.01168900 -0.09807400 -0.01787100
v 0.01168900 -0.09807400 -0.01787100
v 0.01168900 -0.09807400 -0.01787100
v 0.01168900 -0.09807400 -0.01787100
v 0.00531100 -0.07331700 -0.01816000
v 0.00531100 -0.07331700 -0.01816000
v 0.00531100 -0.07331700 -0.01816000
v 0.00531100 -0.07331700 -0.01816000
v 0.00531100 -0.07331700 -0.01816000
v 0.00531100 -0.07331700 -0.01816000
v 0.00496300 -0.09733900 -0.01819100
v 0.00496300 -0.09733900 -0.01819100
v 0.00496300 -0.09733900 -0.01819100
v 0.00496300 -0.09733900 -0.01819100
v 0.00496300 -0.09733900 -0.01819100
v 0.00496300 -0.09733900 -0.01819100
v -0.00112700 -0.09758900 -0.01825700
v -0.00112700 -0.09758900 -0.01825700
v -0.00112700 -0.09758900 -0.01825700
v -0.00112700 -0.09758900 -0.01825700
v -0.00112700 -0.09758900 -0.01825700
v 0.00530000 -0.07315300 -0.01827100
v 0.00530000 -0.07315300 -0.01827100
v 0.00530000 -0.07315300 -0.01827100
v 0.00530000 -0.07315300 -0.01827100
v 0.00530000 -0.07315300 -0.01827100
v 0.00530000 -0.07315300 -0.01827100
v -0.00807600 -0.10583900 -0.01827700
v -0.00807600 -0.10583900 -0.01827700
v -0.00807600 -0.10583900 -0.01827700
v -0.00807600 -0.10583900 -0.01827700
v -0.00807600 -0.10583900 -0.01827700
v 0.00022300 -0.07357000 -0.01840900
v 0.00022300 -0.07357000 -0.01840900
v 0.00022300 -0.07357000 -0.01840900
v 0.00022300 -0.07357000 -0.01840900
v 0.00022300 -0.07357000 -0.01840900
v 0.00022300 -0.07357000 -0.01840900
v 0.00531100 -0.07304300 -0.01843400
v 0.00531100 -0.07304300 -0.01843400
v 0.00531100 -0.07304300 -0.01843400
v 0.00531100 -0.07304300 -0.01843400
v 0.00531100 -0.07304300 -0.01843400
v 0.00531100 -0.07304300 -0.01843400
v -0.00115800 -0.09777200 -0.01843700
v -0.00115800 -0.09777200 -0.01843700
v -0.00115800 -0.09777200 -0.01843700
v -0.00115800 -0.09777200 -0.01843700
v -0.00115800 -0.09777200 -0.01843700
v 0.00192400 -0.07383900 -0.01845700
v 0.00192400 -0.07383900 -0.01845700
v 0.00192400 -0.07383900 -0.01845700
v 0.00192400 -0.07383900 -0.01845700
v 0.00192400 -0.07383900 -0.01845700
v 0.00192400 -0.07383900 -0.01845700
v 0.00022800 -0.07340300 -0.01852000
v 0.00022800 -0.07340300 -0.01852000
v 0.00022800 -0.07340300 -0.01852000
v 0.00022800 -0.07340300 -0.01852000
v 0.00022800 -0.07340300 -0.01852000
v 0.00022800 -0.07340300 -0.01852000
v -0.00538800 -0.09783900 -0.01860900
v -0.00538800 -0.09783900 -0.01860900
v -0.00538800 -0.09783900 -0.01860900
v -0.00538800 -0.09783900 -0.01860900
v 0.00923500 -0.09783900 -0.01860900
v 0.00923500 -0.09783900 -0.01860900
v 0.00923500 -0.09783900 -0.01860900
v 0.00504900 -0.09783900 -0.01868300
v 0.00504900 -0.09783900 -0.01868300
v 0.00504900 -0.09783900 -0.01868300
v 0.00504900 -0.09783900 -0.01868300
v 0.00022300 -0.07329100 -0.01868800
v 0.00022300 -0.07329100 -0.01868800
v 0.00022300 -0.07329100 -0.01868800
v 0.00022300 -0.07329100 -0.01868800
v 0.00022300 -0.07329100 -0.01868800
v 0.00022300 -0.07329100 -0.01868800
v 0.00192400 -0.07333900 -0.01895700
v 0.00192400 -0.07333900 -0.01895700
v 0.00192400 -0.07333900 -0.01895700
v 0.00192400 -0.07333900 -0.01895700
v 0.00192400 -0.07333900 -0.01895700
v 0.00192400 -0.07333900 -0.01895700
v -0.00557900 -0.09831300 -0.01907000
v -0.00557900 -0.09831300 -0.01907000
v -0.00557900 -0.09831300 -0.01907000
v -0.00557900 -0.09831300 -0.01907000
v -0.00557900 -0.09831300 -0.01907000
v 0.00942700 -0.09831300 -0.01907000
v 0.00942700 -0.09831300 -0.01907000
v 0.00942700 -0.09831300 -0.01907000
v 0.00942700 -0.09831300 -0.01907000
v 0.00942700 -0.09831300 -0.01907000
v -0.00143600 -0.09790200 -0.02001200
v -0.00143600 -0.09790200 -0.02001200
v -0.00143600 -0.09790200 -0.02001200
v -0.00143600 -0.09790200 -0.02001200
v -0.00143600 -0.09790200 -0.02001200
v 0.00192400 -0.09783900 -0.02006300
v 0.00192400 -0.09783900 -0.02006300
v 0.00192400 -0.09783900 -0.02006300
v 0.00192400 -0.09783900 -0.02006300
v -0.00146800 -0.09807400 -0.02019000
v -0.00146800 -0.09807400 -0.02019000
v -0.00146800 -0.09807400 -0.02019000
v -0.00146800 -0.09807400 -0.02019000
v -0.00146800 -0.09807400 -0.02019000
v 0.00192400 -0.09831300 -0.02056200
v 0.00192400 -0.09831300 -0.02056200
v 0.00192400 -0.09831300 -0.02056200
v 0.00192400 -0.09831300 -0.02056200
v 0.00192400 -0.09831300 -0.02056200
v 0.00192400 -0.09831300 -0.02056200
v 0.00539700 -0.10583900 -0.02065300
v 0.00539700 -0.10583900 -0.02065300
v 0.00539700 -0.10583900 -0.02065300
v 0.00539700 -0.10583900 -0.02065300
v -0.00111500 -0.07307300 -0.03295700
v -0.00111500 -0.07307300 -0.03295700
v -0.00111500 -0.07307300 -0.03295700
v -0.00111500 -0.07307300 -0.03295700
v -0.00111500 -0.07307300 -0.03295700
v -0.00111500 -0.07307300 -0.03295700
v 0.01067400 -0.07099500 -0.03295700
v 0.01067400 -0.07099500 -0.03295700
v 0.01067400 -0.07099500 -0.03295700
v 0.01067400 -0.07099500 -0.03295700
v 0.01067400 -0.07099500 -0.03295700
v 0.01067400 -0.07099500 -0.03295700
v 0.01067400 -0.07099500 -0.03295700
v -0.01148200 -0.06708800 -0.03295700
v -0.01148200 -0.06708800 -0.03295700
v -0.01148200 -0.06708800 -0.03295700
v -0.01148200 -0.06708800 -0.03295700
v -0.01148200 -0.06708800 -0.03295700
v -0.01148200 -0.06708800 -0.03295700
v -0.01148200 -0.06708800 -0.03295700
v 0.01836800 -0.06182500 -0.03295700
v 0.01836800 -0.06182500 -0.03295700
v 0.01836800 -0.06182500 -0.03295700
v 0.01836800 -0.06182500 -0.03295700
v 0.01836800 -0.06182500 -0.03295700
v 0.01836800 -0.06182500 -0.03295700
v -0.01557600 -0.05583900 -0.03295700
v -0.01557600 -0.05583900 -0.03295700
v -0.01557600 -0.05583900 -0.03295700
v -0.01557600 -0.05583900 -0.03295700
v -0.01557600 -0.05583900 -0.03295700
v -0.01557600 -0.05583900 -0.03295700
v 0.01836800 -0.04985400 -0.03295700
v 0.01836800 -0.04985400 -0.03295700
v 0.01836800 -0.04985400 -0.03295700
v 0.01836800 -0.04985400 -0.03295700
v 0.01836800 -0.04985400 -0.03295700
v 0.01836800 -0.04985400 -0.03295700
v 0.01836800 -0.04985400 -0.03295700
v -0.01148200 -0.04459000 -0.03295700
v -0.01148200 -0.04459000 -0.03295700
v -0.01148200 -0.04459000 -0.03295700
v -0.01148200 -0.04459000 -0.03295700
v -0.01148200 -0.04459000 -0.03295700
v -0.01148200 -0.04459000 -0.03295700
v -0.01148200 -0.04459000 -0.03295700
v -0.01148200 -0.04459000 -0.03295700
v 0.01067400 -0.04068400 -0.03295700
v 0.01067400 -0.04068400 -0.03295700
v 0.01067400 -0.04068400 -0.03295700
v 0.01067400 -0.04068400 -0.03295700
v 0.01067400 -0.04068400 -0.03295700
v 0.01067400 -0.04068400 -0.03295700
v 0.01067400 -0.04068400 -0.03295700
v -0.00111500 -0.03860500 -0.03295700
v -0.00111500 -0.03860500 -0.03295700
v -0.00111500 -0.03860500 -0.03295700
v -0.00111500 -0.03860500 -0.03295700
v -0.00111500 -0.03860500 -0.03295700
v -0.00111500 -0.03860500 -0.03295700
v -0.00111500 -0.03860500 -0.03295700
v -0.00111500 -0.03860500 -0.03295700
v 0.00495100 -0.07300700 -0.03320700
v 0.00495100 -0.07300700 -0.03320700
v 0.00495100 -0.07300700 -0.03320700
v 0.00495100 -0.07300700 -0.03320700
v 0.00495100 -0.07300700 -0.03320700
v -0.00679300 -0.07093700 -0.03320700
v -0.00679300 -0.07093700 -0.03320700
v -0.00679300 -0.07093700 -0.03320700
v -0.00679300 -0.07093700 -0.03320700
v -0.00679300 -0.07093700 -0.03320700
v 0.01527800 -0.06704500 -0.03320700
v 0.01527800 -0.06704500 -0.03320700
v 0.01527800 -0.06704500 -0.03320700
v 0.01527800 -0.06704500 -0.03320700
v 0.01527800 -0.06704500 -0.03320700
v -0.01445800 -0.06180200 -0.03320700
v -0.01445800 -0.06180200 -0.03320700
v -0.01445800 -0.06180200 -0.03320700
v -0.01445800 -0.06180200 -0.03320700
v -0.01445800 -0.06180200 -0.03320700
v 0.01935700 -0.05583900 -0.03320700
v 0.01935700 -0.05583900 -0.03320700
v 0.01935700 -0.05583900 -0.03320700
v 0.01935700 -0.05583900 -0.03320700
v 0.01935700 -0.05583900 -0.03320700
v -0.01445800 -0.04987700 -0.03320700
v -0.01445800 -0.04987700 -0.03320700
v -0.01445800 -0.04987700 -0.03320700
v -0.01445800 -0.04987700 -0.03320700
v -0.01445800 -0.04987700 -0.03320700
v 0.01527800 -0.04463400 -0.03320700
v 0.01527800 -0.04463400 -0.03320700
v 0.01527800 -0.04463400 -0.03320700
v 0.01527800 -0.04463400 -0.03320700
v 0.01527800 -0.04463400 -0.03320700
v -0.00679300 -0.04074200 -0.03320700
v -0.00679300 -0.04074200 -0.03320700
v -0.00679300 -0.04074200 -0.03320700
v -0.00679300 -0.04074200 -0.03320700
v -0.00679300 -0.04074200 -0.03320700
v 0.00495100 -0.03867100 -0.03320700
v 0.00495100 -0.03867100 -0.03320700
v 0.00495100 -0.03867100 -0.03320700
v 0.00495100 -0.03867100 -0.03320700
v 0.00495100 -0.03867100 -0.03320700
v 0.00491900 -0.07282700 -0.03339000
v 0.00491900 -0.07282700 -0.03339000
v 0.00491900 -0.07282700 -0.03339000
v 0.00491900 -0.07282700 -0.03339000
v 0.00491900 -0.07282700 -0.03339000
v -0.00670100 -0.07077800 -0.03339000
v -0.00670100 -0.07077800 -0.03339000
v -0.00670100 -0.07077800 -0.03339000
v -0.00670100 -0.07077800 -0.03339000
v -0.00670100 -0.07077800 -0.03339000
v 0.01513800 -0.06692700 -0.03339000
v 0.01513800 -0.06692700 -0.03339000
v 0.01513800 -0.06692700 -0.03339000
v 0.01513800 -0.06692700 -0.03339000
v 0.01513800 -0.06692700 -0.03339000
v -0.01428600 -0.06173900 -0.03339000
v -0.01428600 -0.06173900 -0.03339000
v -0.01428600 -0.06173900 -0.03339000
v -0.01428600 -0.06173900 -0.03339000
v -0.01428600 -0.06173900 -0.03339000
v 0.01917400 -0.05583900 -0.03339000
v 0.01917400 -0.05583900 -0.03339000
v 0.01917400 -0.05583900 -0.03339000
v 0.01917400 -0.05583900 -0.03339000
v 0.01917400 -0.05583900 -0.03339000
v -0.01428600 -0.04993900 -0.03339000
v -0.01428600 -0.04993900 -0.03339000
v -0.01428600 -0.04993900 -0.03339000
v -0.01428600 -0.04993900 -0.03339000
v -0.01428600 -0.04993900 -0.03339000
v 0.01513800 -0.04475100 -0.03339000
v 0.01513800 -0.04475100 -0.03339000
v 0.01513800 -0.04475100 -0.03339000
v 0.01513800 -0.04475100 -0.03339000
v 0.01513800 -0.04475100 -0.03339000
v -0.00670100 -0.04090000 -0.03339000
v -0.00670100 -0.04090000 -0.03339000
v -0.00670100 -0.04090000 -0.03339000
v -0.00670100 -0.04090000 -0.03339000
v -0.00670100 -0.04090000 -0.03339000
v 0.00491900 -0.03885100 -0.03339000
v 0.00491900 -0.03885100 -0.03339000
v 0.00491900 -0.03885100 -0.03339000
v 0.00491900 -0.03885100 -0.03339000
v 0.00491900 -0.03885100 -0.03339000
v -0.00102800 -0.07258100 -0.03345700
v -0.00102800 -0.07258100 -0.03345700
v -0.00102800 -0.07258100 -0.03345700
v -0.00102800 -0.07258100 -0.03345700
v 0.01042400 -0.07056200 -0.03345700
v 0.01042400 -0.07056200 -0.03345700
v 0.01042400 -0.07056200 -0.03345700
v 0.01042400 -0.07056200 -0.03345700
v -0.00010900 -0.06736700 -0.03345700
v -0.00010900 -0.06736700 -0.03345700
v -0.00010900 -0.06736700 -0.03345700
v -0.01109900 -0.06676700 -0.03345700
v -0.01109900 -0.06676700 -0.03345700
v -0.01109900 -0.06676700 -0.03345700
v -0.01109900 -0.06676700 -0.03345700
v 0.00777600 -0.06597600 -0.03345700
v 0.00777600 -0.06597600 -0.03345700
v 0.00777600 -0.06597600 -0.03345700
v -0.00704300 -0.06336300 -0.03345700
v -0.00704300 -0.06336300 -0.03345700
v -0.00704300 -0.06336300 -0.03345700
v 0.01789900 -0.06165400 -0.03345700
v 0.01789900 -0.06165400 -0.03345700
v 0.01789900 -0.06165400 -0.03345700
v 0.01789900 -0.06165400 -0.03345700
v 0.01292300 -0.05984300 -0.03345700
v 0.01292300 -0.05984300 -0.03345700
v 0.01292300 -0.05984300 -0.03345700
v -0.01507600 -0.05583900 -0.03345700
v -0.01507600 -0.05583900 -0.03345700
v -0.01507600 -0.05583900 -0.03345700
v -0.01507600 -0.05583900 -0.03345700
v -0.00978100 -0.05583900 -0.03345700
v -0.00978100 -0.05583900 -0.03345700
v -0.00978100 -0.05583900 -0.03345700
v 0.01292300 -0.05183600 -0.03345700
v 0.01292300 -0.05183600 -0.03345700
v 0.01292300 -0.05183600 -0.03345700
v 0.01789900 -0.05002500 -0.03345700
v 0.01789900 -0.05002500 -0.03345700
v 0.01789900 -0.05002500 -0.03345700
v 0.01789900 -0.05002500 -0.03345700
v -0.00704300 -0.04831500 -0.03345700
v -0.00704300 -0.04831500 -0.03345700
v -0.00704300 -0.04831500 -0.03345700
v 0.00777600 -0.04570200 -0.03345700
v 0.00777600 -0.04570200 -0.03345700
v 0.00777600 -0.04570200 -0.03345700
v -0.01109900 -0.04491200 -0.03345700
v -0.01109900 -0.04491200 -0.03345700
v -0.01109900 -0.04491200 -0.03345700
v -0.01109900 -0.04491200 -0.03345700
v -0.00010900 -0.04431200 -0.03345700
v -0.00010900 -0.04431200 -0.03345700
v -0.00010900 -0.04431200 -0.03345700
v 0.01042400 -0.04111700 -0.03345700
v 0.01042400 -0.04111700 -0.03345700
v 0.01042400 -0.04111700 -0.03345700
v 0.01042400 -0.04111700 -0.03345700
v -0.00102800 -0.03909800 -0.03345700
v -0.00102800 -0.03909800 -0.03345700
v -0.00102800 -0.03909800 -0.03345700
v -0.00102800 -0.03909800 -0.03345700
v -0.00010900 -0.06736700 -0.03845700
v -0.00010900 -0.06736700 -0.03845700
v -0.00010900 -0.06736700 -0.03845700
v 0.00777600 -0.06597600 -0.03845700
v 0.00777600 -0.06597600 -0.03845700
v 0.00777600 -0.06597600 -0.03845700
v -0.00704300 -0.06336300 -0.03845700
v -0.00704300 -0.06336300 -0.03845700
v -0.00704300 -0.06336300 -0.03845700
v 0.01292300 -0.05984300 -0.03845700
v 0.01292300 -0.05984300 -0.03845700
v 0.01292300 -0.05984300 -0.03845700
v -0.00978100 -0.05583900 -0.03845700
v -0.00978100 -0.05583900 -0.03845700
v -0.00978100 -0.05583900 -0.03845700
v 0.01292300 -0.05183600 -0.03845700
v 0.01292300 -0.05183600 -0.03845700
v 0.01292300 -0.05183600 -0.03845700
v -0.00704300 -0.04831500 -0.03845700
v -0.00704300 -0.04831500 -0.03845700
v -0.00704300 -0.04831500 -0.03845700
v 0.00777600 -0.04570200 -0.03845700
v 0.00777600 -0.04570200 -0.03845700
v 0.00777600 -0.04570200 -0.03845700
v -0.00010900 -0.04431200 -0.03845700
v -0.00010900 -0.04431200 -0.03845700
v -0.00010900 -0.04431200 -0.03845700
f 1740 1561 1552
f 1555 1560 1195
f 1551 1194 869
f 870 1190 921
f 867 918 732
f 730 645 871
f 865 646 503
f 502 642 535
f 505 540 544
f 643 740 539
f 537 741 1043
f 1049 739 924
f 1046 925 1186
f 1187 1353 1047
f 1045 1352 1620
f 1618 1355 1738
f 1617 1735 1976
f 1619 1977 2187
f 2186 1979 2166
f 2188 2165 2284
f 2171 2062 2287
f 2280 2057 2423
f 2286 2426 2457
f 2462 2425 2302
f 2459 2304 2190
f 2194 2303 1762
f 2189 1764 1625
f 1624 1761 1182
f 1626 1183 1055
f 1052 1181 623
f 1051 622 541
f 545 619 501
f 2168 1983 2061
f 2063 1985 1743
f 2060 1742 1554
f 2463 2184 2285
f 590 1412 1438
f 1437 1413 2324
f 1441 2323 2434
f 2436 2325 2565
f 2569 2322 2617
f 2567 2621 2658
f 2656 2622 2543
f 2660 2542 2563
f 2560 2544 2433
f 2431 2541 1829
f 2432 1831 1422
f 1424 1830 1086
f 1423 1082 479
f 478 1083 371
f 482 369 344
f 345 372 252
f 257 370 293
f 256 295 350
f 351 296 589
f 352 586 485
f 487 587 1439
f 2010 1954 1371
f 1372 1955 974
f 1369 973 881
f 884 975 380
f 376 972 275
f 378 276 215
f 217 278 198
f 193 277 190
f 195 189 219
f 218 191 400
f 222 401 384
f 381 398 886
f 888 399 1363
f 887 1367 1375
f 1377 1366 2012
f 2011 1364 2511
f 2015 2512 2534
f 2537 2515 2696
f 2698 2514 2723
f 2699 2724 2718
f 2716 2721 2634
f 2720 2637 2694
f 2692 2638 2531
f 2530 2635 1958
f 2532 1956 2009
f 909 1397 1395
f 1395 1397 1991
f 1395 1991 2364
f 2364 1991 2525
f 2364 2525 2674
f 2364 2674 2675
f 2675 2674 2707
f 2675 2707 2557
f 2557 2707 2669
f 2557 2669 2521
f 2557 2521 1859
f 1859 2521 1988
f 1859 1988 1391
f 1859 1391 1058
f 1058 1391 906
f 1058 906 388
f 1058 388 358
f 358 388 241
f 358 241 207
f 358 207 235
f 235 207 245
f 235 245 550
f 550 245 389
f 550 389 909
f 550 909 1395
f 1365 402 2513
f 2513 402 192
f 2513 192 2722
f 2722 192 279
f 2722 279 2636
f 2636 279 971
f 2636 971 1957
f 168 2771 153
f 153 2771 2755
f 158 2754 1425
f 1427 2752 2742
f 1416 2740 2494
f 2497 2741 2589
f 2590 2744 2726
f 2591 2730 2690
f 2687 2725 2736
f 2685 2731 2595
f 2597 2733 2501
f 2499 2735 2749
f 2500 2746 1435
f 1436 2745 2759
f 1431 2757 164
f 163 2760 1453
f 161 1450 1098
f 187 784 170
f 167 786 1096
f 169 1094 1348
f 176 531 188
f 186 533 394
f 181 395 525
f 161 1098 175
f 174 1100 797
f 177 795 532
f 165 152 1440
f 1433 149 412
f 411 151 137
f 410 139 321
f 322 135 225
f 228 136 131
f 226 130 317
f 315 127 141
f 318 146 407
f 405 145 1418
f 1427 143 157
f 1451 2758 1821
f 1821 2758 2775
f 1820 2777 2140
f 2141 2773 2391
f 2392 2772 2786
f 2393 2784 2518
f 2517 2785 2385
f 2383 2781 2135
f 2138 2780 2769
f 2134 2767 1803
f 1804 2766 1348
f 1349 2768 172
f 523 783 184
f 2891 2906 2909
f 2909 2906 2927
f 2920 2936 2929
f 2929 2936 2923
f 2923 2936 2934
f 2923 2934 2912
f 2912 2934 2917
f 2912 2917 2900
f 2912 2900 2904
f 2904 2900 2882
f 2904 2882 2894
f 2894 2882 2880
f 2894 2880 2885
f 2885 2880 2895
f 2895 2880 2891
f 2895 2891 2909
f 20 12 25
f 25 12 4
f 25 4 35
f 35 4 7
f 35 7 32
f 32 7 15
f 32 15 23
f 2948 2896 2954
f 2954 2896 2911
f 2953 2910 2958
f 2958 2910 2919
f 2959 2921 2966
f 2966 2921 2930
f 2965 2931 2962
f 2962 2931 2924
f 2963 2922 2957
f 2957 2922 2914
f 2956 2913 2950
f 2950 2913 2902
f 2951 2903 2943
f 2943 2903 2892
f 2944 2893 2942
f 2942 2893 2886
f 2941 2887 2946
f 2946 2887 2897
f 2952 2960 2947
f 2947 2960 2940
f 2940 2960 2964
f 2940 2964 2945
f 2945 2964 2961
f 2945 2961 2949
f 2949 2961 2955
f 1112 1467 1474
f 1470 1469 1786
f 1475 1788 2043
f 2048 1783 2120
f 2044 2119 2350
f 2047 2351 2413
f 2411 2347 2453
f 2414 2454 2288
f 2292 2455 2344
f 2293 2346 2104
f 2289 2106 1746
f 1749 2109 1776
f 1747 1777 1343
f 1750 1340 1168
f 1166 1342 1109
f 1169 1108 803
f 1167 801 607
f 610 802 555
f 606 552 443
f 605 445 489
f 488 442 560
f 490 559 851
f 853 561 806
f 854 810 1114
f 856 1115 1471
f 2401 2150 2146
f 2146 2150 1611
f 1611 2150 1613
f 1611 1613 1074
f 1074 1613 1078
f 1074 1078 572
f 572 1078 578
f 866 1480 1556
f 1553 1481 2055
f 1553 2055 2058
f 2059 2056 2422
f 2059 2422 2424
f 2427 2421 2301
f 2427 2301 2306
f 2305 2298 1756
f 2305 1756 1760
f 1763 1757 1178
f 1763 1178 1184
f 1180 1176 615
f 1180 615 621
f 620 616 500
f 620 500 504
f 506 497 861
f 506 861 868
f 866 864 1480
f 2045 1477 1472
f 1473 1478 858
f 1473 858 855
f 852 860 493
f 852 493 492
f 491 494 611
f 491 611 609
f 608 614 1174
f 608 1174 1171
f 1170 1175 1755
f 1170 1755 1748
f 1751 1754 2296
f 1751 2296 2290
f 2291 2295 2416
f 2291 2416 2412
f 2410 2415 2049
f 2410 2049 2046
f 2045 2051 1477
f 2053 1482 2050
f 2050 1482 1476
f 859 1479 863
f 863 1479 1483
f 2052 2417 2054
f 2054 2417 2420
f 2418 2294 2419
f 2419 2294 2300
f 2297 1752 2299
f 2299 1752 1759
f 1753 1172 1758
f 1758 1172 1177
f 1173 612 1179
f 1179 612 618
f 857 862 498
f 613 496 617
f 617 496 499
f 495 857 498
f 1202 1536 1521
f 1517 1533 1728
f 1519 1729 1901
f 1903 1725 1972
f 1904 1970 2245
f 2246 1973 2154
f 2244 2152 2276
f 2241 2278 2100
f 2102 2277 2157
f 2103 2158 1965
f 2101 1966 1689
f 1691 1964 1719
f 1690 1720 1362
f 1688 1361 1227
f 1223 1360 1199
f 1224 1200 811
f 812 1201 952
f 813 950 769
f 814 764 687
f 686 768 670
f 688 671 763
f 684 758 1029
f 1026 759 946
f 1028 947 1206
f 1027 1207 1522
f 1061 1484 1491
f 1491 1484 1843
f 1491 1843 1823
f 1823 1843 2174
f 1823 2174 2039
f 2039 2174 1962
f 1962 2174 2076
f 1962 2076 1649
f 1649 2076 1652
f 1649 1652 1240
f 1649 1240 1280
f 1280 1240 849
f 1280 849 969
f 969 849 726
f 969 726 874
f 874 726 1089
f 1089 726 1061
f 1089 1061 1491
f 1768 1528 1525
f 1523 1529 1130
f 1523 1130 1127
f 1125 1129 903
f 1125 903 896
f 898 901 1022
f 898 1022 1020
f 1018 1023 1298
f 1018 1298 1293
f 1294 1297 1636
f 1294 1636 1634
f 1633 1637 1913
f 1633 1913 1906
f 1908 1911 2000
f 1908 2000 1995
f 1997 1998 1771
f 1997 1771 1767
f 1768 1772 1528
f 1530 1770 1131
f 1131 1770 902
f 902 1770 1999
f 902 1999 1021
f 1021 1999 1912
f 1021 1912 1299
f 1299 1912 1635
f 1549 1559 1588
f 1589 1558 1741
f 1590 1744 1817
f 1815 1745 1981
f 1816 1984 2034
f 2035 1982 2169
f 2033 2167 2209
f 2210 2170 2282
f 2208 2283 2272
f 2270 2281 2162
f 2273 2164 2130
f 2131 2163 1975
f 2132 1980 1931
f 1935 1978 1737
f 1934 1736 1675
f 1676 1739 1356
f 1677 1354 1323
f 1322 1351 1188
f 1324 1185 1153
f 1151 1189 922
f 1152 926 916
f 915 923 736
f 914 737 742
f 745 735 653
f 744 654 748
f 747 651 659
f 752 658 666
f 663 655 794
f 662 791 760
f 761 792 949
f 948 793 990
f 945 993 1204
f 1203 988 1252
f 1205 1251 1534
f 1535 1250 1537
f 1539 1253 1255
f 1538 1257 1544
f 1545 1256 1548
f 1547 1258 1245
f 1550 1246 1562
f 1557 1247 1191
f 1193 1248 977
f 1192 979 919
f 917 978 776
f 920 774 734
f 733 775 652
f 731 649 647
f 644 648 738
f 762 668 665
f 667 669 767
f 664 770 753
f 755 765 938
f 756 935 927
f 930 936 1164
f 932 1161 912
f 913 1160 1148
f 766 954 937
f 934 953 1155
f 933 1154 1165
f 1162 1158 1337
f 1163 1334 1149
f 1150 1338 1327
f 951 1196 1159
f 1156 1197 1331
f 1157 1333 1336
f 1335 1332 1661
f 1339 1663 1325
f 1326 1662 1678
f 1198 1357 1329
f 1328 1358 1669
f 1330 1670 1665
f 1666 1668 1919
f 1664 1923 1674
f 1673 1922 1933
f 1359 1721 1672
f 1671 1723 1925
f 1667 1929 1921
f 1920 1930 2122
f 1924 2123 1936
f 1932 2124 2128
f 1722 1963 1928
f 1926 1967 2110
f 1927 2111 2125
f 2126 2112 2264
f 2121 2262 2127
f 2129 2267 2269
f 1968 2161 2113
f 2114 2160 2257
f 2115 2258 2266
f 2263 2256 2200
f 2265 2199 2271
f 2268 2197 2207
f 2159 2279 2261
f 2260 2275 2176
f 2259 2177 2198
f 2196 2181 2031
f 2195 2027 2211
f 2206 2032 2036
f 2274 2156 2179
f 2180 2155 2025
f 2178 2024 2029
f 2028 2021 1790
f 2030 1789 2037
f 2038 1793 1812
f 2153 1969 2022
f 2026 1971 1797
f 2023 1796 1794
f 1791 1799 1577
f 1792 1579 1814
f 1813 1576 1587
f 1974 1727 1795
f 1800 1726 1584
f 1798 1582 1580
f 1581 1585 1540
f 1581 1540 1543
f 1724 1532 1583
f 1586 1531 1541
f 1542 1546 1578
f 1578 1546 1591
f 976 1244 984
f 987 1243 1259
f 982 1260 1249
f 660 650 771
f 773 980 777
f 779 981 986
f 782 983 991
f 989 985 1254
f 929 911 743
f 931 746 749
f 789 656 778
f 781 657 772
f 790 780 992
f 754 928 750
f 757 751 661
f 1900 1683 1520
f 1516 1684 1231
f 1518 1230 1030
f 1025 1232 818
f 1024 819 685
f 682 820 693
f 683 691 816
f 815 692 1034
f 817 1031 1222
f 1226 1033 1513
f 1225 1515 1685
f 1686 1511 1894
f 1687 1898 2099
f 2098 1895 2229
f 2097 2230 2242
f 2240 2232 2095
f 2243 2094 1902
f 1905 2093 1679
f 1063 1233 1487
f 1486 1238 1658
f 1485 1659 1844
f 1846 1660 2089
f 1845 2091 2172
f 2173 2090 2201
f 2175 2202 2079
f 2078 2205 1881
f 2077 1879 1654
f 1655 1878 1499
f 1653 1500 1242
f 1239 1501 1041
f 1241 1036 847
f 848 1038 699
f 850 698 729
f 728 700 826
f 727 828 1062
f 1060 824 1234
f 1512 1503 1896
f 1897 1502 1880
f 1899 1877 2231
f 2231 1877 2203
f 2233 2204 2092
f 2092 2204 2087
f 2096 2088 1681
f 1682 2086 1657
f 1680 1656 1229
f 1229 1656 1236
f 1228 1235 821
f 823 1237 827
f 822 825 689
f 689 825 702
f 690 701 1032
f 1032 701 1039
f 1035 1037 1510
f 1514 1040 1498
f 2592 2583 2495
f 2498 2587 2254
f 2496 2255 1417
f 2582 2593 2684
f 2680 2588 2686
f 2682 2689 2648
f 2646 2688 2598
f 2650 2596 2493
f 2492 2594 2503
f 2488 2504 1702
f 1705 2502 1434
f 2568 2446 2438
f 2437 2448 1692
f 2435 1693 1445
f 2447 2564 2615
f 2614 2566 2659
f 2616 2657 2639
f 2642 2661 2562
f 2643 2559 2574
f 2572 2561 2428
f 2571 2429 2226
f 2225 2430 1428
f 1703 1432 1696
f 1699 1446 1695
f 2224 1421 2248
f 2247 1419 2253
f 2491 1704 2473
f 2475 1701 1697
f 2472 1700 2449
f 2450 1698 1694
f 2647 2490 2633
f 2629 2489 2474
f 2630 2471 2612
f 2613 2470 2445
f 2679 2649 2666
f 2662 2645 2628
f 2664 2632 2644
f 2641 2631 2611
f 2249 2252 2586
f 2585 2683 2576
f 2579 2681 2667
f 2581 2665 2575
f 2570 2663 2640
f 2578 2573 2227
f 2580 2228 2251
f 2577 2250 2584
f 324 421 413
f 409 420 1209
f 408 1211 1442
f 424 323 268
f 266 325 227
f 267 224 233
f 230 223 320
f 231 319 329
f 326 316 406
f 328 404 676
f 674 403 1426
f 347 340 480
f 477 339 694
f 481 696 1429
f 343 346 271
f 274 348 254
f 273 255 299
f 302 253 349
f 298 354 452
f 453 353 483
f 449 484 1219
f 1217 486 1447
f 675 1430 678
f 677 1420 697
f 1218 1443 1214
f 1216 1444 1210
f 327 672 336
f 337 673 681
f 334 679 341
f 342 680 695
f 232 331 246
f 248 330 335
f 247 333 269
f 272 332 338
f 263 229 283
f 282 234 251
f 284 249 297
f 300 250 270
f 1213 1208 422
f 423 265 438
f 440 264 285
f 441 281 448
f 450 280 301
f 439 451 1221
f 437 1220 1215
f 436 1212 419
f 26 66 19
f 17 62 54
f 18 53 10
f 9 52 42
f 11 43 2
f 3 45 39
f 1 41 5
f 6 40 51
f 8 47 14
f 16 49 61
f 13 57 24
f 22 60 70
f 21 71 29
f 31 69 78
f 30 77 33
f 36 79 74
f 34 76 27
f 28 73 64
f 144 101 154
f 155 100 108
f 156 107 171
f 173 111 118
f 166 120 182
f 185 121 122
f 183 125 180
f 178 126 114
f 179 115 160
f 162 116 103
f 159 106 148
f 150 102 92
f 147 96 134
f 138 94 82
f 133 86 129
f 132 84 90
f 128 87 142
f 140 91 97
f 58 105 68
f 68 105 113
f 67 112 81
f 81 112 124
f 80 123 72
f 72 123 119
f 75 117 65
f 65 117 110
f 63 109 56
f 56 109 98
f 55 99 46
f 46 99 89
f 44 88 37
f 37 88 85
f 38 83 48
f 48 83 93
f 50 95 59
f 59 95 104
f 2770 2815 2751
f 2753 2812 2806
f 2756 2804 2738
f 2739 2802 2795
f 2743 2794 2728
f 2729 2792 2791
f 2727 2789 2732
f 2734 2788 2799
f 2737 2801 2748
f 2747 2800 2807
f 2750 2811 2762
f 2763 2810 2820
f 2761 2821 2774
f 2778 2819 2828
f 2776 2829 2783
f 2782 2831 2825
f 2779 2826 2765
f 2764 2824 2813
f 2889 2849 2905
f 2908 2848 2861
f 2907 2858 2926
f 2925 2860 2870
f 2928 2869 2939
f 2938 2867 2874
f 2937 2875 2933
f 2935 2876 2866
f 2932 2862 2918
f 2915 2864 2855
f 2916 2854 2899
f 2901 2856 2844
f 2898 2843 2884
f 2883 2846 2836
f 2881 2835 2878
f 2877 2834 2841
f 2879 2839 2890
f 2888 2838 2851
f 2809 2853 2817
f 2817 2853 2863
f 2818 2865 2830
f 2830 2865 2873
f 2827 2872 2822
f 2822 2872 2871
f 2823 2868 2816
f 2816 2868 2859
f 2814 2857 2803
f 2803 2857 2850
f 2805 2847 2793
f 2793 2847 2840
f 2796 2837 2787
f 2787 2837 2833
f 2790 2832 2797
f 2797 2832 2842
f 2798 2845 2808
f 2808 2845 2852
f 1818 1733 1449
f 1448 1734 1574
f 1448 1574 1457
f 1459 1575 1568
f 1462 1570 1564
f 1567 1571 1717
f 1563 1718 1709
f 1706 1716 2073
f 1708 2070 2068
f 2067 2072 2313
f 2069 2315 2307
f 2312 2314 2485
f 2310 2486 2468
f 2467 2487 2399
f 2469 2397 2377
f 2380 2398 2218
f 2378 2221 2215
f 2214 2219 1887
f 2212 1883 1876
f 1875 1885 1597
f 1874 1598 1593
f 1594 1599 1269
f 1594 1269 1273
f 1272 1268 955
f 1277 959 965
f 964 957 635
f 962 633 640
f 641 632 514
f 637 515 522
f 521 516 432
f 521 432 454
f 455 435 595
f 459 596 601
f 600 593 836
f 604 837 841
f 846 838 1138
f 843 1140 1144
f 1145 1139 1460
f 1143 1458 1464
f 1731 1819 2084
f 2085 1822 2142
f 2081 2139 2331
f 2336 2143 2389
f 2332 2390 2505
f 2510 2388 2520
f 2507 2519 2408
f 2405 2516 2384
f 2409 2386 2234
f 2237 2387 2136
f 2235 2133 1892
f 1893 2137 1801
f 1891 1802 1605
f 1603 1805 1350
f 1606 1346 1263
f 1265 1347 1095
f 1266 1093 940
f 942 1092 788
f 941 787 625
f 624 785 524
f 629 527 474
f 476 526 397
f 471 396 418
f 417 393 530
f 416 528 583
f 580 529 799
f 581 798 832
f 833 796 1097
f 834 1101 1132
f 1133 1099 1454
f 1134 1452 1461
f 1466 1117 1146
f 1147 1116 844
f 1113 809 842
f 845 808 599
f 807 558 603
f 602 556 458
f 557 446 457
f 456 444 518
f 447 554 519
f 520 553 639
f 551 805 638
f 636 800 963
f 804 1107 961
f 966 1110 1276
f 1111 1345 1275
f 1274 1344 1592
f 1341 1774 1595
f 1596 1773 1873
f 1775 2107 1871
f 1872 2105 2217
f 2108 2345 2213
f 2216 2343 2381
f 2342 2451 2379
f 2382 2456 2465
f 2452 2349 2464
f 2466 2348 2309
f 2352 2118 2308
f 2311 2116 2065
f 2117 1785 2064
f 2066 1784 1710
f 1787 1463 1707
f 1711 1468 1566
f 1465 1456 1565
f 1569 1573 1714
f 1715 1572 1732
f 1713 1730 2082
f 2071 1712 2080
f 1455 1142 1135
f 1136 1141 840
f 1137 839 830
f 829 835 594
f 831 597 585
f 582 598 433
f 584 431 415
f 414 434 513
f 414 513 475
f 472 517 630
f 473 631 627
f 628 634 960
f 626 956 943
f 939 958 1267
f 944 1270 1262
f 1264 1271 1601
f 1261 1602 1608
f 1604 1600 1882
f 1607 1886 1888
f 1889 1884 2222
f 1890 2223 2238
f 2236 2220 2395
f 2239 2394 2406
f 2404 2396 2484
f 2407 2482 2508
f 2509 2483 2318
f 2506 2317 2333
f 2335 2316 2074
f 2334 2075 2083
f 2363 1840 1396
f 1393 1842 1068
f 1394 1064 548
f 549 1067 361
f 547 359 237
f 236 363 260
f 238 258 356
f 357 261 566
f 355 564 1056
f 1057 565 1403
f 1059 1402 1860
f 1858 1404 2338
f 1857 2339 2558
f 2555 2337 2653
f 2556 2654 2678
f 2677 2655 2554
f 2676 2552 2366
f 2365 2553 1839
f 588 1071 1411
f 1414 1069 1833
f 1415 1834 2319
f 2320 1837 2546
f 2321 2548 2620
f 2618 2549 2626
f 2619 2625 2540
f 2539 2627 2326
f 2538 2330 1828
f 1827 2327 1409
f 1832 1406 1084
f 1087 1407 568
f 1085 569 374
f 373 571 288
f 375 290 294
f 292 289 368
f 291 365 592
f 591 366 1073
f 1405 1410 2340
f 2340 1410 2329
f 2341 2328 2651
f 2651 2328 2623
f 2652 2624 2550
f 2550 2624 2547
f 2551 2545 1841
f 1841 2545 1836
f 1838 1835 1066
f 1066 1835 1072
f 1065 1070 362
f 362 1070 364
f 360 367 259
f 259 367 287
f 262 286 563
f 563 286 570
f 562 567 1401
f 1401 567 1408
f 2007 1368 1381
f 1382 1370 885
f 1379 883 425
f 426 882 377
f 430 379 213
f 428 216 203
f 202 214 196
f 199 194 305
f 303 197 221
f 304 220 383
f 306 382 1004
f 1002 385 890
f 1001 889 1374
f 999 1376 1943
f 1945 1373 2013
f 1946 2014 2536
f 1948 2533 2606
f 2608 2535 2697
f 2605 2700 2719
f 2607 2715 2713
f 2712 2717 2693
f 2714 2695 2476
f 2477 2691 2529
f 2481 2528 2006
f 2478 2008 1380
f 910 1009 1399
f 1400 1007 1940
f 1398 1937 1992
f 1990 1941 2527
f 2524 1942 2604
f 2526 2603 2672
f 2673 2602 2709
f 2706 2600 2701
f 2708 2702 2670
f 2668 2704 2442
f 2671 2441 2522
f 2523 2443 1986
f 1989 2444 1388
f 1987 1387 1392
f 1390 1386 907
f 904 1385 461
f 905 464 386
f 387 465 242
f 240 460 212
f 239 208 206
f 204 210 313
f 205 314 244
f 243 312 391
f 390 311 1006
f 392 1010 908
f 1383 1384 2480
f 2480 1384 2440
f 2479 2439 2711
f 2711 2439 2705
f 2710 2703 2609
f 2609 2703 2601
f 2610 2599 1944
f 1944 2599 1939
f 1947 1938 1000
f 1000 1938 1005
f 1003 1008 308
f 308 1008 310
f 307 309 200
f 200 309 211
f 201 209 427
f 427 209 463
f 429 462 1378
f 1378 462 1389
f 1826 1646 1489
f 1490 1645 1284
f 1488 1285 1091
f 1088 1286 996
f 1090 994 872
f 873 997 878
f 875 880 967
f 970 877 1105
f 968 1104 1279
f 1281 1103 1492
f 1278 1493 1651
f 1650 1496 1806
f 1648 1810 1959
f 1960 1811 2018
f 1961 2020 2042
f 2041 2017 1952
f 2040 1953 1825
f 1824 1950 1643
f 1126 1287 1527
f 1524 1291 1641
f 1526 1638 1766
f 1769 1639 1918
f 1765 1916 1993
f 1996 1917 2004
f 1994 2002 1907
f 1910 2003 1779
f 1909 1781 1630
f 1632 1782 1509
f 1631 1505 1295
f 1296 1507 1119
f 1292 1118 1016
f 1017 1120 893
f 1019 895 900
f 899 894 1014
f 897 1012 1124
f 1128 1015 1288
f 1494 1506 1808
f 1809 1504 1780
f 1807 1778 2016
f 2016 1778 2005
f 2019 2001 1951
f 1951 2001 1914
f 1949 1915 1647
f 1647 1915 1640
f 1644 1642 1282
f 1282 1642 1289
f 1283 1290 995
f 995 1290 1013
f 998 1011 876
f 876 1011 892
f 879 891 1102
f 1102 891 1121
f 1106 1123 1497
f 1495 1122 1508
f 2191 2375 2458
f 2460 2376 2368
f 2461 2369 2183
f 2185 2367 1861
f 2182 1865 1622
f 1621 1864 1301
f 1623 1303 1042
f 1044 1300 705
f 1048 708 534
f 536 707 470
f 538 468 542
f 543 466 714
f 546 713 1054
f 1053 710 1305
f 1050 1307 1628
f 1629 1306 1870
f 1627 1867 2193
f 2192 1868 2374
f 2145 2353 2403
f 2402 2356 2359
f 2400 2362 2149
f 2148 2358 1856
f 2151 1855 1615
f 1614 1852 1321
f 1616 1317 1079
f 1080 1320 720
f 1081 721 577
f 576 722 507
f 579 510 574
f 575 512 718
f 573 717 1076
f 1075 719 1312
f 1077 1313 1610
f 1609 1314 1849
f 1612 1850 2144
f 2147 1847 2354
f 469 511 709
f 711 508 723
f 712 724 1308
f 1310 725 1319
f 1309 1318 1869
f 1869 1318 1853
f 1866 1854 2372
f 2372 1854 2360
f 2373 2361 2370
f 2370 2361 2355
f 2371 2357 1863
f 1863 2357 1851
f 1862 1848 1304
f 1304 1848 1315
f 1302 1316 704
f 703 1311 715
f 706 716 467
f 467 716 509

