# https://github.com/mikedh/trimesh

o Object-1_Mesh-1.004
v -0.00102800 -0.07258100 0.03154300
v -0.00102800 -0.07258100 0.03154300
v -0.00102800 -0.07258100 0.03154300
v -0.00102800 -0.07258100 0.03154300
v 0.01042400 -0.07056200 0.03154300
v 0.01042400 -0.07056200 0.03154300
v 0.01042400 -0.07056200 0.03154300
v 0.01042400 -0.07056200 0.03154300
v -0.01109900 -0.06676700 0.03154300
v -0.01109900 -0.06676700 0.03154300
v -0.01109900 -0.06676700 0.03154300
v -0.01109900 -0.06676700 0.03154300
v 0.01789900 -0.06165400 0.03154300
v 0.01789900 -0.06165400 0.03154300
v 0.01789900 -0.06165400 0.03154300
v 0.01789900 -0.06165400 0.03154300
v -0.01507600 -0.05583900 0.03154300
v -0.01507600 -0.05583900 0.03154300
v -0.01507600 -0.05583900 0.03154300
v -0.01507600 -0.05583900 0.03154300
v 0.01789900 -0.05002500 0.03154300
v 0.01789900 -0.05002500 0.03154300
v 0.01789900 -0.05002500 0.03154300
v 0.01789900 -0.05002500 0.03154300
v -0.01109900 -0.04491200 0.03154300
v -0.01109900 -0.04491200 0.03154300
v -0.01109900 -0.04491200 0.03154300
v -0.01109900 -0.04491200 0.03154300
v 0.01042400 -0.04111700 0.03154300
v 0.01042400 -0.04111700 0.03154300
v 0.01042400 -0.04111700 0.03154300
v 0.01042400 -0.04111700 0.03154300
v -0.00102800 -0.03909800 0.03154300
v -0.00102800 -0.03909800 0.03154300
v -0.00102800 -0.03909800 0.03154300
v -0.00102800 -0.03909800 0.03154300
v 0.00491900 -0.07282700 0.03147600
v 0.00491900 -0.07282700 0.03147600
v 0.00491900 -0.07282700 0.03147600
v 0.00491900 -0.07282700 0.03147600
v 0.00491900 -0.07282700 0.03147600
v -0.00670100 -0.07077800 0.03147600
v -0.00670100 -0.07077800 0.03147600
v -0.00670100 -0.07077800 0.03147600
v -0.00670100 -0.07077800 0.03147600
v -0.00670100 -0.07077800 0.03147600
v 0.01513800 -0.06692700 0.03147600
v 0.01513800 -0.06692700 0.03147600
v 0.01513800 -0.06692700 0.03147600
v 0.01513800 -0.06692700 0.03147600
v 0.01513800 -0.06692700 0.03147600
v -0.01428600 -0.06173900 0.03147600
v -0.01428600 -0.06173900 0.03147600
v -0.01428600 -0.06173900 0.03147600
v -0.01428600 -0.06173900 0.03147600
v -0.01428600 -0.06173900 0.03147600
v 0.01917400 -0.05583900 0.03147600
v 0.01917400 -0.05583900 0.03147600
v 0.01917400 -0.05583900 0.03147600
v 0.01917400 -0.05583900 0.03147600
v 0.01917400 -0.05583900 0.03147600
v -0.01428600 -0.04993900 0.03147600
v -0.01428600 -0.04993900 0.03147600
v -0.01428600 -0.04993900 0.03147600
v -0.01428600 -0.04993900 0.03147600
v -0.01428600 -0.04993900 0.03147600
v 0.01513800 -0.04475100 0.03147600
v 0.01513800 -0.04475100 0.03147600
v 0.01513800 -0.04475100 0.03147600
v 0.01513800 -0.04475100 0.03147600
v 0.01513800 -0.04475100 0.03147600
v -0.00670100 -0.04090000 0.03147600
v -0.00670100 -0.04090000 0.03147600
v -0.00670100 -0.04090000 0.03147600
v -0.00670100 -0.04090000 0.03147600
v -0.00670100 -0.04090000 0.03147600
v 0.00491900 -0.03885100 0.03147600
v 0.00491900 -0.03885100 0.03147600
v 0.00491900 -0.03885100 0.03147600
v 0.00491900 -0.03885100 0.03147600
v 0.00491900 -0.03885100 0.03147600
v 0.00495100 -0.07300700 0.03129300
v 0.00495100 -0.07300700 0.03129300
v 0.00495100 -0.07300700 0.03129300
v 0.00495100 -0.07300700 0.03129300
v 0.00495100 -0.07300700 0.03129300
v -0.00679300 -0.07093700 0.03129300
v -0.00679300 -0.07093700 0.03129300
v -0.00679300 -0.07093700 0.03129300
v -0.00679300 -0.07093700 0.03129300
v -0.00679300 -0.07093700 0.03129300
v 0.01527800 -0.06704500 0.03129300
v 0.01527800 -0.06704500 0.03129300
v 0.01527800 -0.06704500 0.03129300
v 0.01527800 -0.06704500 0.03129300
v 0.01527800 -0.06704500 0.03129300
v -0.01445800 -0.06180200 0.03129300
v -0.01445800 -0.06180200 0.03129300
v -0.01445800 -0.06180200 0.03129300
v -0.01445800 -0.06180200 0.03129300
v -0.01445800 -0.06180200 0.03129300
v 0.01935700 -0.05583900 0.03129300
v 0.01935700 -0.05583900 0.03129300
v 0.01935700 -0.05583900 0.03129300
v 0.01935700 -0.05583900 0.03129300
v 0.01935700 -0.05583900 0.03129300
v -0.01445800 -0.04987700 0.03129300
v -0.01445800 -0.04987700 0.03129300
v -0.01445800 -0.04987700 0.03129300
v -0.01445800 -0.04987700 0.03129300
v -0.01445800 -0.04987700 0.03129300
v 0.01527800 -0.04463400 0.03129300
v 0.01527800 -0.04463400 0.03129300
v 0.01527800 -0.04463400 0.03129300
v 0.01527800 -0.04463400 0.03129300
v 0.01527800 -0.04463400 0.03129300
v -0.00679300 -0.04074200 0.03129300
v -0.00679300 -0.04074200 0.03129300
v -0.00679300 -0.04074200 0.03129300
v -0.00679300 -0.04074200 0.03129300
v -0.00679300 -0.04074200 0.03129300
v 0.00495100 -0.03867100 0.03129300
v 0.00495100 -0.03867100 0.03129300
v 0.00495100 -0.03867100 0.03129300
v 0.00495100 -0.03867100 0.03129300
v 0.00495100 -0.03867100 0.03129300
v -0.00111500 -0.07307300 0.03104300
v -0.00111500 -0.07307300 0.03104300
v -0.00111500 -0.07307300 0.03104300
v -0.00111500 -0.07307300 0.03104300
v -0.00111500 -0.07307300 0.03104300
v -0.00111500 -0.07307300 0.03104300
v 0.01067400 -0.07099500 0.03104300
v 0.01067400 -0.07099500 0.03104300
v 0.01067400 -0.07099500 0.03104300
v 0.01067400 -0.07099500 0.03104300
v 0.01067400 -0.07099500 0.03104300
v 0.01067400 -0.07099500 0.03104300
v 0.01067400 -0.07099500 0.03104300
v -0.01148200 -0.06708800 0.03104300
v -0.01148200 -0.06708800 0.03104300
v -0.01148200 -0.06708800 0.03104300
v -0.01148200 -0.06708800 0.03104300
v -0.01148200 -0.06708800 0.03104300
v -0.01148200 -0.06708800 0.03104300
v -0.01148200 -0.06708800 0.03104300
v 0.01836800 -0.06182500 0.03104300
v 0.01836800 -0.06182500 0.03104300
v 0.01836800 -0.06182500 0.03104300
v 0.01836800 -0.06182500 0.03104300
v 0.01836800 -0.06182500 0.03104300
v 0.01836800 -0.06182500 0.03104300
v -0.01557600 -0.05583900 0.03104300
v -0.01557600 -0.05583900 0.03104300
v -0.01557600 -0.05583900 0.03104300
v -0.01557600 -0.05583900 0.03104300
v -0.01557600 -0.05583900 0.03104300
v -0.01557600 -0.05583900 0.03104300
v 0.01836800 -0.04985400 0.03104300
v 0.01836800 -0.04985400 0.03104300
v 0.01836800 -0.04985400 0.03104300
v 0.01836800 -0.04985400 0.03104300
v 0.01836800 -0.04985400 0.03104300
v 0.01836800 -0.04985400 0.03104300
v 0.01836800 -0.04985400 0.03104300
v -0.01148200 -0.04459000 0.03104300
v -0.01148200 -0.04459000 0.03104300
v -0.01148200 -0.04459000 0.03104300
v -0.01148200 -0.04459000 0.03104300
v -0.01148200 -0.04459000 0.03104300
v -0.01148200 -0.04459000 0.03104300
v -0.01148200 -0.04459000 0.03104300
v -0.01148200 -0.04459000 0.03104300
v 0.01067400 -0.04068400 0.03104300
v 0.01067400 -0.04068400 0.03104300
v 0.01067400 -0.04068400 0.03104300
v 0.01067400 -0.04068400 0.03104300
v 0.01067400 -0.04068400 0.03104300
v 0.01067400 -0.04068400 0.03104300
v 0.01067400 -0.04068400 0.03104300
v -0.00111500 -0.03860500 0.03104300
v -0.00111500 -0.03860500 0.03104300
v -0.00111500 -0.03860500 0.03104300
v -0.00111500 -0.03860500 0.03104300
v -0.00111500 -0.03860500 0.03104300
v -0.00111500 -0.03860500 0.03104300
v -0.00111500 -0.03860500 0.03104300
v -0.00111500 -0.03860500 0.03104300
v 0.00539700 -0.10583900 0.01873900
v 0.00539700 -0.10583900 0.01873900
v 0.00539700 -0.10583900 0.01873900
v 0.00539700 -0.10583900 0.01873900
v 0.00192400 -0.09831300 0.01864900
v 0.00192400 -0.09831300 0.01864900
v 0.00192400 -0.09831300 0.01864900
v 0.00192400 -0.09831300 0.01864900
v 0.00192400 -0.09831300 0.01864900
v 0.00192400 -0.09831300 0.01864900
v -0.00146800 -0.09807400 0.01827700
v -0.00146800 -0.09807400 0.01827700
v -0.00146800 -0.09807400 0.01827700
v -0.00146800 -0.09807400 0.01827700
v -0.00146800 -0.09807400 0.01827700
v 0.00192400 -0.09783900 0.01814900
v 0.00192400 -0.09783900 0.01814900
v 0.00192400 -0.09783900 0.01814900
v 0.00192400 -0.09783900 0.01814900
v -0.00143600 -0.09790200 0.01809800
v -0.00143600 -0.09790200 0.01809800
v -0.00143600 -0.09790200 0.01809800
v -0.00143600 -0.09790200 0.01809800
v -0.00143600 -0.09790200 0.01809800
v -0.00557900 -0.09831300 0.01715600
v -0.00557900 -0.09831300 0.01715600
v -0.00557900 -0.09831300 0.01715600
v -0.00557900 -0.09831300 0.01715600
v -0.00557900 -0.09831300 0.01715600
v 0.00942700 -0.09831300 0.01715600
v 0.00942700 -0.09831300 0.01715600
v 0.00942700 -0.09831300 0.01715600
v 0.00942700 -0.09831300 0.01715600
v 0.00942700 -0.09831300 0.01715600
v 0.00192400 -0.07333900 0.01704300
v 0.00192400 -0.07333900 0.01704300
v 0.00192400 -0.07333900 0.01704300
v 0.00192400 -0.07333900 0.01704300
v 0.00192400 -0.07333900 0.01704300
v 0.00192400 -0.07333900 0.01704300
v 0.00022300 -0.07329100 0.01677400
v 0.00022300 -0.07329100 0.01677400
v 0.00022300 -0.07329100 0.01677400
v 0.00022300 -0.07329100 0.01677400
v 0.00022300 -0.07329100 0.01677400
v 0.00022300 -0.07329100 0.01677400
v 0.00504900 -0.09783900 0.01677000
v 0.00504900 -0.09783900 0.01677000
v 0.00504900 -0.09783900 0.01677000
v 0.00504900 -0.09783900 0.01677000
v -0.00538800 -0.09783900 0.01669500
v -0.00538800 -0.09783900 0.01669500
v -0.00538800 -0.09783900 0.01669500
v -0.00538800 -0.09783900 0.01669500
v 0.00923500 -0.09783900 0.01669500
v 0.00923500 -0.09783900 0.01669500
v 0.00923500 -0.09783900 0.01669500
v 0.00022800 -0.07340300 0.01660600
v 0.00022800 -0.07340300 0.01660600
v 0.00022800 -0.07340300 0.01660600
v 0.00022800 -0.07340300 0.01660600
v 0.00022800 -0.07340300 0.01660600
v 0.00022800 -0.07340300 0.01660600
v 0.00192400 -0.07383900 0.01654300
v 0.00192400 -0.07383900 0.01654300
v 0.00192400 -0.07383900 0.01654300
v 0.00192400 -0.07383900 0.01654300
v 0.00192400 -0.07383900 0.01654300
v 0.00192400 -0.07383900 0.01654300
v -0.00115800 -0.09777200 0.01652300
v -0.00115800 -0.09777200 0.01652300
v -0.00115800 -0.09777200 0.01652300
v -0.00115800 -0.09777200 0.01652300
v -0.00115800 -0.09777200 0.01652300
v 0.00531100 -0.07304300 0.01652000
v 0.00531100 -0.07304300 0.01652000
v 0.00531100 -0.07304300 0.01652000
v 0.00531100 -0.07304300 0.01652000
v 0.00531100 -0.07304300 0.01652000
v 0.00531100 -0.07304300 0.01652000
v 0.00022300 -0.07357000 0.01649500
v 0.00022300 -0.07357000 0.01649500
v 0.00022300 -0.07357000 0.01649500
v 0.00022300 -0.07357000 0.01649500
v 0.00022300 -0.07357000 0.01649500
v 0.00022300 -0.07357000 0.01649500
v -0.00807600 -0.10583900 0.01636400
v -0.00807600 -0.10583900 0.01636400
v -0.00807600 -0.10583900 0.01636400
v -0.00807600 -0.10583900 0.01636400
v -0.00807600 -0.10583900 0.01636400
v 0.00530000 -0.07315300 0.01635700
v 0.00530000 -0.07315300 0.01635700
v 0.00530000 -0.07315300 0.01635700
v 0.00530000 -0.07315300 0.01635700
v 0.00530000 -0.07315300 0.01635700
v 0.00530000 -0.07315300 0.01635700
v -0.00112700 -0.09758900 0.01634300
v -0.00112700 -0.09758900 0.01634300
v -0.00112700 -0.09758900 0.01634300
v -0.00112700 -0.09758900 0.01634300
v -0.00112700 -0.09758900 0.01634300
v 0.00496300 -0.09733900 0.01627700
v 0.00496300 -0.09733900 0.01627700
v 0.00496300 -0.09733900 0.01627700
v 0.00496300 -0.09733900 0.01627700
v 0.00496300 -0.09733900 0.01627700
v 0.00496300 -0.09733900 0.01627700
v 0.00531100 -0.07331700 0.01624700
v 0.00531100 -0.07331700 0.01624700
v 0.00531100 -0.07331700 0.01624700
v 0.00531100 -0.07331700 0.01624700
v 0.00531100 -0.07331700 0.01624700
v 0.00531100 -0.07331700 0.01624700
v 0.01168900 -0.09807400 0.01595700
v 0.01168900 -0.09807400 0.01595700
v 0.01168900 -0.09807400 0.01595700
v 0.01168900 -0.09807400 0.01595700
v 0.01168900 -0.09807400 0.01595700
v 0.01168900 -0.09807400 0.01595700
v 0.01159800 -0.09790200 0.01580000
v 0.01159800 -0.09790200 0.01580000
v 0.01159800 -0.09790200 0.01580000
v 0.01159800 -0.09790200 0.01580000
v 0.01159800 -0.09790200 0.01580000
v 0.01159800 -0.09790200 0.01580000
v -0.00477300 -0.07200700 0.01567300
v -0.00477300 -0.07200700 0.01567300
v -0.00477300 -0.07200700 0.01567300
v -0.00477300 -0.07200700 0.01567300
v -0.00477300 -0.07200700 0.01567300
v -0.00477300 -0.07200700 0.01567300
v 0.00862100 -0.07200700 0.01567300
v 0.00862100 -0.07200700 0.01567300
v 0.00862100 -0.07200700 0.01567300
v 0.00862100 -0.07200700 0.01567300
v 0.00862100 -0.07200700 0.01567300
v -0.00472900 -0.07205700 0.01551500
v -0.00472900 -0.07205700 0.01551500
v -0.00472900 -0.07205700 0.01551500
v -0.00472900 -0.07205700 0.01551500
v -0.00472900 -0.07205700 0.01551500
v -0.00472900 -0.07205700 0.01551500
v -0.00471200 -0.07216400 0.01536800
v -0.00471200 -0.07216400 0.01536800
v -0.00471200 -0.07216400 0.01536800
v -0.00471200 -0.07216400 0.01536800
v -0.00471200 -0.07216400 0.01536800
v -0.00471200 -0.07216400 0.01536800
v -0.00472900 -0.07231100 0.01526100
v -0.00472900 -0.07231100 0.01526100
v -0.00472900 -0.07231100 0.01526100
v -0.00472900 -0.07231100 0.01526100
v -0.00472900 -0.07231100 0.01526100
v -0.00472900 -0.07231100 0.01526100
v -0.00477300 -0.07246900 0.01521100
v -0.00477300 -0.07246900 0.01521100
v -0.00477300 -0.07246900 0.01521100
v -0.00477300 -0.07246900 0.01521100
v -0.00477300 -0.07246900 0.01521100
v 0.00862100 -0.07246900 0.01521100
v 0.00862100 -0.07246900 0.01521100
v 0.00862100 -0.07246900 0.01521100
v 0.00862100 -0.07246900 0.01521100
v 0.00862100 -0.07246900 0.01521100
v 0.00862100 -0.07246900 0.01521100
v -0.00707600 -0.09783900 0.01463200
v -0.00707600 -0.09783900 0.01463200
v -0.00707600 -0.09783900 0.01463200
v -0.00707600 -0.09783900 0.01463200
v 0.01079900 -0.09777200 0.01441500
v 0.01079900 -0.09777200 0.01441500
v 0.01079900 -0.09777200 0.01441500
v 0.01079900 -0.09777200 0.01441500
v 0.01079900 -0.09777200 0.01441500
v 0.01070700 -0.09758900 0.01425700
v 0.01070700 -0.09758900 0.01425700
v 0.01070700 -0.09758900 0.01425700
v 0.01070700 -0.09758900 0.01425700
v 0.01070700 -0.09758900 0.01425700
v -0.00682600 -0.09733900 0.01419900
v -0.00682600 -0.09733900 0.01419900
v -0.00682600 -0.09733900 0.01419900
v -0.00682600 -0.09733900 0.01419900
v -0.00682600 -0.09733900 0.01419900
v -0.00682600 -0.09733900 0.01419900
v -0.00682600 -0.09733900 0.01419900
v -0.01193900 -0.09831300 0.01290600
v -0.01193900 -0.09831300 0.01290600
v -0.01193900 -0.09831300 0.01290600
v -0.01193900 -0.09831300 0.01290600
v -0.01193900 -0.09831300 0.01290600
v 0.01578700 -0.09831300 0.01290600
v 0.01578700 -0.09831300 0.01290600
v 0.01578700 -0.09831300 0.01290600
v 0.01578700 -0.09831300 0.01290600
v 0.01578700 -0.09831300 0.01290600
v -0.01158600 -0.09783900 0.01255300
v -0.01158600 -0.09783900 0.01255300
v -0.01158600 -0.09783900 0.01255300
v 0.01543400 -0.09783900 0.01255300
v 0.01543400 -0.09783900 0.01255300
v 0.01543400 -0.09783900 0.01255300
v 0.01543400 -0.09783900 0.01255300
v 0.00196400 -0.03833900 0.01204300
v 0.00196400 -0.03833900 0.01204300
v 0.00196400 -0.03833900 0.01204300
v 0.00196400 -0.03833900 0.01204300
v 0.00196400 -0.03833900 0.01204300
v 0.01724500 -0.10583900 0.01189900
v 0.01724500 -0.10583900 0.01189900
v 0.01724500 -0.10583900 0.01189900
v 0.01724500 -0.10583900 0.01189900
v 0.01724500 -0.10583900 0.01189900
v -0.01045100 -0.06821400 0.01177100
v -0.01045100 -0.06821400 0.01177100
v -0.01045100 -0.06821400 0.01177100
v -0.01045100 -0.06821400 0.01177100
v -0.01045100 -0.06821400 0.01177100
v 0.01429800 -0.06821400 0.01177100
v 0.01429800 -0.06821400 0.01177100
v 0.01429800 -0.06821400 0.01177100
v 0.01429800 -0.06821400 0.01177100
v 0.01429800 -0.06821400 0.01177100
v 0.01429800 -0.06821400 0.01177100
v 0.00348900 -0.03837500 0.01175900
v 0.00348900 -0.03837500 0.01175900
v 0.00348900 -0.03837500 0.01175900
v 0.00348900 -0.03837500 0.01175900
v 0.00348900 -0.03837500 0.01175900
v 0.01425800 -0.06827700 0.01166700
v 0.01425800 -0.06827700 0.01166700
v 0.01425800 -0.06827700 0.01166700
v 0.01425800 -0.06827700 0.01166700
v 0.01425800 -0.06827700 0.01166700
v 0.01425800 -0.06827700 0.01166700
v -0.01303700 -0.09807400 0.01159700
v -0.01303700 -0.09807400 0.01159700
v -0.01303700 -0.09807400 0.01159700
v -0.01303700 -0.09807400 0.01159700
v -0.01303700 -0.09807400 0.01159700
v -0.01303700 -0.09807400 0.01159700
v 0.00347800 -0.03826300 0.01159200
v 0.00347800 -0.03826300 0.01159200
v 0.00347800 -0.03826300 0.01159200
v 0.00347800 -0.03826300 0.01159200
v 0.00347800 -0.03826300 0.01159200
v 0.01424300 -0.06836300 0.01156700
v 0.01424300 -0.06836300 0.01156700
v 0.01424300 -0.06836300 0.01156700
v 0.01424300 -0.06836300 0.01156700
v 0.01424300 -0.06836300 0.01156700
v 0.01424300 -0.06836300 0.01156700
v 0.00196500 -0.03783900 0.01154300
v 0.00196500 -0.03783900 0.01154300
v 0.00196500 -0.03783900 0.01154300
v 0.00196500 -0.03783900 0.01154300
v 0.00196500 -0.03783900 0.01154300
v 0.00196500 -0.03783900 0.01154300
v 0.01425800 -0.06846300 0.01148100
v 0.01425800 -0.06846300 0.01148100
v 0.01425800 -0.06846300 0.01148100
v 0.01425800 -0.06846300 0.01148100
v 0.01425800 -0.06846300 0.01148100
v 0.01425800 -0.06846300 0.01148100
v 0.00348000 -0.03809500 0.01148100
v 0.00348000 -0.03809500 0.01148100
v 0.00348000 -0.03809500 0.01148100
v 0.00348000 -0.03809500 0.01148100
v 0.00348000 -0.03809500 0.01148100
v 0.00348000 -0.03809500 0.01148100
v -0.01289800 -0.09790200 0.01148000
v -0.01289800 -0.09790200 0.01148000
v -0.01289800 -0.09790200 0.01148000
v -0.01289800 -0.09790200 0.01148000
v -0.01289800 -0.09790200 0.01148000
v -0.01289800 -0.09790200 0.01148000
v 0.20167400 0.14416100 0.01147600
v 0.20167400 0.14416100 0.01147600
v 0.20167400 0.14416100 0.01147600
v 0.20167400 0.14416100 0.01147600
v 0.20167400 0.14416100 0.01147600
v -0.00124300 -0.03859400 0.01144500
v -0.00124300 -0.03859400 0.01144500
v -0.00124300 -0.03859400 0.01144500
v -0.00124300 -0.03859400 0.01144500
v -0.00124300 -0.03859400 0.01144500
v -0.00124300 -0.03859400 0.01144500
v -0.01045100 -0.06856700 0.01141800
v -0.01045100 -0.06856700 0.01141800
v -0.01045100 -0.06856700 0.01141800
v -0.01045100 -0.06856700 0.01141800
v -0.01045100 -0.06856700 0.01141800
v -0.01045100 -0.06856700 0.01141800
v 0.01429800 -0.06856700 0.01141800
v 0.01429800 -0.06856700 0.01141800
v 0.01429800 -0.06856700 0.01141800
v 0.01429800 -0.06856700 0.01141800
v 0.01429800 -0.06856700 0.01141800
v 0.00409400 0.09416100 0.01135300
v 0.00409400 0.09416100 0.01135300
v 0.00409400 0.09416100 0.01135300
v 0.00409400 0.09416100 0.01135300
v 0.00409400 0.09416100 0.01135300
v 0.01050200 0.11807600 0.01135300
v 0.01050200 0.11807600 0.01135300
v 0.01050200 0.11807600 0.01135300
v 0.01050200 0.11807600 0.01135300
v 0.02800900 0.13558200 0.01135300
v 0.02800900 0.13558200 0.01135300
v 0.02800900 0.13558200 0.01135300
v 0.02800900 0.13558200 0.01135300
v 0.05192400 0.14199000 0.01135300
v 0.05192400 0.14199000 0.01135300
v 0.05192400 0.14199000 0.01135300
v 0.05192400 0.14199000 0.01135300
v 0.05192400 0.14199000 0.01135300
v 0.05192400 0.14199000 0.01135300
v 0.20185700 0.14416100 0.01129300
v 0.20185700 0.14416100 0.01129300
v 0.20185700 0.14416100 0.01129300
v 0.20185700 0.14416100 0.01129300
v 0.20185700 0.14416100 0.01129300
v 0.20185700 0.14416100 0.01129300
v -0.00122100 -0.03848300 0.01128400
v -0.00122100 -0.03848300 0.01128400
v -0.00122100 -0.03848300 0.01128400
v -0.00122100 -0.03848300 0.01128400
v -0.00122100 -0.03848300 0.01128400
v -0.00122300 -0.03832000 0.01117500
v -0.00122300 -0.03832000 0.01117500
v -0.00122300 -0.03832000 0.01117500
v -0.00122300 -0.03832000 0.01117500
v -0.00122300 -0.03832000 0.01117500
v -0.00306500 -0.03906500 0.01098700
v -0.00306500 -0.03906500 0.01098700
v -0.00306500 -0.03906500 0.01098700
v -0.00306500 -0.03906500 0.01098700
v -0.00306500 -0.03906500 0.01098700
v 0.00699200 -0.03908900 0.01095200
v 0.00699200 -0.03908900 0.01095200
v 0.00699200 -0.03908900 0.01095200
v 0.00699200 -0.03908900 0.01095200
v 0.00699200 -0.03908900 0.01095200
v 0.00699200 -0.03908900 0.01095200
v 0.20142400 0.13988600 0.01078900
v 0.20142400 0.13988600 0.01078900
v 0.20142400 0.13988600 0.01078900
v 0.20142400 0.13988600 0.01078900
v 0.20142400 0.13988600 0.01078900
v 0.20142400 0.13988600 0.01078900
v 0.20142400 0.13988600 0.01078900
v 0.20142400 0.14843600 0.01078900
v 0.20142400 0.14843600 0.01078900
v 0.20142400 0.14843600 0.01078900
v 0.20142400 0.14843600 0.01078900
v 0.20142400 0.14843600 0.01078900
v 0.20142400 0.14843600 0.01078900
v 0.01571300 -0.09783900 0.01061300
v 0.01571300 -0.09783900 0.01061300
v 0.01571300 -0.09783900 0.01061300
v 0.01571300 -0.09783900 0.01061300
v -0.00296600 -0.03857300 0.01054700
v -0.00296600 -0.03857300 0.01054700
v -0.00296600 -0.03857300 0.01054700
v -0.00296600 -0.03857300 0.01054700
v -0.00296600 -0.03857300 0.01054700
v 0.00689500 -0.03859800 0.01051200
v 0.00689500 -0.03859800 0.01051200
v 0.00689500 -0.03859800 0.01051200
v 0.00689500 -0.03859800 0.01051200
v 0.00689500 -0.03859800 0.01051200
v 0.00689500 -0.03859800 0.01051200
v -0.01167400 -0.09777200 0.01045300
v -0.01167400 -0.09777200 0.01045300
v -0.01167400 -0.09777200 0.01045300
v -0.01167400 -0.09777200 0.01045300
v -0.01167400 -0.09777200 0.01045300
v -0.01153300 -0.09758900 0.01033500
v -0.01153300 -0.09758900 0.01033500
v -0.01153300 -0.09758900 0.01033500
v -0.01153300 -0.09758900 0.01033500
v -0.01153300 -0.09758900 0.01033500
v 0.20192400 0.14005700 0.01031900
v 0.20192400 0.14005700 0.01031900
v 0.20192400 0.14005700 0.01031900
v 0.20192400 0.14005700 0.01031900
v 0.20192400 0.14826500 0.01031900
v 0.20192400 0.14826500 0.01031900
v 0.20192400 0.14826500 0.01031900
v 0.20192400 0.14826500 0.01031900
v 0.00791500 -0.03936600 0.01030700
v 0.00791500 -0.03936600 0.01030700
v 0.00791500 -0.03936600 0.01030700
v 0.00791500 -0.03936600 0.01030700
v 0.00791500 -0.03936600 0.01030700
v 0.00791500 -0.03936600 0.01030700
v 0.01533000 -0.09733900 0.01029200
v 0.01533000 -0.09733900 0.01029200
v 0.01533000 -0.09733900 0.01029200
v 0.01533000 -0.09733900 0.01029200
v 0.01533000 -0.09733900 0.01029200
v 0.01533000 -0.09733900 0.01029200
v 0.01533000 -0.09733900 0.01029200
v 0.00787900 -0.03925700 0.01016800
v 0.00787900 -0.03925700 0.01016800
v 0.00787900 -0.03925700 0.01016800
v 0.00787900 -0.03925700 0.01016800
v 0.00787900 -0.03925700 0.01016800
v 0.00787900 -0.03925700 0.01016800
v 0.00787900 -0.03910900 0.01006600
v 0.00787900 -0.03910900 0.01006600
v 0.00787900 -0.03910900 0.01006600
v 0.00787900 -0.03910900 0.01006600
v 0.00787900 -0.03910900 0.01006600
v 0.00787900 -0.03910900 0.01006600
v -0.00432600 0.09416100 0.00986800
v -0.00432600 0.09416100 0.00986800
v -0.00432600 0.09416100 0.00986800
v -0.00432600 0.09416100 0.00986800
v -0.00432600 0.09416100 0.00986800
v -0.00432600 0.09416100 0.00986800
v 0.00321000 0.12228600 0.00986800
v 0.00321000 0.12228600 0.00986800
v 0.00321000 0.12228600 0.00986800
v 0.00321000 0.12228600 0.00986800
v 0.02379900 0.14287500 0.00986800
v 0.02379900 0.14287500 0.00986800
v 0.02379900 0.14287500 0.00986800
v 0.02379900 0.14287500 0.00986800
v 0.05192400 0.15041100 0.00986800
v 0.05192400 0.15041100 0.00986800
v 0.05192400 0.15041100 0.00986800
v 0.05192400 0.15041100 0.00986800
v 0.05192400 0.15041100 0.00986800
v -0.00539600 -0.03991500 0.00945900
v -0.00539600 -0.03991500 0.00945900
v -0.00539600 -0.03991500 0.00945900
v -0.00539600 -0.03991500 0.00945900
v -0.00539600 -0.03991500 0.00945900
v -0.00539600 -0.03991500 0.00945900
v -0.00535600 -0.03980900 0.00933400
v -0.00535600 -0.03980900 0.00933400
v -0.00535600 -0.03980900 0.00933400
v -0.00535600 -0.03980900 0.00933400
v -0.00535600 -0.03980900 0.00933400
v -0.00535600 -0.03980900 0.00933400
v -0.00535200 -0.03966900 0.00923900
v -0.00535200 -0.03966900 0.00923900
v -0.00535200 -0.03966900 0.00923900
v -0.00535200 -0.03966900 0.00923900
v -0.00535200 -0.03966900 0.00923900
v -0.00535200 -0.03966900 0.00923900
v 0.18994000 0.13679100 0.00913900
v 0.18994000 0.13679100 0.00913900
v 0.18994000 0.13679100 0.00913900
v 0.18994000 0.13679100 0.00913900
v 0.18994000 0.13679100 0.00913900
v 0.18994000 0.13679100 0.00913900
v 0.19002300 0.13672400 0.00909800
v 0.19002300 0.13672400 0.00909800
v 0.19002300 0.13672400 0.00909800
v 0.19002300 0.13672400 0.00909800
v 0.19002300 0.13672400 0.00909800
v 0.19002300 0.13672400 0.00909800
v 0.19002300 0.13672400 0.00909800
v 0.19002200 0.13665100 0.00906700
v 0.19002200 0.13665100 0.00906700
v 0.19002200 0.13665100 0.00906700
v 0.19002200 0.13665100 0.00906700
v 0.19002200 0.13665100 0.00906700
v 0.19002200 0.13665100 0.00906700
v 0.19002100 0.13657400 0.00904900
v 0.19002100 0.13657400 0.00904900
v 0.19002100 0.13657400 0.00904900
v 0.19002100 0.13657400 0.00904900
v 0.19002100 0.13657400 0.00904900
v 0.19002100 0.13657400 0.00904900
v 0.19002100 0.13657400 0.00904900
v 0.18994300 0.13649600 0.00904300
v 0.18994300 0.13649600 0.00904300
v 0.18994300 0.13649600 0.00904300
v 0.18994300 0.13649600 0.00904300
v -0.01260000 -0.06562000 0.00896700
v -0.01260000 -0.06562000 0.00896700
v -0.01260000 -0.06562000 0.00896700
v -0.01260000 -0.06562000 0.00896700
v -0.01260000 -0.06562000 0.00896700
v -0.01259100 -0.06568800 0.00889200
v -0.01259100 -0.06568800 0.00889200
v -0.01259100 -0.06568800 0.00889200
v -0.01259100 -0.06568800 0.00889200
v -0.01259100 -0.06568800 0.00889200
v 0.18818800 0.12916100 0.00889100
v 0.18818800 0.12916100 0.00889100
v 0.18818800 0.12916100 0.00889100
v 0.18818800 0.12916100 0.00889100
v 0.18818800 0.12916100 0.00889100
v 0.18818800 0.12916100 0.00889100
v 0.18818800 0.12916100 0.00889100
v 0.19164900 0.12891100 0.00882500
v 0.19164900 0.12891100 0.00882500
v 0.19164900 0.12891100 0.00882500
v 0.19164900 0.12891100 0.00882500
v 0.19164900 0.12891100 0.00882500
v -0.01260000 -0.06576300 0.00882400
v -0.01260000 -0.06576300 0.00882400
v -0.01260000 -0.06576300 0.00882400
v -0.01260000 -0.06576300 0.00882400
v 0.19161700 0.12872800 0.00864500
v 0.19161700 0.12872800 0.00864500
v 0.19161700 0.12872800 0.00864500
v 0.19161700 0.12872800 0.00864500
v 0.19161700 0.12872800 0.00864500
v 0.20167400 0.13616900 0.00856700
v 0.20167400 0.13616900 0.00856700
v 0.20167400 0.13616900 0.00856700
v 0.20167400 0.13616900 0.00856700
v 0.20167400 0.13616900 0.00856700
v 0.20167400 0.13616900 0.00856700
v 0.20167400 0.15215300 0.00856700
v 0.20167400 0.15215300 0.00856700
v 0.20167400 0.15215300 0.00856700
v 0.20167400 0.15215300 0.00856700
v 0.20167400 0.15215300 0.00856700
v 0.20167400 0.15215300 0.00856700
v 0.20185700 0.13628700 0.00842700
v 0.20185700 0.13628700 0.00842700
v 0.20185700 0.13628700 0.00842700
v 0.20185700 0.13628700 0.00842700
v 0.20185700 0.13628700 0.00842700
v 0.20185700 0.15203500 0.00842700
v 0.20185700 0.15203500 0.00842700
v 0.20185700 0.15203500 0.00842700
v 0.20185700 0.15203500 0.00842700
v 0.20185700 0.15203500 0.00842700
v 0.20185700 0.15203500 0.00842700
v 0.18827400 0.12866100 0.00839900
v 0.18827400 0.12866100 0.00839900
v 0.18827400 0.12866100 0.00839900
v 0.18827400 0.12866100 0.00839900
v 0.18588500 0.13583000 0.00836300
v 0.18588500 0.13583000 0.00836300
v 0.18588500 0.13583000 0.00836300
v 0.18588500 0.13583000 0.00836300
v 0.18588500 0.13583000 0.00836300
v 0.19398200 0.13582200 0.00835500
v 0.19398200 0.13582200 0.00835500
v 0.19398200 0.13582200 0.00835500
v 0.19398200 0.13582200 0.00835500
v 0.19398200 0.13582200 0.00835500
v 0.19398200 0.13582200 0.00835500
v 0.19398200 0.13582200 0.00835500
v 0.19393000 0.13575200 0.00830600
v 0.19393000 0.13575200 0.00830600
v 0.19393000 0.13575200 0.00830600
v 0.19393000 0.13575200 0.00830600
v 0.19393000 0.13575200 0.00830600
v 0.19387800 0.13566900 0.00827300
v 0.19387800 0.13566900 0.00827300
v 0.19387800 0.13566900 0.00827300
v 0.19387800 0.13566900 0.00827300
v 0.19387800 0.13566900 0.00827300
v 0.19387800 0.13566900 0.00827300
v 0.19383000 0.13558000 0.00826000
v 0.19383000 0.13558000 0.00826000
v 0.19383000 0.13558000 0.00826000
v 0.19383000 0.13558000 0.00826000
v 0.19383000 0.13558000 0.00826000
v 0.18601200 0.13546500 0.00824600
v 0.18601200 0.13546500 0.00824600
v 0.18601200 0.13546500 0.00824600
v 0.18601200 0.13546500 0.00824600
v 0.18601200 0.13546500 0.00824600
v 0.18601200 0.13546500 0.00824600
v 0.19385900 0.13545300 0.00823600
v 0.19385900 0.13545300 0.00823600
v 0.19385900 0.13545300 0.00823600
v 0.19385900 0.13545300 0.00823600
v 0.19385900 0.13545300 0.00823600
v 0.19385900 0.13545300 0.00823600
v 0.19385900 0.13545300 0.00823600
v 0.18566100 0.13563100 0.00819500
v 0.18566100 0.13563100 0.00819500
v 0.18566100 0.13563100 0.00819500
v 0.18566100 0.13563100 0.00819500
v 0.18566100 0.13563100 0.00819500
v 0.18566100 0.13563100 0.00819500
v 0.18571700 0.13554800 0.00816300
v 0.18571700 0.13554800 0.00816300
v 0.18571700 0.13554800 0.00816300
v 0.18571700 0.13554800 0.00816300
v 0.18571700 0.13554800 0.00816300
v 0.18571700 0.13554800 0.00816300
v -0.00708600 -0.04083700 0.00816000
v -0.00708600 -0.04083700 0.00816000
v -0.00708600 -0.04083700 0.00816000
v -0.00708600 -0.04083700 0.00816000
v -0.00708600 -0.04083700 0.00816000
v -0.00708600 -0.04083700 0.00816000
v 0.18576700 0.13545600 0.00815000
v 0.18576700 0.13545600 0.00815000
v 0.18576700 0.13545600 0.00815000
v 0.18576700 0.13545600 0.00815000
v 0.18576700 0.13545600 0.00815000
v 0.18576700 0.13545600 0.00815000
v 0.01096900 -0.04085800 0.00812300
v 0.01096900 -0.04085800 0.00812300
v 0.01096900 -0.04085800 0.00812300
v 0.01096900 -0.04085800 0.00812300
v 0.01096900 -0.04085800 0.00812300
v -0.00693300 -0.04037500 0.00786400
v -0.00693300 -0.04037500 0.00786400
v -0.00693300 -0.04037500 0.00786400
v -0.00693300 -0.04037500 0.00786400
v -0.00693300 -0.04037500 0.00786400
v -0.00693300 -0.04037500 0.00786400
v 0.01081800 -0.04039800 0.00782600
v 0.01081800 -0.04039800 0.00782600
v 0.01081800 -0.04039800 0.00782600
v 0.01081800 -0.04039800 0.00782600
v 0.01081800 -0.04039800 0.00782600
v 0.19492400 0.12916100 0.00770300
v 0.19492400 0.12916100 0.00770300
v 0.19492400 0.12916100 0.00770300
v 0.19492400 0.12916100 0.00770300
v 0.19492400 0.12916100 0.00770300
v 0.19492400 0.12916100 0.00770300
v 0.19492400 0.12916100 0.00770300
v 0.18495700 0.12891100 0.00764500
v 0.18495700 0.12891100 0.00764500
v 0.18495700 0.12891100 0.00764500
v 0.18495700 0.12891100 0.00764500
v 0.18495700 0.12891100 0.00764500
v 0.18495700 0.12891100 0.00764500
v 0.18504900 0.12872800 0.00748700
v 0.18504900 0.12872800 0.00748700
v 0.18504900 0.12872800 0.00748700
v 0.18504900 0.12872800 0.00748700
v 0.18504900 0.12872800 0.00748700
v 0.01139000 -0.04109700 0.00747500
v 0.01139000 -0.04109700 0.00747500
v 0.01139000 -0.04109700 0.00747500
v 0.01139000 -0.04109700 0.00747500
v 0.01139000 -0.04109700 0.00747500
v 0.01139000 -0.04109700 0.00747500
v 0.01134600 -0.04099600 0.00737900
v 0.01134600 -0.04099600 0.00737900
v 0.01134600 -0.04099600 0.00737900
v 0.01134600 -0.04099600 0.00737900
v 0.01134600 -0.04099600 0.00737900
v 0.01134600 -0.04099600 0.00737900
v 0.01133500 -0.04087400 0.00730000
v 0.01133500 -0.04087400 0.00730000
v 0.01133500 -0.04087400 0.00730000
v 0.01133500 -0.04087400 0.00730000
v 0.01133500 -0.04087400 0.00730000
v 0.01133500 -0.04087400 0.00730000
v 0.19467400 0.12866100 0.00727000
v 0.19467400 0.12866100 0.00727000
v 0.19467400 0.12866100 0.00727000
v 0.19467400 0.12866100 0.00727000
v 0.01149900 0.09416100 0.00707800
v 0.01149900 0.09416100 0.00707800
v 0.01149900 0.09416100 0.00707800
v 0.01149900 0.09416100 0.00707800
v 0.01149900 0.09416100 0.00707800
v 0.01149900 0.09416100 0.00707800
v 0.01691500 0.11437300 0.00707800
v 0.01691500 0.11437300 0.00707800
v 0.01691500 0.11437300 0.00707800
v 0.01691500 0.11437300 0.00707800
v 0.03171200 0.12917000 0.00707800
v 0.03171200 0.12917000 0.00707800
v 0.03171200 0.12917000 0.00707800
v 0.03171200 0.12917000 0.00707800
v 0.05192400 0.13458500 0.00707800
v 0.05192400 0.13458500 0.00707800
v 0.05192400 0.13458500 0.00707800
v 0.05192400 0.13458500 0.00707800
v 0.05192400 0.13458500 0.00707800
v 0.05192400 0.13458500 0.00707800
v 0.05192400 0.13458500 0.00707800
v 0.18853500 0.12866100 0.00692200
v 0.18853500 0.12866100 0.00692200
v 0.18853500 0.12866100 0.00692200
v 0.18853500 0.12866100 0.00692200
v 0.19127000 0.12872800 0.00667500
v 0.19127000 0.12872800 0.00667500
v 0.19127000 0.12872800 0.00667500
v 0.19127000 0.12872800 0.00667500
v 0.19127000 0.12872800 0.00667500
v -0.01618900 -0.09831300 0.00654600
v -0.01618900 -0.09831300 0.00654600
v -0.01618900 -0.09831300 0.00654600
v -0.01618900 -0.09831300 0.00654600
v -0.01618900 -0.09831300 0.00654600
v 0.02003700 -0.09831300 0.00654600
v 0.02003700 -0.09831300 0.00654600
v 0.02003700 -0.09831300 0.00654600
v 0.02003700 -0.09831300 0.00654600
v 0.02003700 -0.09831300 0.00654600
v 0.19123800 0.12891100 0.00649500
v 0.19123800 0.12891100 0.00649500
v 0.19123800 0.12891100 0.00649500
v 0.19123800 0.12891100 0.00649500
v 0.19123800 0.12891100 0.00649500
v 0.18862200 0.12916100 0.00642900
v 0.18862200 0.12916100 0.00642900
v 0.18862200 0.12916100 0.00642900
v 0.18862200 0.12916100 0.00642900
v 0.18862200 0.12916100 0.00642900
v 0.18862200 0.13066100 0.00642900
v 0.18862200 0.13066100 0.00642900
v 0.18862200 0.13066100 0.00642900
v -0.01572800 -0.09783900 0.00635500
v -0.01572800 -0.09783900 0.00635500
v -0.01572800 -0.09783900 0.00635500
v -0.01572800 -0.09783900 0.00635500
v 0.01957600 -0.09783900 0.00635500
v 0.01957600 -0.09783900 0.00635500
v 0.01957600 -0.09783900 0.00635500
v 0.19703000 0.13397500 0.00632300
v 0.19703000 0.13397500 0.00632300
v 0.19703000 0.13397500 0.00632300
v 0.19703000 0.13397500 0.00632300
v 0.19703000 0.13397500 0.00632300
v 0.19703000 0.13397500 0.00632300
v 0.18263700 0.13399200 0.00631200
v 0.18263700 0.13399200 0.00631200
v 0.18263700 0.13399200 0.00631200
v 0.18263700 0.13399200 0.00631200
v 0.18263700 0.13399200 0.00631200
v 0.19722200 0.13398500 0.00630200
v 0.19722200 0.13398500 0.00630200
v 0.19722200 0.13398500 0.00630200
v 0.19722200 0.13398500 0.00630200
v 0.19722200 0.13398500 0.00630200
v 0.19693000 0.13387800 0.00628800
v 0.19693000 0.13387800 0.00628800
v 0.19693000 0.13387800 0.00628800
v 0.19693000 0.13387800 0.00628800
v 0.19693000 0.13387800 0.00628800
v 0.19693000 0.13387800 0.00628800
v 0.19684700 0.13376100 0.00628500
v 0.19684700 0.13376100 0.00628500
v 0.19684700 0.13376100 0.00628500
v 0.19684700 0.13376100 0.00628500
v 0.19684700 0.13376100 0.00628500
v 0.19684700 0.13376100 0.00628500
v -0.00849200 -0.04175600 0.00622100
v -0.00849200 -0.04175600 0.00622100
v -0.00849200 -0.04175600 0.00622100
v -0.00849200 -0.04175600 0.00622100
v -0.00849200 -0.04175600 0.00622100
v -0.00849200 -0.04175600 0.00622100
v 0.18293200 0.13354700 0.00619300
v 0.18293200 0.13354700 0.00619300
v 0.18293200 0.13354700 0.00619300
v 0.18293200 0.13354700 0.00619300
v 0.18293200 0.13354700 0.00619300
v 0.19693000 0.13353700 0.00617900
v 0.19693000 0.13353700 0.00617900
v 0.19693000 0.13353700 0.00617900
v 0.19693000 0.13353700 0.00617900
v 0.19693000 0.13353700 0.00617900
v -0.00844700 -0.04165800 0.00614200
v -0.00844700 -0.04165800 0.00614200
v -0.00844700 -0.04165800 0.00614200
v -0.00844700 -0.04165800 0.00614200
v -0.00844700 -0.04165800 0.00614200
v -0.00844700 -0.04165800 0.00614200
v -0.00843200 -0.04154500 0.00607400
v -0.00843200 -0.04154500 0.00607400
v -0.00843200 -0.04154500 0.00607400
v -0.00843200 -0.04154500 0.00607400
v -0.00843200 -0.04154500 0.00607400
v -0.00843200 -0.04154500 0.00607400
v 0.19392400 0.12866100 0.00597100
v 0.19392400 0.12866100 0.00597100
v 0.19392400 0.12866100 0.00597100
v 0.19392400 0.12866100 0.00597100
v -0.01687000 -0.10583900 0.00588400
v -0.01687000 -0.10583900 0.00588400
v -0.01687000 -0.10583900 0.00588400
v -0.01687000 -0.10583900 0.00588400
v -0.01687000 -0.10583900 0.00588400
v 0.18231100 0.13363100 0.00581800
v 0.18231100 0.13363100 0.00581800
v 0.18231100 0.13363100 0.00581800
v 0.18231100 0.13363100 0.00581800
v 0.18231100 0.13363100 0.00581800
v 0.18231100 0.13363100 0.00581800
v 0.18242000 0.13353000 0.00578300
v 0.18242000 0.13353000 0.00578300
v 0.18242000 0.13353000 0.00578300
v 0.18242000 0.13353000 0.00578300
v 0.18242000 0.13353000 0.00578300
v 0.18242000 0.13353000 0.00578300
v 0.18250800 0.13340700 0.00578300
v 0.18250800 0.13340700 0.00578300
v 0.18250800 0.13340700 0.00578300
v 0.18250800 0.13340700 0.00578300
v 0.18250800 0.13340700 0.00578300
v 0.18250800 0.13340700 0.00578300
v 0.18604900 0.12872800 0.00575500
v 0.18604900 0.12872800 0.00575500
v 0.18604900 0.12872800 0.00575500
v 0.18604900 0.12872800 0.00575500
v 0.18604900 0.12872800 0.00575500
v 0.02027600 -0.09807400 0.00572300
v 0.02027600 -0.09807400 0.00572300
v 0.02027600 -0.09807400 0.00572300
v 0.02027600 -0.09807400 0.00572300
v 0.02027600 -0.09807400 0.00572300
v 0.02027600 -0.09807400 0.00572300
v 0.02010600 -0.09790200 0.00566100
v 0.02010600 -0.09790200 0.00566100
v 0.02010600 -0.09790200 0.00566100
v 0.02010600 -0.09790200 0.00566100
v 0.02010600 -0.09790200 0.00566100
v 0.02010600 -0.09790200 0.00566100
v 0.18614000 0.12891100 0.00559600
v 0.18614000 0.12891100 0.00559600
v 0.18614000 0.12891100 0.00559600
v 0.18614000 0.12891100 0.00559600
v 0.18614000 0.12891100 0.00559600
v 0.19367400 0.12916100 0.00553800
v 0.19367400 0.12916100 0.00553800
v 0.19367400 0.12916100 0.00553800
v 0.19367400 0.12916100 0.00553800
v 0.19367400 0.12916100 0.00553800
v 0.19367400 0.13066100 0.00553800
v 0.19367400 0.13066100 0.00553800
v 0.19367400 0.13066100 0.00553800
v 0.18226400 0.12916100 0.00547100
v 0.18226400 0.12916100 0.00547100
v 0.18226400 0.12916100 0.00547100
v 0.18226400 0.12916100 0.00547100
v 0.18226400 0.12916100 0.00547100
v 0.18226400 0.12916100 0.00547100
v 0.18226400 0.12916100 0.00547100
v 0.19753300 0.12891100 0.00542800
v 0.19753300 0.12891100 0.00542800
v 0.19753300 0.12891100 0.00542800
v 0.19753300 0.12891100 0.00542800
v 0.19753300 0.12891100 0.00542800
v 0.19739300 0.12872800 0.00531000
v 0.19739300 0.12872800 0.00531000
v 0.19739300 0.12872800 0.00531000
v 0.19739300 0.12872800 0.00531000
v 0.19739300 0.12872800 0.00531000
v 0.19739300 0.12872800 0.00531000
v 0.20142400 0.13333600 0.00529300
v 0.20142400 0.13333600 0.00529300
v 0.20142400 0.13333600 0.00529300
v 0.20142400 0.13333600 0.00529300
v 0.20142400 0.13333600 0.00529300
v 0.20142400 0.13333600 0.00529300
v 0.20142400 0.13333600 0.00529300
v 0.20142400 0.13333600 0.00529300
v 0.20142400 0.15498600 0.00529300
v 0.20142400 0.15498600 0.00529300
v 0.20142400 0.15498600 0.00529300
v 0.20142400 0.15498600 0.00529300
v 0.20142400 0.15498600 0.00529300
v 0.20142400 0.15498600 0.00529300
v -0.01499100 -0.09783900 0.00519900
v -0.01499100 -0.09783900 0.00519900
v -0.01499100 -0.09783900 0.00519900
v -0.01499100 -0.09783900 0.00519900
v 0.18264700 0.12866100 0.00515000
v 0.18264700 0.12866100 0.00515000
v 0.18264700 0.12866100 0.00515000
v 0.18264700 0.12866100 0.00515000
v 0.01860300 -0.09777200 0.00511400
v 0.01860300 -0.09777200 0.00511400
v 0.01860300 -0.09777200 0.00511400
v 0.01860300 -0.09777200 0.00511400
v 0.01860300 -0.09777200 0.00511400
v 0.01843100 -0.09758900 0.00505100
v 0.01843100 -0.09758900 0.00505100
v 0.01843100 -0.09758900 0.00505100
v 0.01843100 -0.09758900 0.00505100
v 0.01843100 -0.09758900 0.00505100
v 0.20192400 0.13376900 0.00504300
v 0.20192400 0.13376900 0.00504300
v 0.20192400 0.13376900 0.00504300
v 0.20192400 0.13376900 0.00504300
v 0.20192400 0.15455300 0.00504300
v 0.20192400 0.15455300 0.00504300
v 0.20192400 0.15455300 0.00504300
v 0.20192400 0.15455300 0.00504300
v -0.01452100 -0.09733900 0.00502800
v -0.01452100 -0.09733900 0.00502800
v -0.01452100 -0.09733900 0.00502800
v -0.01452100 -0.09733900 0.00502800
v -0.01452100 -0.09733900 0.00502800
v -0.01452100 -0.09733900 0.00502800
v 0.18379600 0.12866100 0.00418500
v 0.18379600 0.12866100 0.00418500
v 0.18379600 0.12866100 0.00418500
v 0.18379600 0.12866100 0.00418500
v -0.00972100 -0.04277600 0.00409600
v -0.00972100 -0.04277600 0.00409600
v -0.00972100 -0.04277600 0.00409600
v -0.00972100 -0.04277600 0.00409600
v -0.00972100 -0.04277600 0.00409600
v 0.01358400 -0.04279000 0.00405900
v 0.01358400 -0.04279000 0.00405900
v 0.01358400 -0.04279000 0.00405900
v 0.01358400 -0.04279000 0.00405900
v 0.01358400 -0.04279000 0.00405900
v 0.19586100 0.12872800 0.00402500
v 0.19586100 0.12872800 0.00402500
v 0.19586100 0.12872800 0.00402500
v 0.19586100 0.12872800 0.00402500
v 0.19586100 0.12872800 0.00402500
v -0.00956500 -0.04237700 0.00396800
v -0.00956500 -0.04237700 0.00396800
v -0.00956500 -0.04237700 0.00396800
v -0.00956500 -0.04237700 0.00396800
v -0.00956500 -0.04237700 0.00396800
v 0.01342900 -0.04239200 0.00392900
v 0.01342900 -0.04239200 0.00392900
v 0.01342900 -0.04239200 0.00392900
v 0.01342900 -0.04239200 0.00392900
v 0.01342900 -0.04239200 0.00392900
v 0.01342900 -0.04239200 0.00392900
v 0.19572100 0.12891100 0.00390700
v 0.19572100 0.12891100 0.00390700
v 0.19572100 0.12891100 0.00390700
v 0.19572100 0.12891100 0.00390700
v 0.19572100 0.12891100 0.00390700
v 0.19572100 0.12891100 0.00390700
v 0.18417900 0.12916100 0.00386400
v 0.18417900 0.12916100 0.00386400
v 0.18417900 0.12916100 0.00386400
v 0.18417900 0.12916100 0.00386400
v 0.18417900 0.12916100 0.00386400
v 0.18417900 0.13066100 0.00386400
v 0.18417900 0.13066100 0.00386400
v 0.18417900 0.13066100 0.00386400
v 0.01368700 -0.04286600 0.00358000
v 0.01368700 -0.04286600 0.00358000
v 0.01368700 -0.04286600 0.00358000
v 0.01368700 -0.04286600 0.00358000
v 0.01368700 -0.04286600 0.00358000
v 0.01368700 -0.04286600 0.00358000
v 0.01364200 -0.04277500 0.00353200
v 0.01364200 -0.04277500 0.00353200
v 0.01364200 -0.04277500 0.00353200
v 0.01364200 -0.04277500 0.00353200
v 0.01364200 -0.04277500 0.00353200
v 0.01361900 -0.04267500 0.00348800
v 0.01361900 -0.04267500 0.00348800
v 0.01361900 -0.04267500 0.00348800
v 0.01361900 -0.04267500 0.00348800
v 0.01361900 -0.04267500 0.00348800
v 0.19923900 0.13239600 0.00335400
v 0.19923900 0.13239600 0.00335400
v 0.19923900 0.13239600 0.00335400
v 0.19923900 0.13239600 0.00335400
v 0.19923900 0.13239600 0.00335400
v 0.19923900 0.13239600 0.00335400
v 0.19899100 0.13213900 0.00333100
v 0.19899100 0.13213900 0.00333100
v 0.19899100 0.13213900 0.00333100
v 0.19899100 0.13213900 0.00333100
v 0.19899100 0.13213900 0.00333100
v 0.19899100 0.13213900 0.00333100
v 0.19909500 0.13228800 0.00332500
v 0.19909500 0.13228800 0.00332500
v 0.19909500 0.13228800 0.00332500
v 0.19909500 0.13228800 0.00332500
v 0.19909500 0.13228800 0.00332500
v 0.19909500 0.13228800 0.00332500
v -0.00982200 0.09416100 0.00331800
v -0.00982200 0.09416100 0.00331800
v -0.00982200 0.09416100 0.00331800
v -0.00982200 0.09416100 0.00331800
v -0.00982200 0.09416100 0.00331800
v -0.00982200 0.09416100 0.00331800
v -0.00155000 0.12503400 0.00331800
v -0.00155000 0.12503400 0.00331800
v -0.00155000 0.12503400 0.00331800
v -0.00155000 0.12503400 0.00331800
v 0.02105100 0.14763500 0.00331800
v 0.02105100 0.14763500 0.00331800
v 0.02105100 0.14763500 0.00331800
v 0.02105100 0.14763500 0.00331800
v 0.05192400 0.15590700 0.00331800
v 0.05192400 0.15590700 0.00331800
v 0.05192400 0.15590700 0.00331800
v 0.05192400 0.15590700 0.00331800
v 0.05192400 0.15590700 0.00331800
v 0.19952100 0.13235100 0.00314000
v 0.19952100 0.13235100 0.00314000
v 0.19952100 0.13235100 0.00314000
v 0.19952100 0.13235100 0.00314000
v 0.19952100 0.13235100 0.00314000
v 0.18032500 0.13235000 0.00313500
v 0.18032500 0.13235000 0.00313500
v 0.18032500 0.13235000 0.00313500
v 0.18032500 0.13235000 0.00313500
v 0.18032500 0.13235000 0.00313500
v 0.18032500 0.13235000 0.00313500
v 0.19908400 0.13186300 0.00305500
v 0.19908400 0.13186300 0.00305500
v 0.19908400 0.13186300 0.00305500
v 0.19908400 0.13186300 0.00305500
v 0.19908400 0.13186300 0.00305500
v 0.19908400 0.13186300 0.00305500
v 0.18076400 0.13186200 0.00305400
v 0.18076400 0.13186200 0.00305400
v 0.18076400 0.13186200 0.00305400
v 0.18076400 0.13186200 0.00305400
v 0.18076400 0.13186200 0.00305400
v 0.18076400 0.13186200 0.00305400
v 0.01908400 -0.05927700 0.00253000
v 0.01908400 -0.05927700 0.00253000
v 0.01908400 -0.05927700 0.00253000
v 0.01908400 -0.05927700 0.00253000
v 0.01908300 -0.05930200 0.00250600
v 0.01908300 -0.05930200 0.00250600
v 0.01908300 -0.05930200 0.00250600
v 0.01908300 -0.05930200 0.00250600
v 0.01908300 -0.05930200 0.00250600
v 0.01908400 -0.05932600 0.00248100
v 0.01908400 -0.05932600 0.00248100
v 0.01908400 -0.05932600 0.00248100
v 0.01908400 -0.05932600 0.00248100
v 0.01908400 -0.05932600 0.00248100
v 0.19932100 0.12916100 0.00246300
v 0.19932100 0.12916100 0.00246300
v 0.19932100 0.12916100 0.00246300
v 0.19932100 0.12916100 0.00246300
v 0.19932100 0.12916100 0.00246300
v 0.19932100 0.12916100 0.00246300
v 0.18059000 0.12891100 0.00244000
v 0.18059000 0.12891100 0.00244000
v 0.18059000 0.12891100 0.00244000
v 0.18059000 0.12891100 0.00244000
v 0.18059000 0.12891100 0.00244000
v 0.18076200 0.12872800 0.00237800
v 0.18076200 0.12872800 0.00237800
v 0.18076200 0.12872800 0.00237800
v 0.18076200 0.12872800 0.00237800
v 0.18076200 0.12872800 0.00237800
v 0.18076200 0.12872800 0.00237800
v 0.19885100 0.12866100 0.00229200
v 0.19885100 0.12866100 0.00229200
v 0.19885100 0.12866100 0.00229200
v 0.19885100 0.12866100 0.00229200
v 0.18013700 0.13203600 0.00221100
v 0.18013700 0.13203600 0.00221100
v 0.18013700 0.13203600 0.00221100
v 0.18013700 0.13203600 0.00221100
v 0.18013700 0.13203600 0.00221100
v 0.18013700 0.13203600 0.00221100
v 0.18040000 0.13176800 0.00219400
v 0.18040000 0.13176800 0.00219400
v 0.18040000 0.13176800 0.00219400
v 0.18040000 0.13176800 0.00219400
v 0.18040000 0.13176800 0.00219400
v 0.18040000 0.13176800 0.00219400
v 0.18029200 0.13192600 0.00218800
v 0.18029200 0.13192600 0.00218800
v 0.18029200 0.13192600 0.00218800
v 0.18029200 0.13192600 0.00218800
v 0.18029200 0.13192600 0.00218800
v 0.18029200 0.13192600 0.00218800
v -0.01031800 -0.04332000 0.00199000
v -0.01031800 -0.04332000 0.00199000
v -0.01031800 -0.04332000 0.00199000
v -0.01031800 -0.04332000 0.00199000
v -0.01031800 -0.04332000 0.00199000
v -0.01031800 -0.04332000 0.00199000
v -0.01027400 -0.04323200 0.00195900
v -0.01027400 -0.04323200 0.00195900
v -0.01027400 -0.04323200 0.00195900
v -0.01027400 -0.04323200 0.00195900
v -0.01027400 -0.04323200 0.00195900
v -0.01024900 -0.04313600 0.00193000
v -0.01024900 -0.04313600 0.00193000
v -0.01024900 -0.04313600 0.00193000
v -0.01024900 -0.04313600 0.00193000
v -0.01024900 -0.04313600 0.00193000
v -0.01024900 -0.04313600 0.00193000
v 0.19744200 0.12866100 0.00177900
v 0.19744200 0.12866100 0.00177900
v 0.19744200 0.12866100 0.00177900
v 0.19744200 0.12866100 0.00177900
v 0.18264100 0.12872800 0.00169400
v 0.18264100 0.12872800 0.00169400
v 0.18264100 0.12872800 0.00169400
v 0.18264100 0.12872800 0.00169400
v 0.18264100 0.12872800 0.00169400
v 0.18281300 0.12891100 0.00163100
v 0.18281300 0.12891100 0.00163100
v 0.18281300 0.12891100 0.00163100
v 0.18281300 0.12891100 0.00163100
v 0.18281300 0.12891100 0.00163100
v 0.19697200 0.12916100 0.00160800
v 0.19697200 0.12916100 0.00160800
v 0.19697200 0.12916100 0.00160800
v 0.19697200 0.12916100 0.00160800
v 0.19697200 0.12916100 0.00160800
v 0.19697200 0.13066100 0.00160800
v 0.19697200 0.13066100 0.00160800
v 0.19697200 0.13066100 0.00160800
v 0.20167400 0.13191700 0.00120200
v 0.20167400 0.13191700 0.00120200
v 0.20167400 0.13191700 0.00120200
v 0.20167400 0.13191700 0.00120200
v 0.20167400 0.13191700 0.00120200
v 0.20167400 0.15640500 0.00120200
v 0.20167400 0.15640500 0.00120200
v 0.20167400 0.15640500 0.00120200
v 0.20167400 0.15640500 0.00120200
v 0.20167400 0.15640500 0.00120200
v 0.20167400 0.15640500 0.00120200
v 0.20185700 0.13209700 0.00117000
v 0.20185700 0.13209700 0.00117000
v 0.20185700 0.13209700 0.00117000
v 0.20185700 0.13209700 0.00117000
v 0.20185700 0.13209700 0.00117000
v 0.20185700 0.13209700 0.00117000
v 0.20185700 0.15622500 0.00117000
v 0.20185700 0.15622500 0.00117000
v 0.20185700 0.15622500 0.00117000
v 0.20185700 0.15622500 0.00117000
v 0.20185700 0.15622500 0.00117000
v 0.20022600 0.13163700 -0.00042800
v 0.20022600 0.13163700 -0.00042800
v 0.20022600 0.13163700 -0.00042800
v 0.20022600 0.13163700 -0.00042800
v 0.20022600 0.13163700 -0.00042800
v 0.20022600 0.13163700 -0.00042800
v 0.19994500 0.13135700 -0.00043100
v 0.19994500 0.13135700 -0.00043100
v 0.19994500 0.13135700 -0.00043100
v 0.19994500 0.13135700 -0.00043100
v 0.19994500 0.13135700 -0.00043100
v 0.19994500 0.13135700 -0.00043100
v 0.20005600 0.13152600 -0.00043200
v 0.20005600 0.13152600 -0.00043200
v 0.20005600 0.13152600 -0.00043200
v 0.20005600 0.13152600 -0.00043200
v 0.20005600 0.13152600 -0.00043200
v 0.20005600 0.13152600 -0.00043200
v -0.01057600 -0.04338900 -0.00089800
v -0.01057600 -0.04338900 -0.00089800
v -0.01057600 -0.04338900 -0.00089800
v -0.01057600 -0.04338900 -0.00089800
v -0.01057600 -0.04338900 -0.00089800
v -0.01057600 -0.04338900 -0.00089800
v -0.01071500 -0.04373500 -0.00090300
v -0.01071500 -0.04373500 -0.00090300
v -0.01071500 -0.04373500 -0.00090300
v -0.01071500 -0.04373500 -0.00090300
v -0.01071500 -0.04373500 -0.00090300
v 0.20042400 0.13166100 -0.00094500
v 0.20042400 0.13166100 -0.00094500
v 0.20042400 0.13166100 -0.00094500
v 0.20042400 0.13166100 -0.00094500
v 0.20042400 0.13166100 -0.00094500
v 0.20042400 0.13166100 -0.00094500
v 0.19992400 0.13116100 -0.00094800
v 0.19992400 0.13116100 -0.00094800
v 0.19992400 0.13116100 -0.00094800
v 0.19992400 0.13116100 -0.00094800
v 0.19992400 0.13116100 -0.00094800
v 0.19992400 0.13116100 -0.00094800
v 0.02192400 -0.10583900 -0.00095700
v 0.02192400 -0.10583900 -0.00095700
v 0.02192400 -0.10583900 -0.00095700
v 0.02192400 -0.10583900 -0.00095700
v 0.02192400 -0.10583900 -0.00095700
v -0.01768200 -0.09831300 -0.00095700
v -0.01768200 -0.09831300 -0.00095700
v -0.01768200 -0.09831300 -0.00095700
v -0.01768200 -0.09831300 -0.00095700
v -0.01768200 -0.09831300 -0.00095700
v 0.02152900 -0.09831300 -0.00095700
v 0.02152900 -0.09831300 -0.00095700
v 0.02152900 -0.09831300 -0.00095700
v 0.02152900 -0.09831300 -0.00095700
v 0.02152900 -0.09831300 -0.00095700
v -0.01760700 -0.09807400 -0.00095700
v -0.01760700 -0.09807400 -0.00095700
v -0.01760700 -0.09807400 -0.00095700
v -0.01760700 -0.09807400 -0.00095700
v -0.01760700 -0.09807400 -0.00095700
v -0.01760700 -0.09807400 -0.00095700
v -0.01742500 -0.09790200 -0.00095700
v -0.01742500 -0.09790200 -0.00095700
v -0.01742500 -0.09790200 -0.00095700
v -0.01742500 -0.09790200 -0.00095700
v -0.01742500 -0.09790200 -0.00095700
v -0.01742500 -0.09790200 -0.00095700
v -0.01718300 -0.09783900 -0.00095700
v -0.01718300 -0.09783900 -0.00095700
v -0.01718300 -0.09783900 -0.00095700
v 0.01992400 -0.09783900 -0.00095700
v 0.01992400 -0.09783900 -0.00095700
v 0.01992400 -0.09783900 -0.00095700
v 0.01992400 -0.09783900 -0.00095700
v 0.02103000 -0.09783900 -0.00095700
v 0.02103000 -0.09783900 -0.00095700
v 0.02103000 -0.09783900 -0.00095700
v 0.02103000 -0.09783900 -0.00095700
v -0.01582600 -0.09777200 -0.00095700
v -0.01582600 -0.09777200 -0.00095700
v -0.01582600 -0.09777200 -0.00095700
v -0.01582600 -0.09777200 -0.00095700
v -0.01582600 -0.09777200 -0.00095700
v -0.01564300 -0.09758900 -0.00095700
v -0.01564300 -0.09758900 -0.00095700
v -0.01564300 -0.09758900 -0.00095700
v -0.01564300 -0.09758900 -0.00095700
v -0.01564300 -0.09758900 -0.00095700
v 0.01942400 -0.09733900 -0.00095700
v 0.01942400 -0.09733900 -0.00095700
v 0.01942400 -0.09733900 -0.00095700
v 0.01942400 -0.09733900 -0.00095700
v 0.01942400 -0.09733900 -0.00095700
v -0.01557600 -0.05583900 -0.00095700
v -0.01557600 -0.05583900 -0.00095700
v -0.01557600 -0.05583900 -0.00095700
v -0.01557600 -0.05583900 -0.00095700
v -0.01557600 -0.05583900 -0.00095700
v -0.01557600 -0.05583900 -0.00095700
v -0.01557600 -0.05583900 -0.00095700
v -0.01557600 -0.05583900 -0.00095700
v -0.01557600 -0.05583900 -0.00095700
v -0.01557600 -0.05583900 -0.00095700
v -0.01557600 -0.05583900 -0.00095700
v -0.01557600 -0.05583900 -0.00095700
v -0.01557600 -0.05583900 -0.00095700
v -0.01557600 -0.05583900 -0.00095700
v -0.01557600 -0.05583900 -0.00095700
v 0.01942400 -0.05583900 -0.00095700
v 0.01942400 -0.05583900 -0.00095700
v 0.01942400 -0.05583900 -0.00095700
v 0.01942400 -0.05583900 -0.00095700
v 0.01942400 -0.05583900 -0.00095700
v 0.01942400 -0.05583900 -0.00095700
v 0.01942400 -0.05583900 -0.00095700
v 0.01942400 -0.05583900 -0.00095700
v 0.01942400 -0.05583900 -0.00095700
v 0.01942400 -0.05583900 -0.00095700
v 0.01942400 -0.05583900 -0.00095700
v 0.01942400 -0.05583900 -0.00095700
v 0.01942400 -0.05583900 -0.00095700
v 0.01942400 -0.05583900 -0.00095700
v 0.01942400 -0.05583900 -0.00095700
v 0.01942400 -0.05583900 -0.00095700
v 0.01942400 -0.05583900 -0.00095700
v 0.01456300 -0.04373500 -0.00095700
v 0.01456300 -0.04373500 -0.00095700
v 0.01456300 -0.04373500 -0.00095700
v 0.01456300 -0.04373500 -0.00095700
v 0.01456300 -0.04373500 -0.00095700
v 0.01456300 -0.04373500 -0.00095700
v 0.01456300 -0.04373500 -0.00095700
v 0.01446000 -0.04357600 -0.00095700
v 0.01446000 -0.04357600 -0.00095700
v 0.01446000 -0.04357600 -0.00095700
v 0.01446000 -0.04357600 -0.00095700
v 0.01446000 -0.04357600 -0.00095700
v 0.01446000 -0.04357600 -0.00095700
v 0.01446000 -0.04357600 -0.00095700
v 0.01446000 -0.04357600 -0.00095700
v 0.01442400 -0.04338900 -0.00095700
v 0.01442400 -0.04338900 -0.00095700
v 0.01442400 -0.04338900 -0.00095700
v 0.01442400 -0.04338900 -0.00095700
v 0.01442400 -0.04338900 -0.00095700
v 0.01442400 -0.04338900 -0.00095700
v 0.01442400 -0.04338900 -0.00095700
v 0.01442400 0.09416100 -0.00095700
v 0.01442400 0.09416100 -0.00095700
v 0.01442400 0.09416100 -0.00095700
v 0.01442400 0.09416100 -0.00095700
v 0.01442400 0.09416100 -0.00095700
v 0.01442400 0.09416100 -0.00095700
v 0.01944800 0.11291100 -0.00095700
v 0.01944800 0.11291100 -0.00095700
v 0.01944800 0.11291100 -0.00095700
v 0.01944800 0.11291100 -0.00095700
v 0.03317400 0.12663700 -0.00095700
v 0.03317400 0.12663700 -0.00095700
v 0.03317400 0.12663700 -0.00095700
v 0.03317400 0.12663700 -0.00095700
v 0.18042400 0.12866100 -0.00095700
v 0.18042400 0.12866100 -0.00095700
v 0.18042400 0.12866100 -0.00095700
v 0.18042400 0.12866100 -0.00095700
v 0.18192400 0.12866100 -0.00095700
v 0.18192400 0.12866100 -0.00095700
v 0.18192400 0.12866100 -0.00095700
v 0.18192400 0.12866100 -0.00095700
v 0.19767400 0.12872800 -0.00095700
v 0.19767400 0.12872800 -0.00095700
v 0.19767400 0.12872800 -0.00095700
v 0.19767400 0.12872800 -0.00095700
v 0.19767400 0.12872800 -0.00095700
v 0.19767400 0.12872800 -0.00095700
v 0.19967400 0.12872800 -0.00095700
v 0.19967400 0.12872800 -0.00095700
v 0.19967400 0.12872800 -0.00095700
v 0.19967400 0.12872800 -0.00095700
v 0.19967400 0.12872800 -0.00095700
v 0.19967400 0.12872800 -0.00095700
v 0.19749100 0.12891100 -0.00095700
v 0.19749100 0.12891100 -0.00095700
v 0.19749100 0.12891100 -0.00095700
v 0.19749100 0.12891100 -0.00095700
v 0.19749100 0.12891100 -0.00095700
v 0.19749100 0.12891100 -0.00095700
v 0.19985700 0.12891100 -0.00095700
v 0.19985700 0.12891100 -0.00095700
v 0.19985700 0.12891100 -0.00095700
v 0.19985700 0.12891100 -0.00095700
v 0.19985700 0.12891100 -0.00095700
v 0.19985700 0.12891100 -0.00095700
v 0.17992400 0.12916100 -0.00095700
v 0.17992400 0.12916100 -0.00095700
v 0.17992400 0.12916100 -0.00095700
v 0.17992400 0.12916100 -0.00095700
v 0.17992400 0.12916100 -0.00095700
v 0.17992400 0.12916100 -0.00095700
v 0.17992400 0.12916100 -0.00095700
v 0.18242400 0.12916100 -0.00095700
v 0.18242400 0.12916100 -0.00095700
v 0.18242400 0.12916100 -0.00095700
v 0.18242400 0.12916100 -0.00095700
v 0.18242400 0.12916100 -0.00095700
v 0.18242400 0.13066100 -0.00095700
v 0.18242400 0.13066100 -0.00095700
v 0.18242400 0.13066100 -0.00095700
v 0.17992400 0.13116100 -0.00095700
v 0.17992400 0.13116100 -0.00095700
v 0.17992400 0.13116100 -0.00095700
v 0.17992400 0.13116100 -0.00095700
v 0.17992400 0.13116100 -0.00095700
v 0.17992400 0.13116100 -0.00095700
v 0.17988900 0.13134500 -0.00095700
v 0.17988900 0.13134500 -0.00095700
v 0.17988900 0.13134500 -0.00095700
v 0.17988900 0.13134500 -0.00095700
v 0.17988900 0.13134500 -0.00095700
v 0.17977800 0.13151500 -0.00095700
v 0.17977800 0.13151500 -0.00095700
v 0.17977800 0.13151500 -0.00095700
v 0.17977800 0.13151500 -0.00095700
v 0.17960800 0.13162600 -0.00095700
v 0.17960800 0.13162600 -0.00095700
v 0.17960800 0.13162600 -0.00095700
v 0.17960800 0.13162600 -0.00095700
v 0.17960800 0.13162600 -0.00095700
v 0.05192400 0.13166100 -0.00095700
v 0.05192400 0.13166100 -0.00095700
v 0.05192400 0.13166100 -0.00095700
v 0.05192400 0.13166100 -0.00095700
v 0.05192400 0.13166100 -0.00095700
v 0.05192400 0.13166100 -0.00095700
v 0.17942400 0.13166100 -0.00095700
v 0.17942400 0.13166100 -0.00095700
v 0.17942400 0.13166100 -0.00095700
v 0.17942400 0.13166100 -0.00095700
v 0.17942400 0.13166100 -0.00095700
v 0.17942400 0.13166100 -0.00095700
v 0.01443100 -0.04348200 -0.00114800
v 0.01443100 -0.04348200 -0.00114800
v 0.01443100 -0.04348200 -0.00114800
v 0.01443100 -0.04348200 -0.00114800
v 0.01443100 -0.04348200 -0.00114800
v 0.01445800 -0.04357400 -0.00115000
v 0.01445800 -0.04357400 -0.00115000
v 0.01445800 -0.04357400 -0.00115000
v 0.01445800 -0.04357400 -0.00115000
v 0.01450300 -0.04366000 -0.00115200
v 0.01450300 -0.04366000 -0.00115200
v 0.01450300 -0.04366000 -0.00115200
v 0.01450300 -0.04366000 -0.00115200
v 0.17985100 0.13157400 -0.00215500
v 0.17985100 0.13157400 -0.00215500
v 0.17985100 0.13157400 -0.00215500
v 0.17985100 0.13157400 -0.00215500
v 0.17985100 0.13157400 -0.00215500
v 0.17985100 0.13157400 -0.00215500
v 0.17996200 0.13140600 -0.00215800
v 0.17996200 0.13140600 -0.00215800
v 0.17996200 0.13140600 -0.00215800
v 0.17996200 0.13140600 -0.00215800
v 0.17996200 0.13140600 -0.00215800
v 0.17968300 0.13168500 -0.00216500
v 0.17968300 0.13168500 -0.00216500
v 0.17968300 0.13168500 -0.00216500
v 0.17968300 0.13168500 -0.00216500
v 0.17968300 0.13168500 -0.00216500
v -0.01044200 -0.04333300 -0.00285000
v -0.01044200 -0.04333300 -0.00285000
v -0.01044200 -0.04333300 -0.00285000
v -0.01044200 -0.04333300 -0.00285000
v -0.01044200 -0.04333300 -0.00285000
v -0.01046800 -0.04342700 -0.00286900
v -0.01046800 -0.04342700 -0.00286900
v -0.01046800 -0.04342700 -0.00286900
v -0.01046800 -0.04342700 -0.00286900
v -0.01046800 -0.04342700 -0.00286900
v -0.01046800 -0.04342700 -0.00286900
v -0.01051200 -0.04351300 -0.00288900
v -0.01051200 -0.04351300 -0.00288900
v -0.01051200 -0.04351300 -0.00288900
v -0.01051200 -0.04351300 -0.00288900
v -0.01051200 -0.04351300 -0.00288900
v -0.01051200 -0.04351300 -0.00288900
v 0.20192400 0.13234300 -0.00304100
v 0.20192400 0.13234300 -0.00304100
v 0.20192400 0.13234300 -0.00304100
v 0.20192400 0.13234300 -0.00304100
v 0.20192400 0.15597900 -0.00304100
v 0.20192400 0.15597900 -0.00304100
v 0.20192400 0.15597900 -0.00304100
v 0.20192400 0.15597900 -0.00304100
v 0.20142400 0.13185100 -0.00312700
v 0.20142400 0.13185100 -0.00312700
v 0.20142400 0.13185100 -0.00312700
v 0.20142400 0.13185100 -0.00312700
v 0.20142400 0.13185100 -0.00312700
v 0.20142400 0.13185100 -0.00312700
v 0.20142400 0.13185100 -0.00312700
v 0.20142400 0.15647100 -0.00312700
v 0.20142400 0.15647100 -0.00312700
v 0.20142400 0.15647100 -0.00312700
v 0.20142400 0.15647100 -0.00312700
v 0.20142400 0.15647100 -0.00312700
v 0.20142400 0.15647100 -0.00312700
v 0.19697200 0.12916100 -0.00352200
v 0.19697200 0.12916100 -0.00352200
v 0.19697200 0.12916100 -0.00352200
v 0.19697200 0.12916100 -0.00352200
v 0.19697200 0.12916100 -0.00352200
v 0.19697200 0.13066100 -0.00352200
v 0.19697200 0.13066100 -0.00352200
v 0.19697200 0.13066100 -0.00352200
v 0.18281300 0.12891100 -0.00354500
v 0.18281300 0.12891100 -0.00354500
v 0.18281300 0.12891100 -0.00354500
v 0.18281300 0.12891100 -0.00354500
v 0.18281300 0.12891100 -0.00354500
v 0.18264100 0.12872800 -0.00360800
v 0.18264100 0.12872800 -0.00360800
v 0.18264100 0.12872800 -0.00360800
v 0.18264100 0.12872800 -0.00360800
v 0.18264100 0.12872800 -0.00360800
v 0.19744200 0.12866100 -0.00369300
v 0.19744200 0.12866100 -0.00369300
v 0.19744200 0.12866100 -0.00369300
v 0.19744200 0.12866100 -0.00369300
v 0.19885100 0.12866100 -0.00420600
v 0.19885100 0.12866100 -0.00420600
v 0.19885100 0.12866100 -0.00420600
v 0.19885100 0.12866100 -0.00420600
v 0.18076200 0.12872800 -0.00429200
v 0.18076200 0.12872800 -0.00429200
v 0.18076200 0.12872800 -0.00429200
v 0.18076200 0.12872800 -0.00429200
v 0.18076200 0.12872800 -0.00429200
v 0.19949000 0.13197800 -0.00429200
v 0.19949000 0.13197800 -0.00429200
v 0.19949000 0.13197800 -0.00429200
v 0.19949000 0.13197800 -0.00429200
v 0.19949000 0.13197800 -0.00429200
v 0.19949000 0.13197800 -0.00429200
v 0.19938300 0.13182100 -0.00429800
v 0.19938300 0.13182100 -0.00429800
v 0.19938300 0.13182100 -0.00429800
v 0.19938300 0.13182100 -0.00429800
v 0.19938300 0.13182100 -0.00429800
v 0.19938300 0.13182100 -0.00429800
v 0.19964400 0.13208800 -0.00431600
v 0.19964400 0.13208800 -0.00431600
v 0.19964400 0.13208800 -0.00431600
v 0.19964400 0.13208800 -0.00431600
v 0.19964400 0.13208800 -0.00431600
v 0.19964400 0.13208800 -0.00431600
v 0.18059000 0.12891100 -0.00435400
v 0.18059000 0.12891100 -0.00435400
v 0.18059000 0.12891100 -0.00435400
v 0.18059000 0.12891100 -0.00435400
v 0.18059000 0.12891100 -0.00435400
v 0.18059000 0.12891100 -0.00435400
v 0.19932100 0.12916100 -0.00437700
v 0.19932100 0.12916100 -0.00437700
v 0.19932100 0.12916100 -0.00437700
v 0.19932100 0.12916100 -0.00437700
v 0.19932100 0.12916100 -0.00437700
v 0.19932100 0.12916100 -0.00437700
v 0.19932100 0.12916100 -0.00437700
v 0.01908400 -0.05932600 -0.00439500
v 0.01908400 -0.05932600 -0.00439500
v 0.01908400 -0.05932600 -0.00439500
v 0.01908400 -0.05932600 -0.00439500
v 0.01908300 -0.05930200 -0.00441900
v 0.01908300 -0.05930200 -0.00441900
v 0.01908300 -0.05930200 -0.00441900
v 0.01908300 -0.05930200 -0.00441900
v 0.01908300 -0.05930200 -0.00441900
v 0.01908400 -0.05927700 -0.00444400
v 0.01908400 -0.05927700 -0.00444400
v 0.01908400 -0.05927700 -0.00444400
v 0.01908400 -0.05927700 -0.00444400
v 0.01908400 -0.05927700 -0.00444400
v 0.01379800 -0.04284400 -0.00489800
v 0.01379800 -0.04284400 -0.00489800
v 0.01379800 -0.04284400 -0.00489800
v 0.01379800 -0.04284400 -0.00489800
v 0.01379800 -0.04284400 -0.00489800
v 0.01379800 -0.04284400 -0.00489800
v 0.01382200 -0.04294200 -0.00493600
v 0.01382200 -0.04294200 -0.00493600
v 0.01382200 -0.04294200 -0.00493600
v 0.01382200 -0.04294200 -0.00493600
v 0.01382200 -0.04294200 -0.00493600
v 0.01382200 -0.04294200 -0.00493600
v 0.01382200 -0.04294200 -0.00493600
v 0.19909300 0.13185500 -0.00494800
v 0.19909300 0.13185500 -0.00494800
v 0.19909300 0.13185500 -0.00494800
v 0.19909300 0.13185500 -0.00494800
v 0.19909300 0.13185500 -0.00494800
v 0.18076300 0.13186200 -0.00496600
v 0.18076300 0.13186200 -0.00496600
v 0.18076300 0.13186200 -0.00496600
v 0.18076300 0.13186200 -0.00496600
v 0.18076300 0.13186200 -0.00496600
v 0.18076300 0.13186200 -0.00496600
v 0.01386600 -0.04303200 -0.00497900
v 0.01386600 -0.04303200 -0.00497900
v 0.01386600 -0.04303200 -0.00497900
v 0.01386600 -0.04303200 -0.00497900
v 0.01386600 -0.04303200 -0.00497900
v 0.19953300 0.13234200 -0.00502600
v 0.19953300 0.13234200 -0.00502600
v 0.19953300 0.13234200 -0.00502600
v 0.19953300 0.13234200 -0.00502600
v 0.19953300 0.13234200 -0.00502600
v 0.18032900 0.13235300 -0.00505700
v 0.18032900 0.13235300 -0.00505700
v 0.18032900 0.13235300 -0.00505700
v 0.18032900 0.13235300 -0.00505700
v 0.18032900 0.13235300 -0.00505700
v 0.18032900 0.13235300 -0.00505700
v -0.00982200 0.09416100 -0.00523200
v -0.00982200 0.09416100 -0.00523200
v -0.00982200 0.09416100 -0.00523200
v -0.00982200 0.09416100 -0.00523200
v -0.00982200 0.09416100 -0.00523200
v -0.00982200 0.09416100 -0.00523200
v -0.00155000 0.12503400 -0.00523200
v -0.00155000 0.12503400 -0.00523200
v -0.00155000 0.12503400 -0.00523200
v -0.00155000 0.12503400 -0.00523200
v 0.02105100 0.14763500 -0.00523200
v 0.02105100 0.14763500 -0.00523200
v 0.02105100 0.14763500 -0.00523200
v 0.02105100 0.14763500 -0.00523200
v 0.05192400 0.15590700 -0.00523200
v 0.05192400 0.15590700 -0.00523200
v 0.05192400 0.15590700 -0.00523200
v 0.05192400 0.15590700 -0.00523200
v 0.05192400 0.15590700 -0.00523200
v 0.18417900 0.12916100 -0.00577800
v 0.18417900 0.12916100 -0.00577800
v 0.18417900 0.12916100 -0.00577800
v 0.18417900 0.12916100 -0.00577800
v 0.18417900 0.12916100 -0.00577800
v 0.18417900 0.13066100 -0.00577800
v 0.18417900 0.13066100 -0.00577800
v 0.18417900 0.13066100 -0.00577800
v -0.00959800 -0.04240700 -0.00580400
v -0.00959800 -0.04240700 -0.00580400
v -0.00959800 -0.04240700 -0.00580400
v -0.00959800 -0.04240700 -0.00580400
v -0.00959800 -0.04240700 -0.00580400
v 0.19572100 0.12891100 -0.00582100
v 0.19572100 0.12891100 -0.00582100
v 0.19572100 0.12891100 -0.00582100
v 0.19572100 0.12891100 -0.00582100
v 0.19572100 0.12891100 -0.00582100
v 0.01342000 -0.04238300 -0.00586500
v 0.01342000 -0.04238300 -0.00586500
v 0.01342000 -0.04238300 -0.00586500
v 0.01342000 -0.04238300 -0.00586500
v 0.01342000 -0.04238300 -0.00586500
v 0.01342000 -0.04238300 -0.00586500
v 0.18111000 0.13256400 -0.00591600
v 0.18111000 0.13256400 -0.00591600
v 0.18111000 0.13256400 -0.00591600
v 0.18111000 0.13256400 -0.00591600
v 0.18111000 0.13256400 -0.00591600
v 0.18111000 0.13256400 -0.00591600
v 0.18121200 0.13242100 -0.00592100
v 0.18121200 0.13242100 -0.00592100
v 0.18121200 0.13242100 -0.00592100
v 0.18121200 0.13242100 -0.00592100
v 0.18121200 0.13242100 -0.00592100
v 0.18121200 0.13242100 -0.00592100
v -0.00975100 -0.04280200 -0.00593800
v -0.00975100 -0.04280200 -0.00593800
v -0.00975100 -0.04280200 -0.00593800
v -0.00975100 -0.04280200 -0.00593800
v -0.00975100 -0.04280200 -0.00593800
v 0.19586100 0.12872800 -0.00593800
v 0.19586100 0.12872800 -0.00593800
v 0.19586100 0.12872800 -0.00593800
v 0.19586100 0.12872800 -0.00593800
v 0.19586100 0.12872800 -0.00593800
v 0.19586100 0.12872800 -0.00593800
v 0.18097500 0.13267000 -0.00594700
v 0.18097500 0.13267000 -0.00594700
v 0.18097500 0.13267000 -0.00594700
v 0.18097500 0.13267000 -0.00594700
v 0.18097500 0.13267000 -0.00594700
v 0.18097500 0.13267000 -0.00594700
v 0.01357400 -0.04278100 -0.00599600
v 0.01357400 -0.04278100 -0.00599600
v 0.01357400 -0.04278100 -0.00599600
v 0.01357400 -0.04278100 -0.00599600
v 0.01357400 -0.04278100 -0.00599600
v 0.18379600 0.12866100 -0.00609900
v 0.18379600 0.12866100 -0.00609900
v 0.18379600 0.12866100 -0.00609900
v 0.18379600 0.12866100 -0.00609900
v -0.01452100 -0.09733900 -0.00694200
v -0.01452100 -0.09733900 -0.00694200
v -0.01452100 -0.09733900 -0.00694200
v -0.01452100 -0.09733900 -0.00694200
v -0.01452100 -0.09733900 -0.00694200
v -0.01452100 -0.09733900 -0.00694200
v 0.01843100 -0.09758900 -0.00696500
v 0.01843100 -0.09758900 -0.00696500
v 0.01843100 -0.09758900 -0.00696500
v 0.01843100 -0.09758900 -0.00696500
v 0.01843100 -0.09758900 -0.00696500
v 0.01860300 -0.09777200 -0.00702800
v 0.01860300 -0.09777200 -0.00702800
v 0.01860300 -0.09777200 -0.00702800
v 0.01860300 -0.09777200 -0.00702800
v 0.01860300 -0.09777200 -0.00702800
v 0.18264700 0.12866100 -0.00706300
v 0.18264700 0.12866100 -0.00706300
v 0.18264700 0.12866100 -0.00706300
v 0.18264700 0.12866100 -0.00706300
v 0.20185700 0.13355200 -0.00708200
v 0.20185700 0.13355200 -0.00708200
v 0.20185700 0.13355200 -0.00708200
v 0.20185700 0.13355200 -0.00708200
v 0.20185700 0.13355200 -0.00708200
v 0.20185700 0.15477000 -0.00708200
v 0.20185700 0.15477000 -0.00708200
v 0.20185700 0.15477000 -0.00708200
v 0.20185700 0.15477000 -0.00708200
v 0.20185700 0.15477000 -0.00708200
v -0.01499100 -0.09783900 -0.00711300
v -0.01499100 -0.09783900 -0.00711300
v -0.01499100 -0.09783900 -0.00711300
v -0.01499100 -0.09783900 -0.00711300
v 0.20167400 0.13339400 -0.00717300
v 0.20167400 0.13339400 -0.00717300
v 0.20167400 0.13339400 -0.00717300
v 0.20167400 0.13339400 -0.00717300
v 0.20167400 0.13339400 -0.00717300
v 0.20167400 0.15492800 -0.00717300
v 0.20167400 0.15492800 -0.00717300
v 0.20167400 0.15492800 -0.00717300
v 0.20167400 0.15492800 -0.00717300
v 0.20167400 0.15492800 -0.00717300
v -0.00892800 -0.04193700 -0.00719100
v -0.00892800 -0.04193700 -0.00719100
v -0.00892800 -0.04193700 -0.00719100
v -0.00892800 -0.04193700 -0.00719100
v -0.00892800 -0.04193700 -0.00719100
v -0.00892800 -0.04193700 -0.00719100
v 0.19739300 0.12872800 -0.00722400
v 0.19739300 0.12872800 -0.00722400
v 0.19739300 0.12872800 -0.00722400
v 0.19739300 0.12872800 -0.00722400
v 0.19739300 0.12872800 -0.00722400
v -0.00894600 -0.04204600 -0.00725100
v -0.00894600 -0.04204600 -0.00725100
v -0.00894600 -0.04204600 -0.00725100
v -0.00894600 -0.04204600 -0.00725100
v -0.00894600 -0.04204600 -0.00725100
v -0.00894600 -0.04204600 -0.00725100
v -0.00899100 -0.04214100 -0.00732000
v -0.00899100 -0.04214100 -0.00732000
v -0.00899100 -0.04214100 -0.00732000
v -0.00899100 -0.04214100 -0.00732000
v -0.00899100 -0.04214100 -0.00732000
v -0.00899100 -0.04214100 -0.00732000
v 0.19753300 0.12891100 -0.00734200
v 0.19753300 0.12891100 -0.00734200
v 0.19753300 0.12891100 -0.00734200
v 0.19753300 0.12891100 -0.00734200
v 0.19753300 0.12891100 -0.00734200
v 0.19753300 0.12891100 -0.00734200
v 0.18226400 0.12916100 -0.00738500
v 0.18226400 0.12916100 -0.00738500
v 0.18226400 0.12916100 -0.00738500
v 0.18226400 0.12916100 -0.00738500
v 0.18226400 0.12916100 -0.00738500
v 0.18226400 0.12916100 -0.00738500
v 0.19367400 0.12916100 -0.00745200
v 0.19367400 0.12916100 -0.00745200
v 0.19367400 0.12916100 -0.00745200
v 0.19367400 0.12916100 -0.00745200
v 0.19367400 0.12916100 -0.00745200
v 0.19367400 0.13066100 -0.00745200
v 0.19367400 0.13066100 -0.00745200
v 0.19367400 0.13066100 -0.00745200
v 0.18614000 0.12891100 -0.00751000
v 0.18614000 0.12891100 -0.00751000
v 0.18614000 0.12891100 -0.00751000
v 0.18614000 0.12891100 -0.00751000
v 0.18614000 0.12891100 -0.00751000
v 0.19759200 0.13341300 -0.00751400
v 0.19759200 0.13341300 -0.00751400
v 0.19759200 0.13341300 -0.00751400
v 0.19759200 0.13341300 -0.00751400
v 0.19759200 0.13341300 -0.00751400
v 0.19759200 0.13341300 -0.00751400
v 0.19750300 0.13328800 -0.00751400
v 0.19750300 0.13328800 -0.00751400
v 0.19750300 0.13328800 -0.00751400
v 0.19750300 0.13328800 -0.00751400
v 0.19750300 0.13328800 -0.00751400
v 0.19750300 0.13328800 -0.00751400
v 0.19770400 0.13351400 -0.00754800
v 0.19770400 0.13351400 -0.00754800
v 0.19770400 0.13351400 -0.00754800
v 0.19770400 0.13351400 -0.00754800
v 0.19770400 0.13351400 -0.00754800
v 0.19770400 0.13351400 -0.00754800
v 0.02010600 -0.09790200 -0.00757400
v 0.02010600 -0.09790200 -0.00757400
v 0.02010600 -0.09790200 -0.00757400
v 0.02010600 -0.09790200 -0.00757400
v 0.02010600 -0.09790200 -0.00757400
v 0.02010600 -0.09790200 -0.00757400
v 0.02027600 -0.09807400 -0.00763700
v 0.02027600 -0.09807400 -0.00763700
v 0.02027600 -0.09807400 -0.00763700
v 0.02027600 -0.09807400 -0.00763700
v 0.02027600 -0.09807400 -0.00763700
v 0.02027600 -0.09807400 -0.00763700
v 0.18604900 0.12872800 -0.00766900
v 0.18604900 0.12872800 -0.00766900
v 0.18604900 0.12872800 -0.00766900
v 0.18604900 0.12872800 -0.00766900
v 0.18604900 0.12872800 -0.00766900
v -0.01687000 -0.10583900 -0.00779700
v -0.01687000 -0.10583900 -0.00779700
v -0.01687000 -0.10583900 -0.00779700
v -0.01687000 -0.10583900 -0.00779700
v -0.01687000 -0.10583900 -0.00779700
v 0.19392400 0.12866100 -0.00788500
v 0.19392400 0.12866100 -0.00788500
v 0.19392400 0.12866100 -0.00788500
v 0.19392400 0.12866100 -0.00788500
v 0.19692800 0.13353900 -0.00809400
v 0.19692800 0.13353900 -0.00809400
v 0.19692800 0.13353900 -0.00809400
v 0.19692800 0.13353900 -0.00809400
v 0.19692800 0.13353900 -0.00809400
v 0.19692800 0.13353900 -0.00809400
v 0.18292300 0.13354100 -0.00809700
v 0.18292300 0.13354100 -0.00809700
v 0.18292300 0.13354100 -0.00809700
v 0.18292300 0.13354100 -0.00809700
v 0.18292300 0.13354100 -0.00809700
v 0.18292300 0.13354100 -0.00809700
v 0.19722500 0.13398300 -0.00821300
v 0.19722500 0.13398300 -0.00821300
v 0.19722500 0.13398300 -0.00821300
v 0.19722500 0.13398300 -0.00821300
v 0.19722500 0.13398300 -0.00821300
v 0.19722500 0.13398300 -0.00821300
v 0.18263000 0.13398700 -0.00821900
v 0.18263000 0.13398700 -0.00821900
v 0.18263000 0.13398700 -0.00821900
v 0.18263000 0.13398700 -0.00821900
v 0.18263000 0.13398700 -0.00821900
v -0.01572800 -0.09783900 -0.00826900
v -0.01572800 -0.09783900 -0.00826900
v -0.01572800 -0.09783900 -0.00826900
v -0.01572800 -0.09783900 -0.00826900
v 0.01957600 -0.09783900 -0.00826900
v 0.01957600 -0.09783900 -0.00826900
v 0.01957600 -0.09783900 -0.00826900
v 0.18862200 0.12916100 -0.00834300
v 0.18862200 0.12916100 -0.00834300
v 0.18862200 0.12916100 -0.00834300
v 0.18862200 0.12916100 -0.00834300
v 0.18862200 0.12916100 -0.00834300
v 0.18862200 0.13066100 -0.00834300
v 0.18862200 0.13066100 -0.00834300
v 0.18862200 0.13066100 -0.00834300
v 0.19123800 0.12891100 -0.00840900
v 0.19123800 0.12891100 -0.00840900
v 0.19123800 0.12891100 -0.00840900
v 0.19123800 0.12891100 -0.00840900
v 0.19123800 0.12891100 -0.00840900
v -0.01618900 -0.09831300 -0.00846000
v -0.01618900 -0.09831300 -0.00846000
v -0.01618900 -0.09831300 -0.00846000
v -0.01618900 -0.09831300 -0.00846000
v -0.01618900 -0.09831300 -0.00846000
v 0.02003700 -0.09831300 -0.00846000
v 0.02003700 -0.09831300 -0.00846000
v 0.02003700 -0.09831300 -0.00846000
v 0.02003700 -0.09831300 -0.00846000
v 0.02003700 -0.09831300 -0.00846000
v 0.19127000 0.12872800 -0.00858900
v 0.19127000 0.12872800 -0.00858900
v 0.19127000 0.12872800 -0.00858900
v 0.19127000 0.12872800 -0.00858900
v 0.19127000 0.12872800 -0.00858900
v 0.18364200 0.13420100 -0.00875900
v 0.18364200 0.13420100 -0.00875900
v 0.18364200 0.13420100 -0.00875900
v 0.18364200 0.13420100 -0.00875900
v 0.18364200 0.13420100 -0.00875900
v 0.18364200 0.13420100 -0.00875900
v 0.18356600 0.13431100 -0.00876400
v 0.18356600 0.13431100 -0.00876400
v 0.18356600 0.13431100 -0.00876400
v 0.18356600 0.13431100 -0.00876400
v 0.18356600 0.13431100 -0.00876400
v 0.18356600 0.13431100 -0.00876400
v 0.18347800 0.13440500 -0.00879800
v 0.18347800 0.13440500 -0.00879800
v 0.18347800 0.13440500 -0.00879800
v 0.18347800 0.13440500 -0.00879800
v 0.18347800 0.13440500 -0.00879800
v 0.18347800 0.13440500 -0.00879800
v 0.18853500 0.12866100 -0.00883500
v 0.18853500 0.12866100 -0.00883500
v 0.18853500 0.12866100 -0.00883500
v 0.18853500 0.12866100 -0.00883500
v 0.01149900 0.09416100 -0.00899200
v 0.01149900 0.09416100 -0.00899200
v 0.01149900 0.09416100 -0.00899200
v 0.01149900 0.09416100 -0.00899200
v 0.01149900 0.09416100 -0.00899200
v 0.01149900 0.09416100 -0.00899200
v 0.01691500 0.11437300 -0.00899200
v 0.01691500 0.11437300 -0.00899200
v 0.01691500 0.11437300 -0.00899200
v 0.01691500 0.11437300 -0.00899200
v 0.03171200 0.12917000 -0.00899200
v 0.03171200 0.12917000 -0.00899200
v 0.03171200 0.12917000 -0.00899200
v 0.03171200 0.12917000 -0.00899200
v 0.05192400 0.13458500 -0.00899200
v 0.05192400 0.13458500 -0.00899200
v 0.05192400 0.13458500 -0.00899200
v 0.05192400 0.13458500 -0.00899200
v 0.05192400 0.13458500 -0.00899200
v 0.05192400 0.13458500 -0.00899200
v 0.05192400 0.13458500 -0.00899200
v 0.01143500 -0.04094100 -0.00909700
v 0.01143500 -0.04094100 -0.00909700
v 0.01143500 -0.04094100 -0.00909700
v 0.01143500 -0.04094100 -0.00909700
v 0.01143500 -0.04094100 -0.00909700
v 0.01143500 -0.04094100 -0.00909700
v 0.01144700 -0.04106200 -0.00917500
v 0.01144700 -0.04106200 -0.00917500
v 0.01144700 -0.04106200 -0.00917500
v 0.01144700 -0.04106200 -0.00917500
v 0.01144700 -0.04106200 -0.00917500
v 0.01144700 -0.04106200 -0.00917500
v 0.19467400 0.12866100 -0.00918400
v 0.19467400 0.12866100 -0.00918400
v 0.19467400 0.12866100 -0.00918400
v 0.19467400 0.12866100 -0.00918400
v 0.01149100 -0.04116300 -0.00926900
v 0.01149100 -0.04116300 -0.00926900
v 0.01149100 -0.04116300 -0.00926900
v 0.01149100 -0.04116300 -0.00926900
v 0.01149100 -0.04116300 -0.00926900
v 0.01149100 -0.04116300 -0.00926900
v 0.18504900 0.12872800 -0.00940100
v 0.18504900 0.12872800 -0.00940100
v 0.18504900 0.12872800 -0.00940100
v 0.18504900 0.12872800 -0.00940100
v 0.18504900 0.12872800 -0.00940100
v 0.18504900 0.12872800 -0.00940100
v 0.18495700 0.12891100 -0.00955900
v 0.18495700 0.12891100 -0.00955900
v 0.18495700 0.12891100 -0.00955900
v 0.18495700 0.12891100 -0.00955900
v 0.18495700 0.12891100 -0.00955900
v 0.19492400 0.12916100 -0.00961700
v 0.19492400 0.12916100 -0.00961700
v 0.19492400 0.12916100 -0.00961700
v 0.19492400 0.12916100 -0.00961700
v 0.19492400 0.12916100 -0.00961700
v 0.19492400 0.12916100 -0.00961700
v 0.19492400 0.12916100 -0.00961700
v -0.00698900 -0.04040900 -0.00972100
v -0.00698900 -0.04040900 -0.00972100
v -0.00698900 -0.04040900 -0.00972100
v -0.00698900 -0.04040900 -0.00972100
v -0.00698900 -0.04040900 -0.00972100
v -0.00698900 -0.04040900 -0.00972100
v 0.19468700 0.13513400 -0.00976300
v 0.19468700 0.13513400 -0.00976300
v 0.19468700 0.13513400 -0.00976300
v 0.19468700 0.13513400 -0.00976300
v 0.19468700 0.13513400 -0.00976300
v 0.19468700 0.13513400 -0.00976300
v 0.01078900 -0.04038000 -0.00976900
v 0.01078900 -0.04038000 -0.00976900
v 0.01078900 -0.04038000 -0.00976900
v 0.01078900 -0.04038000 -0.00976900
v 0.01078900 -0.04038000 -0.00976900
v 0.19474500 0.13523000 -0.00977400
v 0.19474500 0.13523000 -0.00977400
v 0.19474500 0.13523000 -0.00977400
v 0.19474500 0.13523000 -0.00977400
v 0.19474500 0.13523000 -0.00977400
v 0.19474500 0.13523000 -0.00977400
v 0.19480900 0.13531600 -0.00980700
v 0.19480900 0.13531600 -0.00980700
v 0.19480900 0.13531600 -0.00980700
v 0.19480900 0.13531600 -0.00980700
v 0.19480900 0.13531600 -0.00980700
v 0.19480900 0.13531600 -0.00980700
v -0.00713600 -0.04086700 -0.01002100
v -0.00713600 -0.04086700 -0.01002100
v -0.00713600 -0.04086700 -0.01002100
v -0.00713600 -0.04086700 -0.01002100
v -0.00713600 -0.04086700 -0.01002100
v -0.00713600 -0.04086700 -0.01002100
v 0.01094200 -0.04084200 -0.01006500
v 0.01094200 -0.04084200 -0.01006500
v 0.01094200 -0.04084200 -0.01006500
v 0.01094200 -0.04084200 -0.01006500
v 0.01094200 -0.04084200 -0.01006500
v 0.20192400 0.13644800 -0.01014900
v 0.20192400 0.13644800 -0.01014900
v 0.20192400 0.13644800 -0.01014900
v 0.20192400 0.13644800 -0.01014900
v 0.20192400 0.15187400 -0.01014900
v 0.20192400 0.15187400 -0.01014900
v 0.20192400 0.15187400 -0.01014900
v 0.20192400 0.15187400 -0.01014900
v 0.18599700 0.13545700 -0.01015300
v 0.18599700 0.13545700 -0.01015300
v 0.18599700 0.13545700 -0.01015300
v 0.18599700 0.13545700 -0.01015300
v 0.18599700 0.13545700 -0.01015300
v 0.19384900 0.13545900 -0.01015500
v 0.19384900 0.13545900 -0.01015500
v 0.19384900 0.13545900 -0.01015500
v 0.19384900 0.13545900 -0.01015500
v 0.19384900 0.13545900 -0.01015500
v 0.19397600 0.13582400 -0.01027100
v 0.19397600 0.13582400 -0.01027100
v 0.19397600 0.13582400 -0.01027100
v 0.19397600 0.13582400 -0.01027100
v 0.19397600 0.13582400 -0.01027100
v 0.18587300 0.13582500 -0.01027100
v 0.18587300 0.13582500 -0.01027100
v 0.18587300 0.13582500 -0.01027100
v 0.18587300 0.13582500 -0.01027100
v 0.18587300 0.13582500 -0.01027100
v 0.18827400 0.12866100 -0.01031300
v 0.18827400 0.12866100 -0.01031300
v 0.18827400 0.12866100 -0.01031300
v 0.18827400 0.12866100 -0.01031300
v 0.18697200 0.13599200 -0.01052000
v 0.18697200 0.13599200 -0.01052000
v 0.18697200 0.13599200 -0.01052000
v 0.18697200 0.13599200 -0.01052000
v 0.18697200 0.13599200 -0.01052000
v 0.18697200 0.13599200 -0.01052000
v 0.20142400 0.13612600 -0.01053200
v 0.20142400 0.13612600 -0.01053200
v 0.20142400 0.13612600 -0.01053200
v 0.20142400 0.13612600 -0.01053200
v 0.20142400 0.13612600 -0.01053200
v 0.20142400 0.13612600 -0.01053200
v 0.20142400 0.13612600 -0.01053200
v 0.20142400 0.15219600 -0.01053200
v 0.20142400 0.15219600 -0.01053200
v 0.20142400 0.15219600 -0.01053200
v 0.20142400 0.15219600 -0.01053200
v 0.20142400 0.15219600 -0.01053200
v 0.20142400 0.15219600 -0.01053200
v 0.18693600 0.13607600 -0.01053600
v 0.18693600 0.13607600 -0.01053600
v 0.18693600 0.13607600 -0.01053600
v 0.18693600 0.13607600 -0.01053600
v 0.18693600 0.13607600 -0.01053600
v 0.18693600 0.13607600 -0.01053600
v 0.19161700 0.12872800 -0.01055900
v 0.19161700 0.12872800 -0.01055900
v 0.19161700 0.12872800 -0.01055900
v 0.19161700 0.12872800 -0.01055900
v 0.19161700 0.12872800 -0.01055900
v 0.18689700 0.13615400 -0.01056700
v 0.18689700 0.13615400 -0.01056700
v 0.18689700 0.13615400 -0.01056700
v 0.18689700 0.13615400 -0.01056700
v 0.18689700 0.13615400 -0.01056700
v 0.18689700 0.13615400 -0.01056700
v -0.00609400 -0.04004300 -0.01057700
v -0.00609400 -0.04004300 -0.01057700
v -0.00609400 -0.04004300 -0.01057700
v -0.00609400 -0.04004300 -0.01057700
v -0.00609400 -0.04004300 -0.01057700
v -0.00609400 -0.04004300 -0.01057700
v -0.00610000 -0.04017700 -0.01066800
v -0.00610000 -0.04017700 -0.01066800
v -0.00610000 -0.04017700 -0.01066800
v -0.00610000 -0.04017700 -0.01066800
v -0.00610000 -0.04017700 -0.01066800
v -0.00610000 -0.04017700 -0.01066800
v -0.01260000 -0.06576300 -0.01073800
v -0.01260000 -0.06576300 -0.01073800
v -0.01260000 -0.06576300 -0.01073800
v -0.01260000 -0.06576300 -0.01073800
v -0.01260000 -0.06576300 -0.01073800
v 0.19164900 0.12891100 -0.01073900
v 0.19164900 0.12891100 -0.01073900
v 0.19164900 0.12891100 -0.01073900
v 0.19164900 0.12891100 -0.01073900
v 0.19164900 0.12891100 -0.01073900
v -0.00614300 -0.04028200 -0.01078400
v -0.00614300 -0.04028200 -0.01078400
v -0.00614300 -0.04028200 -0.01078400
v -0.00614300 -0.04028200 -0.01078400
v -0.00614300 -0.04028200 -0.01078400
v -0.00614300 -0.04028200 -0.01078400
v 0.18818800 0.12916100 -0.01080500
v 0.18818800 0.12916100 -0.01080500
v 0.18818800 0.12916100 -0.01080500
v 0.18818800 0.12916100 -0.01080500
v 0.18818800 0.12916100 -0.01080500
v 0.18818800 0.12916100 -0.01080500
v 0.18818800 0.12916100 -0.01080500
v -0.01259100 -0.06568800 -0.01080600
v -0.01259100 -0.06568800 -0.01080600
v -0.01259100 -0.06568800 -0.01080600
v -0.01259100 -0.06568800 -0.01080600
v -0.01259100 -0.06568800 -0.01080600
v -0.01260000 -0.06562000 -0.01088100
v -0.01260000 -0.06562000 -0.01088100
v -0.01260000 -0.06562000 -0.01088100
v -0.01260000 -0.06562000 -0.01088100
v 0.19105700 0.13648600 -0.01089900
v 0.19105700 0.13648600 -0.01089900
v 0.19105700 0.13648600 -0.01089900
v 0.19105700 0.13648600 -0.01089900
v 0.19105700 0.13648600 -0.01089900
v 0.19105700 0.13648600 -0.01089900
v 0.19107100 0.13656400 -0.01091700
v 0.19107100 0.13656400 -0.01091700
v 0.19107100 0.13656400 -0.01091700
v 0.19107100 0.13656400 -0.01091700
v 0.19107100 0.13656400 -0.01091700
v 0.19107100 0.13656400 -0.01091700
v 0.19108600 0.13663800 -0.01094800
v 0.19108600 0.13663800 -0.01094800
v 0.19108600 0.13663800 -0.01094800
v 0.19108600 0.13663800 -0.01094800
v 0.19108600 0.13663800 -0.01094800
v 0.19108600 0.13663800 -0.01094800
v 0.18991700 0.13649600 -0.01095700
v 0.18991700 0.13649600 -0.01095700
v 0.18991700 0.13649600 -0.01095700
v 0.18991700 0.13649600 -0.01095700
v 0.18991700 0.13649600 -0.01095700
v 0.18991700 0.13649600 -0.01095700
v 0.18992000 0.13679100 -0.01105300
v 0.18992000 0.13679100 -0.01105300
v 0.18992000 0.13679100 -0.01105300
v 0.18992000 0.13679100 -0.01105300
v 0.18992000 0.13679100 -0.01105300
v 0.18992000 0.13679100 -0.01105300
v 0.18992000 0.13679100 -0.01105300
v 0.18992000 0.13679100 -0.01105300
v -0.00432600 0.09416100 -0.01178200
v -0.00432600 0.09416100 -0.01178200
v -0.00432600 0.09416100 -0.01178200
v -0.00432600 0.09416100 -0.01178200
v -0.00432600 0.09416100 -0.01178200
v -0.00432600 0.09416100 -0.01178200
v 0.00321000 0.12228600 -0.01178200
v 0.00321000 0.12228600 -0.01178200
v 0.00321000 0.12228600 -0.01178200
v 0.00321000 0.12228600 -0.01178200
v 0.02379900 0.14287500 -0.01178200
v 0.02379900 0.14287500 -0.01178200
v 0.02379900 0.14287500 -0.01178200
v 0.02379900 0.14287500 -0.01178200
v 0.05192400 0.15041100 -0.01178200
v 0.05192400 0.15041100 -0.01178200
v 0.05192400 0.15041100 -0.01178200
v 0.05192400 0.15041100 -0.01178200
v 0.05192400 0.15041100 -0.01178200
v 0.00767500 -0.03903400 -0.01208800
v 0.00767500 -0.03903400 -0.01208800
v 0.00767500 -0.03903400 -0.01208800
v 0.00767500 -0.03903400 -0.01208800
v 0.00767500 -0.03903400 -0.01208800
v 0.00767500 -0.03903400 -0.01208800
v 0.00767600 -0.03918400 -0.01219000
v 0.00767600 -0.03918400 -0.01219000
v 0.00767600 -0.03918400 -0.01219000
v 0.00767600 -0.03918400 -0.01219000
v 0.00767600 -0.03918400 -0.01219000
v 0.00767600 -0.03918400 -0.01219000
v 0.01533000 -0.09733900 -0.01220600
v 0.01533000 -0.09733900 -0.01220600
v 0.01533000 -0.09733900 -0.01220600
v 0.01533000 -0.09733900 -0.01220600
v 0.01533000 -0.09733900 -0.01220600
v 0.01533000 -0.09733900 -0.01220600
v 0.01533000 -0.09733900 -0.01220600
v -0.01153300 -0.09758900 -0.01224900
v -0.01153300 -0.09758900 -0.01224900
v -0.01153300 -0.09758900 -0.01224900
v -0.01153300 -0.09758900 -0.01224900
v -0.01153300 -0.09758900 -0.01224900
v 0.00771100 -0.03929300 -0.01233100
v 0.00771100 -0.03929300 -0.01233100
v 0.00771100 -0.03929300 -0.01233100
v 0.00771100 -0.03929300 -0.01233100
v 0.00771100 -0.03929300 -0.01233100
v 0.00771100 -0.03929300 -0.01233100
v -0.01167400 -0.09777200 -0.01236600
v -0.01167400 -0.09777200 -0.01236600
v -0.01167400 -0.09777200 -0.01236600
v -0.01167400 -0.09777200 -0.01236600
v -0.01167400 -0.09777200 -0.01236600
v -0.00305100 -0.03859900 -0.01242400
v -0.00305100 -0.03859900 -0.01242400
v -0.00305100 -0.03859900 -0.01242400
v -0.00305100 -0.03859900 -0.01242400
v -0.00305100 -0.03859900 -0.01242400
v 0.00682300 -0.03857500 -0.01245700
v 0.00682300 -0.03857500 -0.01245700
v 0.00682300 -0.03857500 -0.01245700
v 0.00682300 -0.03857500 -0.01245700
v 0.00682300 -0.03857500 -0.01245700
v 0.00682300 -0.03857500 -0.01245700
v 0.20185700 0.13997100 -0.01246800
v 0.20185700 0.13997100 -0.01246800
v 0.20185700 0.13997100 -0.01246800
v 0.20185700 0.13997100 -0.01246800
v 0.20185700 0.13997100 -0.01246800
v 0.20185700 0.14835100 -0.01246800
v 0.20185700 0.14835100 -0.01246800
v 0.20185700 0.14835100 -0.01246800
v 0.20185700 0.14835100 -0.01246800
v 0.20185700 0.14835100 -0.01246800
v 0.01571300 -0.09783900 -0.01252700
v 0.01571300 -0.09783900 -0.01252700
v 0.01571300 -0.09783900 -0.01252700
v 0.01571300 -0.09783900 -0.01252700
v 0.20167400 0.13990900 -0.01264000
v 0.20167400 0.13990900 -0.01264000
v 0.20167400 0.13990900 -0.01264000
v 0.20167400 0.13990900 -0.01264000
v 0.20167400 0.13990900 -0.01264000
v 0.20167400 0.14841300 -0.01264000
v 0.20167400 0.14841300 -0.01264000
v 0.20167400 0.14841300 -0.01264000
v 0.20167400 0.14841300 -0.01264000
v 0.20167400 0.14841300 -0.01264000
v -0.00216100 -0.03852600 -0.01280400
v -0.00216100 -0.03852600 -0.01280400
v -0.00216100 -0.03852600 -0.01280400
v -0.00216100 -0.03852600 -0.01280400
v -0.00216100 -0.03852600 -0.01280400
v -0.00216100 -0.03852600 -0.01280400
v -0.00314500 -0.03908900 -0.01286600
v -0.00314500 -0.03908900 -0.01286600
v -0.00314500 -0.03908900 -0.01286600
v -0.00314500 -0.03908900 -0.01286600
v -0.00314500 -0.03908900 -0.01286600
v 0.00692400 -0.03906900 -0.01289600
v 0.00692400 -0.03906900 -0.01289600
v 0.00692400 -0.03906900 -0.01289600
v 0.00692400 -0.03906900 -0.01289600
v 0.00692400 -0.03906900 -0.01289600
v 0.00692400 -0.03906900 -0.01289600
v -0.00216000 -0.03868500 -0.01291200
v -0.00216000 -0.03868500 -0.01291200
v -0.00216000 -0.03868500 -0.01291200
v -0.00216000 -0.03868500 -0.01291200
v -0.00216000 -0.03868500 -0.01291200
v -0.00216000 -0.03868500 -0.01291200
v 0.20192400 0.14416100 -0.01295700
v 0.20192400 0.14416100 -0.01295700
v 0.20192400 0.14416100 -0.01295700
v 0.20192400 0.14416100 -0.01295700
v -0.00218700 -0.03879600 -0.01306700
v -0.00218700 -0.03879600 -0.01306700
v -0.00218700 -0.03879600 -0.01306700
v -0.00218700 -0.03879600 -0.01306700
v -0.00218700 -0.03879600 -0.01306700
v -0.00218700 -0.03879600 -0.01306700
v 0.00409400 0.09416100 -0.01326700
v 0.00409400 0.09416100 -0.01326700
v 0.00409400 0.09416100 -0.01326700
v 0.00409400 0.09416100 -0.01326700
v 0.00409400 0.09416100 -0.01326700
v 0.01050200 0.11807600 -0.01326700
v 0.01050200 0.11807600 -0.01326700
v 0.01050200 0.11807600 -0.01326700
v 0.01050200 0.11807600 -0.01326700
v 0.02800900 0.13558200 -0.01326700
v 0.02800900 0.13558200 -0.01326700
v 0.02800900 0.13558200 -0.01326700
v 0.02800900 0.13558200 -0.01326700
v 0.05192400 0.14199000 -0.01326700
v 0.05192400 0.14199000 -0.01326700
v 0.05192400 0.14199000 -0.01326700
v 0.05192400 0.14199000 -0.01326700
v 0.05192400 0.14199000 -0.01326700
v -0.01045100 -0.06856700 -0.01333100
v -0.01045100 -0.06856700 -0.01333100
v -0.01045100 -0.06856700 -0.01333100
v -0.01045100 -0.06856700 -0.01333100
v -0.01045100 -0.06856700 -0.01333100
v -0.01045100 -0.06856700 -0.01333100
v 0.01429800 -0.06856700 -0.01333100
v 0.01429800 -0.06856700 -0.01333100
v 0.01429800 -0.06856700 -0.01333100
v 0.01429800 -0.06856700 -0.01333100
v 0.01429800 -0.06856700 -0.01333100
v -0.01289800 -0.09790200 -0.01339400
v -0.01289800 -0.09790200 -0.01339400
v -0.01289800 -0.09790200 -0.01339400
v -0.01289800 -0.09790200 -0.01339400
v -0.01289800 -0.09790200 -0.01339400
v -0.01289800 -0.09790200 -0.01339400
v 0.01425800 -0.06846300 -0.01339500
v 0.01425800 -0.06846300 -0.01339500
v 0.01425800 -0.06846300 -0.01339500
v 0.01425800 -0.06846300 -0.01339500
v 0.01425800 -0.06846300 -0.01339500
v 0.01425800 -0.06846300 -0.01339500
v 0.00187000 -0.03783900 -0.01345700
v 0.00187000 -0.03783900 -0.01345700
v 0.00187000 -0.03783900 -0.01345700
v 0.00187000 -0.03783900 -0.01345700
v 0.00187000 -0.03783900 -0.01345700
v 0.00187000 -0.03783900 -0.01345700
v 0.20142400 0.14416100 -0.01345700
v 0.20142400 0.14416100 -0.01345700
v 0.20142400 0.14416100 -0.01345700
v 0.20142400 0.14416100 -0.01345700
v 0.20142400 0.14416100 -0.01345700
v 0.20142400 0.14416100 -0.01345700
v 0.20142400 0.14416100 -0.01345700
v 0.00285700 -0.03804900 -0.01345700
v 0.00285700 -0.03804900 -0.01345700
v 0.00285700 -0.03804900 -0.01345700
v 0.00285700 -0.03804900 -0.01345700
v 0.00285700 -0.03804900 -0.01345700
v 0.00285700 -0.03804900 -0.01345700
v 0.01424300 -0.06836300 -0.01348100
v 0.01424300 -0.06836300 -0.01348100
v 0.01424300 -0.06836300 -0.01348100
v 0.01424300 -0.06836300 -0.01348100
v 0.01424300 -0.06836300 -0.01348100
v 0.01424300 -0.06836300 -0.01348100
v -0.01303700 -0.09807400 -0.01351100
v -0.01303700 -0.09807400 -0.01351100
v -0.01303700 -0.09807400 -0.01351100
v -0.01303700 -0.09807400 -0.01351100
v -0.01303700 -0.09807400 -0.01351100
v -0.01303700 -0.09807400 -0.01351100
v 0.00285600 -0.03821800 -0.01356800
v 0.00285600 -0.03821800 -0.01356800
v 0.00285600 -0.03821800 -0.01356800
v 0.00285600 -0.03821800 -0.01356800
v 0.00285600 -0.03821800 -0.01356800
v 0.00285600 -0.03821800 -0.01356800
v 0.01425800 -0.06827700 -0.01358100
v 0.01425800 -0.06827700 -0.01358100
v 0.01425800 -0.06827700 -0.01358100
v 0.01425800 -0.06827700 -0.01358100
v 0.01425800 -0.06827700 -0.01358100
v 0.01425800 -0.06827700 -0.01358100
v -0.01045100 -0.06821400 -0.01368500
v -0.01045100 -0.06821400 -0.01368500
v -0.01045100 -0.06821400 -0.01368500
v -0.01045100 -0.06821400 -0.01368500
v -0.01045100 -0.06821400 -0.01368500
v 0.01429800 -0.06821400 -0.01368500
v 0.01429800 -0.06821400 -0.01368500
v 0.01429800 -0.06821400 -0.01368500
v 0.01429800 -0.06821400 -0.01368500
v 0.01429800 -0.06821400 -0.01368500
v 0.01429800 -0.06821400 -0.01368500
v 0.00286300 -0.03832900 -0.01373700
v 0.00286300 -0.03832900 -0.01373700
v 0.00286300 -0.03832900 -0.01373700
v 0.00286300 -0.03832900 -0.01373700
v 0.00286300 -0.03832900 -0.01373700
v 0.00286300 -0.03832900 -0.01373700
v 0.01724500 -0.10583900 -0.01381300
v 0.01724500 -0.10583900 -0.01381300
v 0.01724500 -0.10583900 -0.01381300
v 0.01724500 -0.10583900 -0.01381300
v 0.01724500 -0.10583900 -0.01381300
v 0.00187300 -0.03833900 -0.01395700
v 0.00187300 -0.03833900 -0.01395700
v 0.00187300 -0.03833900 -0.01395700
v 0.00187300 -0.03833900 -0.01395700
v 0.00187300 -0.03833900 -0.01395700
v -0.01158600 -0.09783900 -0.01446700
v -0.01158600 -0.09783900 -0.01446700
v -0.01158600 -0.09783900 -0.01446700
v 0.01543400 -0.09783900 -0.01446700
v 0.01543400 -0.09783900 -0.01446700
v 0.01543400 -0.09783900 -0.01446700
v 0.01543400 -0.09783900 -0.01446700
v -0.01193900 -0.09831300 -0.01482000
v -0.01193900 -0.09831300 -0.01482000
v -0.01193900 -0.09831300 -0.01482000
v -0.01193900 -0.09831300 -0.01482000
v -0.01193900 -0.09831300 -0.01482000
v 0.01578700 -0.09831300 -0.01482000
v 0.01578700 -0.09831300 -0.01482000
v 0.01578700 -0.09831300 -0.01482000
v 0.01578700 -0.09831300 -0.01482000
v 0.01578700 -0.09831300 -0.01482000
v -0.00682600 -0.09733900 -0.01611200
v -0.00682600 -0.09733900 -0.01611200
v -0.00682600 -0.09733900 -0.01611200
v -0.00682600 -0.09733900 -0.01611200
v -0.00682600 -0.09733900 -0.01611200
v -0.00682600 -0.09733900 -0.01611200
v -0.00682600 -0.09733900 -0.01611200
v 0.01070700 -0.09758900 -0.01617000
v 0.01070700 -0.09758900 -0.01617000
v 0.01070700 -0.09758900 -0.01617000
v 0.01070700 -0.09758900 -0.01617000
v 0.01070700 -0.09758900 -0.01617000
v 0.01079900 -0.09777200 -0.01632900
v 0.01079900 -0.09777200 -0.01632900
v 0.01079900 -0.09777200 -0.01632900
v 0.01079900 -0.09777200 -0.01632900
v 0.01079900 -0.09777200 -0.01632900
v -0.00707600 -0.09783900 -0.01654500
v -0.00707600 -0.09783900 -0.01654500
v -0.00707600 -0.09783900 -0.01654500
v -0.00707600 -0.09783900 -0.01654500
v -0.00477300 -0.07246900 -0.01712500
v -0.00477300 -0.07246900 -0.01712500
v -0.00477300 -0.07246900 -0.01712500
v -0.00477300 -0.07246900 -0.01712500
v -0.00477300 -0.07246900 -0.01712500
v 0.00862100 -0.07246900 -0.01712500
v 0.00862100 -0.07246900 -0.01712500
v 0.00862100 -0.07246900 -0.01712500
v 0.00862100 -0.07246900 -0.01712500
v 0.00862100 -0.07246900 -0.01712500
v 0.00862100 -0.07246900 -0.01712500
v -0.00472900 -0.07231100 -0.01717500
v -0.00472900 -0.07231100 -0.01717500
v -0.00472900 -0.07231100 -0.01717500
v -0.00472900 -0.07231100 -0.01717500
v -0.00472900 -0.07231100 -0.01717500
v -0.00472900 -0.07231100 -0.01717500
v -0.00471200 -0.07216400 -0.01728200
v -0.00471200 -0.07216400 -0.01728200
v -0.00471200 -0.07216400 -0.01728200
v -0.00471200 -0.07216400 -0.01728200
v -0.00471200 -0.07216400 -0.01728200
v -0.00471200 -0.07216400 -0.01728200
v -0.00472900 -0.07205700 -0.01742900
v -0.00472900 -0.07205700 -0.01742900
v -0.00472900 -0.07205700 -0.01742900
v -0.00472900 -0.07205700 -0.01742900
v -0.00472900 -0.07205700 -0.01742900
v -0.00472900 -0.07205700 -0.01742900
v -0.00477300 -0.07200700 -0.01758700
v -0.00477300 -0.07200700 -0.01758700
v -0.00477300 -0.07200700 -0.01758700
v -0.00477300 -0.07200700 -0.01758700
v -0.00477300 -0.07200700 -0.01758700
v -0.00477300 -0.07200700 -0.01758700
v 0.00862100 -0.07200700 -0.01758700
v 0.00862100 -0.07200700 -0.01758700
v 0.00862100 -0.07200700 -0.01758700
v 0.00862100 -0.07200700 -0.01758700
v 0.00862100 -0.07200700 -0.01758700
v 0.01159800 -0.09790200 -0.01771300
v 0.01159800 -0.09790200 -0.01771300
v 0.01159800 -0.09790200 -0.01771300
v 0.01159800 -0.09790200 -0.01771300
v 0.01159800 -0.09790200 -0.01771300
v 0.01159800 -0.09790200 -0.01771300
v 0.01168900 -0.09807400 -0.01787100
v 0.01168900 -0.09807400 -0.01787100
v 0.01168900 -0.09807400 -0.01787100
v 0.01168900 -0.09807400 -0.01787100
v 0.01168900 -0.09807400 -0.01787100
v 0.01168900 -0.09807400 -0.01787100
v 0.00531100 -0.07331700 -0.01816000
v 0.00531100 -0.07331700 -0.01816000
v 0.00531100 -0.07331700 -0.01816000
v 0.00531100 -0.07331700 -0.01816000
v 0.00531100 -0.07331700 -0.01816000
v 0.00531100 -0.07331700 -0.01816000
v 0.00496300 -0.09733900 -0.01819100
v 0.00496300 -0.09733900 -0.01819100
v 0.00496300 -0.09733900 -0.01819100
v 0.00496300 -0.09733900 -0.01819100
v 0.00496300 -0.09733900 -0.01819100
v 0.00496300 -0.09733900 -0.01819100
v -0.00112700 -0.09758900 -0.01825700
v -0.00112700 -0.09758900 -0.01825700
v -0.00112700 -0.09758900 -0.01825700
v -0.00112700 -0.09758900 -0.01825700
v -0.00112700 -0.09758900 -0.01825700
v 0.00530000 -0.07315300 -0.01827100
v 0.00530000 -0.07315300 -0.01827100
v 0.00530000 -0.07315300 -0.01827100
v 0.00530000 -0.07315300 -0.01827100
v 0.00530000 -0.07315300 -0.01827100
v 0.00530000 -0.07315300 -0.01827100
v -0.00807600 -0.10583900 -0.01827700
v -0.00807600 -0.10583900 -0.01827700
v -0.00807600 -0.10583900 -0.01827700
v -0.00807600 -0.10583900 -0.01827700
v -0.00807600 -0.10583900 -0.01827700
v 0.00022300 -0.07357000 -0.01840900
v 0.00022300 -0.07357000 -0.01840900
v 0.00022300 -0.07357000 -0.01840900
v 0.00022300 -0.07357000 -0.01840900
v 0.00022300 -0.07357000 -0.01840900
v 0.00022300 -0.07357000 -0.01840900
v 0.00531100 -0.07304300 -0.01843400
v 0.00531100 -0.07304300 -0.01843400
v 0.00531100 -0.07304300 -0.01843400
v 0.00531100 -0.07304300 -0.01843400
v 0.00531100 -0.07304300 -0.01843400
v 0.00531100 -0.07304300 -0.01843400
v -0.00115800 -0.09777200 -0.01843700
v -0.00115800 -0.09777200 -0.01843700
v -0.00115800 -0.09777200 -0.01843700
v -0.00115800 -0.09777200 -0.01843700
v -0.00115800 -0.09777200 -0.01843700
v 0.00192400 -0.07383900 -0.01845700
v 0.00192400 -0.07383900 -0.01845700
v 0.00192400 -0.07383900 -0.01845700
v 0.00192400 -0.07383900 -0.01845700
v 0.00192400 -0.07383900 -0.01845700
v 0.00192400 -0.07383900 -0.01845700
v 0.00022800 -0.07340300 -0.01852000
v 0.00022800 -0.07340300 -0.01852000
v 0.00022800 -0.07340300 -0.01852000
v 0.00022800 -0.07340300 -0.01852000
v 0.00022800 -0.07340300 -0.01852000
v 0.00022800 -0.07340300 -0.01852000
v -0.00538800 -0.09783900 -0.01860900
v -0.00538800 -0.09783900 -0.01860900
v -0.00538800 -0.09783900 -0.01860900
v -0.00538800 -0.09783900 -0.01860900
v 0.00923500 -0.09783900 -0.01860900
v 0.00923500 -0.09783900 -0.01860900
v 0.00923500 -0.09783900 -0.01860900
v 0.00504900 -0.09783900 -0.01868300
v 0.00504900 -0.09783900 -0.01868300
v 0.00504900 -0.09783900 -0.01868300
v 0.00504900 -0.09783900 -0.01868300
v 0.00022300 -0.07329100 -0.01868800
v 0.00022300 -0.07329100 -0.01868800
v 0.00022300 -0.07329100 -0.01868800
v 0.00022300 -0.07329100 -0.01868800
v 0.00022300 -0.07329100 -0.01868800
v 0.00022300 -0.07329100 -0.01868800
v 0.00192400 -0.07333900 -0.01895700
v 0.00192400 -0.07333900 -0.01895700
v 0.00192400 -0.07333900 -0.01895700
v 0.00192400 -0.07333900 -0.01895700
v 0.00192400 -0.07333900 -0.01895700
v 0.00192400 -0.07333900 -0.01895700
v -0.00557900 -0.09831300 -0.01907000
v -0.00557900 -0.09831300 -0.01907000
v -0.00557900 -0.09831300 -0.01907000
v -0.00557900 -0.09831300 -0.01907000
v -0.00557900 -0.09831300 -0.01907000
v 0.00942700 -0.09831300 -0.01907000
v 0.00942700 -0.09831300 -0.01907000
v 0.00942700 -0.09831300 -0.01907000
v 0.00942700 -0.09831300 -0.01907000
v 0.00942700 -0.09831300 -0.01907000
v -0.00143600 -0.09790200 -0.02001200
v -0.00143600 -0.09790200 -0.02001200
v -0.00143600 -0.09790200 -0.02001200
v -0.00143600 -0.09790200 -0.02001200
v -0.00143600 -0.09790200 -0.02001200
v 0.00192400 -0.09783900 -0.02006300
v 0.00192400 -0.09783900 -0.02006300
v 0.00192400 -0.09783900 -0.02006300
v 0.00192400 -0.09783900 -0.02006300
v -0.00146800 -0.09807400 -0.02019000
v -0.00146800 -0.09807400 -0.02019000
v -0.00146800 -0.09807400 -0.02019000
v -0.00146800 -0.09807400 -0.02019000
v -0.00146800 -0.09807400 -0.02019000
v 0.00192400 -0.09831300 -0.02056200
v 0.00192400 -0.09831300 -0.02056200
v 0.00192400 -0.09831300 -0.02056200
v 0.00192400 -0.09831300 -0.02056200
v 0.00192400 -0.09831300 -0.02056200
v 0.00192400 -0.09831300 -0.02056200
v 0.00539700 -0.10583900 -0.02065300
v 0.00539700 -0.10583900 -0.02065300
v 0.00539700 -0.10583900 -0.02065300
v 0.00539700 -0.10583900 -0.02065300
v -0.00111500 -0.07307300 -0.03295700
v -0.00111500 -0.07307300 -0.03295700
v -0.00111500 -0.07307300 -0.03295700
v -0.00111500 -0.07307300 -0.03295700
v -0.00111500 -0.07307300 -0.03295700
v -0.00111500 -0.07307300 -0.03295700
v 0.01067400 -0.07099500 -0.03295700
v 0.01067400 -0.07099500 -0.03295700
v 0.01067400 -0.07099500 -0.03295700
v 0.01067400 -0.07099500 -0.03295700
v 0.01067400 -0.07099500 -0.03295700
v 0.01067400 -0.07099500 -0.03295700
v 0.01067400 -0.07099500 -0.03295700
v -0.01148200 -0.06708800 -0.03295700
v -0.01148200 -0.06708800 -0.03295700
v -0.01148200 -0.06708800 -0.03295700
v -0.01148200 -0.06708800 -0.03295700
v -0.01148200 -0.06708800 -0.03295700
v -0.01148200 -0.06708800 -0.03295700
v -0.01148200 -0.06708800 -0.03295700
v 0.01836800 -0.06182500 -0.03295700
v 0.01836800 -0.06182500 -0.03295700
v 0.01836800 -0.06182500 -0.03295700
v 0.01836800 -0.06182500 -0.03295700
v 0.01836800 -0.06182500 -0.03295700
v 0.01836800 -0.06182500 -0.03295700
v -0.01557600 -0.05583900 -0.03295700
v -0.01557600 -0.05583900 -0.03295700
v -0.01557600 -0.05583900 -0.03295700
v -0.01557600 -0.05583900 -0.03295700
v -0.01557600 -0.05583900 -0.03295700
v -0.01557600 -0.05583900 -0.03295700
v 0.01836800 -0.04985400 -0.03295700
v 0.01836800 -0.04985400 -0.03295700
v 0.01836800 -0.04985400 -0.03295700
v 0.01836800 -0.04985400 -0.03295700
v 0.01836800 -0.04985400 -0.03295700
v 0.01836800 -0.04985400 -0.03295700
v 0.01836800 -0.04985400 -0.03295700
v -0.01148200 -0.04459000 -0.03295700
v -0.01148200 -0.04459000 -0.03295700
v -0.01148200 -0.04459000 -0.03295700
v -0.01148200 -0.04459000 -0.03295700
v -0.01148200 -0.04459000 -0.03295700
v -0.01148200 -0.04459000 -0.03295700
v -0.01148200 -0.04459000 -0.03295700
v -0.01148200 -0.04459000 -0.03295700
v 0.01067400 -0.04068400 -0.03295700
v 0.01067400 -0.04068400 -0.03295700
v 0.01067400 -0.04068400 -0.03295700
v 0.01067400 -0.04068400 -0.03295700
v 0.01067400 -0.04068400 -0.03295700
v 0.01067400 -0.04068400 -0.03295700
v 0.01067400 -0.04068400 -0.03295700
v -0.00111500 -0.03860500 -0.03295700
v -0.00111500 -0.03860500 -0.03295700
v -0.00111500 -0.03860500 -0.03295700
v -0.00111500 -0.03860500 -0.03295700
v -0.00111500 -0.03860500 -0.03295700
v -0.00111500 -0.03860500 -0.03295700
v -0.00111500 -0.03860500 -0.03295700
v -0.00111500 -0.03860500 -0.03295700
v 0.00495100 -0.07300700 -0.03320700
v 0.00495100 -0.07300700 -0.03320700
v 0.00495100 -0.07300700 -0.03320700
v 0.00495100 -0.07300700 -0.03320700
v 0.00495100 -0.07300700 -0.03320700
v -0.00679300 -0.07093700 -0.03320700
v -0.00679300 -0.07093700 -0.03320700
v -0.00679300 -0.07093700 -0.03320700
v -0.00679300 -0.07093700 -0.03320700
v -0.00679300 -0.07093700 -0.03320700
v 0.01527800 -0.06704500 -0.03320700
v 0.01527800 -0.06704500 -0.03320700
v 0.01527800 -0.06704500 -0.03320700
v 0.01527800 -0.06704500 -0.03320700
v 0.01527800 -0.06704500 -0.03320700
v -0.01445800 -0.06180200 -0.03320700
v -0.01445800 -0.06180200 -0.03320700
v -0.01445800 -0.06180200 -0.03320700
v -0.01445800 -0.06180200 -0.03320700
v -0.01445800 -0.06180200 -0.03320700
v 0.01935700 -0.05583900 -0.03320700
v 0.01935700 -0.05583900 -0.03320700
v 0.01935700 -0.05583900 -0.03320700
v 0.01935700 -0.05583900 -0.03320700
v 0.01935700 -0.05583900 -0.03320700
v -0.01445800 -0.04987700 -0.03320700
v -0.01445800 -0.04987700 -0.03320700
v -0.01445800 -0.04987700 -0.03320700
v -0.01445800 -0.04987700 -0.03320700
v -0.01445800 -0.04987700 -0.03320700
v 0.01527800 -0.04463400 -0.03320700
v 0.01527800 -0.04463400 -0.03320700
v 0.01527800 -0.04463400 -0.03320700
v 0.01527800 -0.04463400 -0.03320700
v 0.01527800 -0.04463400 -0.03320700
v -0.00679300 -0.04074200 -0.03320700
v -0.00679300 -0.04074200 -0.03320700
v -0.00679300 -0.04074200 -0.03320700
v -0.00679300 -0.04074200 -0.03320700
v -0.00679300 -0.04074200 -0.03320700
v 0.00495100 -0.03867100 -0.03320700
v 0.00495100 -0.03867100 -0.03320700
v 0.00495100 -0.03867100 -0.03320700
v 0.00495100 -0.03867100 -0.03320700
v 0.00495100 -0.03867100 -0.03320700
v 0.00491900 -0.07282700 -0.03339000
v 0.00491900 -0.07282700 -0.03339000
v 0.00491900 -0.07282700 -0.03339000
v 0.00491900 -0.07282700 -0.03339000
v 0.00491900 -0.07282700 -0.03339000
v -0.00670100 -0.07077800 -0.03339000
v -0.00670100 -0.07077800 -0.03339000
v -0.00670100 -0.07077800 -0.03339000
v -0.00670100 -0.07077800 -0.03339000
v -0.00670100 -0.07077800 -0.03339000
v 0.01513800 -0.06692700 -0.03339000
v 0.01513800 -0.06692700 -0.03339000
v 0.01513800 -0.06692700 -0.03339000
v 0.01513800 -0.06692700 -0.03339000
v 0.01513800 -0.06692700 -0.03339000
v -0.01428600 -0.06173900 -0.03339000
v -0.01428600 -0.06173900 -0.03339000
v -0.01428600 -0.06173900 -0.03339000
v -0.01428600 -0.06173900 -0.03339000
v -0.01428600 -0.06173900 -0.03339000
v 0.01917400 -0.05583900 -0.03339000
v 0.01917400 -0.05583900 -0.03339000
v 0.01917400 -0.05583900 -0.03339000
v 0.01917400 -0.05583900 -0.03339000
v 0.01917400 -0.05583900 -0.03339000
v -0.01428600 -0.04993900 -0.03339000
v -0.01428600 -0.04993900 -0.03339000
v -0.01428600 -0.04993900 -0.03339000
v -0.01428600 -0.04993900 -0.03339000
v -0.01428600 -0.04993900 -0.03339000
v 0.01513800 -0.04475100 -0.03339000
v 0.01513800 -0.04475100 -0.03339000
v 0.01513800 -0.04475100 -0.03339000
v 0.01513800 -0.04475100 -0.03339000
v 0.01513800 -0.04475100 -0.03339000
v -0.00670100 -0.04090000 -0.03339000
v -0.00670100 -0.04090000 -0.03339000
v -0.00670100 -0.04090000 -0.03339000
v -0.00670100 -0.04090000 -0.03339000
v -0.00670100 -0.04090000 -0.03339000
v 0.00491900 -0.03885100 -0.03339000
v 0.00491900 -0.03885100 -0.03339000
v 0.00491900 -0.03885100 -0.03339000
v 0.00491900 -0.03885100 -0.03339000
v 0.00491900 -0.03885100 -0.03339000
v -0.00102800 -0.07258100 -0.03345700
v -0.00102800 -0.07258100 -0.03345700
v -0.00102800 -0.07258100 -0.03345700
v -0.00102800 -0.07258100 -0.03345700
v 0.01042400 -0.07056200 -0.03345700
v 0.01042400 -0.07056200 -0.03345700
v 0.01042400 -0.07056200 -0.03345700
v 0.01042400 -0.07056200 -0.03345700
v -0.00010900 -0.06736700 -0.03345700
v -0.00010900 -0.06736700 -0.03345700
v -0.00010900 -0.06736700 -0.03345700
v -0.01109900 -0.06676700 -0.03345700
v -0.01109900 -0.06676700 -0.03345700
v -0.01109900 -0.06676700 -0.03345700
v -0.01109900 -0.06676700 -0.03345700
v 0.00777600 -0.06597600 -0.03345700
v 0.00777600 -0.06597600 -0.03345700
v 0.00777600 -0.06597600 -0.03345700
v -0.00704300 -0.06336300 -0.03345700
v -0.00704300 -0.06336300 -0.03345700
v -0.00704300 -0.06336300 -0.03345700
v 0.01789900 -0.06165400 -0.03345700
v 0.01789900 -0.06165400 -0.03345700
v 0.01789900 -0.06165400 -0.03345700
v 0.01789900 -0.06165400 -0.03345700
v 0.01292300 -0.05984300 -0.03345700
v 0.01292300 -0.05984300 -0.03345700
v 0.01292300 -0.05984300 -0.03345700
v -0.01507600 -0.05583900 -0.03345700
v -0.01507600 -0.05583900 -0.03345700
v -0.01507600 -0.05583900 -0.03345700
v -0.01507600 -0.05583900 -0.03345700
v -0.00978100 -0.05583900 -0.03345700
v -0.00978100 -0.05583900 -0.03345700
v -0.00978100 -0.05583900 -0.03345700
v 0.01292300 -0.05183600 -0.03345700
v 0.01292300 -0.05183600 -0.03345700
v 0.01292300 -0.05183600 -0.03345700
v 0.01789900 -0.05002500 -0.03345700
v 0.01789900 -0.05002500 -0.03345700
v 0.01789900 -0.05002500 -0.03345700
v 0.01789900 -0.05002500 -0.03345700
v -0.00704300 -0.04831500 -0.03345700
v -0.00704300 -0.04831500 -0.03345700
v -0.00704300 -0.04831500 -0.03345700
v 0.00777600 -0.04570200 -0.03345700
v 0.00777600 -0.04570200 -0.03345700
v 0.00777600 -0.04570200 -0.03345700
v -0.01109900 -0.04491200 -0.03345700
v -0.01109900 -0.04491200 -0.03345700
v -0.01109900 -0.04491200 -0.03345700
v -0.01109900 -0.04491200 -0.03345700
v -0.00010900 -0.04431200 -0.03345700
v -0.00010900 -0.04431200 -0.03345700
v -0.00010900 -0.04431200 -0.03345700
v 0.01042400 -0.04111700 -0.03345700
v 0.01042400 -0.04111700 -0.03345700
v 0.01042400 -0.04111700 -0.03345700
v 0.01042400 -0.04111700 -0.03345700
v -0.00102800 -0.03909800 -0.03345700
v -0.00102800 -0.03909800 -0.03345700
v -0.00102800 -0.03909800 -0.03345700
v -0.00102800 -0.03909800 -0.03345700
v 0.00434300 -0.07266600 -0.03845700
v 0.00434300 -0.07266600 -0.03845700
v 0.00434300 -0.07266600 -0.03845700
v 0.00434300 -0.07266600 -0.03845700
v -0.00513800 -0.07130300 -0.03845700
v -0.00513800 -0.07130300 -0.03845700
v -0.00513800 -0.07130300 -0.03845700
v -0.00513800 -0.07130300 -0.03845700
v 0.01305600 -0.06868700 -0.03845700
v 0.01305600 -0.06868700 -0.03845700
v 0.01305600 -0.06868700 -0.03845700
v 0.01305600 -0.06868700 -0.03845700
v -0.00010900 -0.06736700 -0.03845700
v -0.00010900 -0.06736700 -0.03845700
v -0.00010900 -0.06736700 -0.03845700
v 0.00777600 -0.06597600 -0.03845700
v 0.00777600 -0.06597600 -0.03845700
v 0.00777600 -0.06597600 -0.03845700
v -0.01237800 -0.06503000 -0.03845700
v -0.01237800 -0.06503000 -0.03845700
v -0.01237800 -0.06503000 -0.03845700
v -0.01237800 -0.06503000 -0.03845700
v -0.00704300 -0.06336300 -0.03845700
v -0.00704300 -0.06336300 -0.03845700
v -0.00704300 -0.06336300 -0.03845700
v 0.01823500 -0.06062900 -0.03845700
v 0.01823500 -0.06062900 -0.03845700
v 0.01823500 -0.06062900 -0.03845700
v 0.01823500 -0.06062900 -0.03845700
v 0.01292300 -0.05984300 -0.03845700
v 0.01292300 -0.05984300 -0.03845700
v 0.01292300 -0.05984300 -0.03845700
v -0.01507600 -0.05583900 -0.03845700
v -0.01507600 -0.05583900 -0.03845700
v -0.01507600 -0.05583900 -0.03845700
v -0.01507600 -0.05583900 -0.03845700
v -0.00978100 -0.05583900 -0.03845700
v -0.00978100 -0.05583900 -0.03845700
v -0.00978100 -0.05583900 -0.03845700
v 0.01292300 -0.05183600 -0.03845700
v 0.01292300 -0.05183600 -0.03845700
v 0.01292300 -0.05183600 -0.03845700
v 0.01823500 -0.05105000 -0.03845700
v 0.01823500 -0.05105000 -0.03845700
v 0.01823500 -0.05105000 -0.03845700
v 0.01823500 -0.05105000 -0.03845700
v -0.00704300 -0.04831500 -0.03845700
v -0.00704300 -0.04831500 -0.03845700
v -0.00704300 -0.04831500 -0.03845700
v -0.01237800 -0.04664800 -0.03845700
v -0.01237800 -0.04664800 -0.03845700
v -0.01237800 -0.04664800 -0.03845700
v -0.01237800 -0.04664800 -0.03845700
v 0.00777600 -0.04570200 -0.03845700
v 0.00777600 -0.04570200 -0.03845700
v 0.00777600 -0.04570200 -0.03845700
v -0.00010900 -0.04431200 -0.03845700
v -0.00010900 -0.04431200 -0.03845700
v -0.00010900 -0.04431200 -0.03845700
v 0.01305600 -0.04299200 -0.03845700
v 0.01305600 -0.04299200 -0.03845700
v 0.01305600 -0.04299200 -0.03845700
v 0.01305600 -0.04299200 -0.03845700
v -0.00513800 -0.04037600 -0.03845700
v -0.00513800 -0.04037600 -0.03845700
v -0.00513800 -0.04037600 -0.03845700
v -0.00513800 -0.04037600 -0.03845700
v 0.00434300 -0.03901200 -0.03845700
v 0.00434300 -0.03901200 -0.03845700
v 0.00434300 -0.03901200 -0.03845700
v 0.00434300 -0.03901200 -0.03845700
v -0.00053100 -0.07291400 -0.03852400
v -0.00053100 -0.07291400 -0.03852400
v -0.00053100 -0.07291400 -0.03852400
v -0.00053100 -0.07291400 -0.03852400
v -0.00053100 -0.07291400 -0.03852400
v 0.00909000 -0.07153000 -0.03852400
v 0.00909000 -0.07153000 -0.03852400
v 0.00909000 -0.07153000 -0.03852400
v 0.00909000 -0.07153000 -0.03852400
v 0.00909000 -0.07153000 -0.03852400
v -0.00937300 -0.06887600 -0.03852400
v -0.00937300 -0.06887600 -0.03852400
v -0.00937300 -0.06887600 -0.03852400
v -0.00937300 -0.06887600 -0.03852400
v -0.00937300 -0.06887600 -0.03852400
v 0.01643500 -0.06516500 -0.03852400
v 0.01643500 -0.06516500 -0.03852400
v 0.01643500 -0.06516500 -0.03852400
v 0.01643500 -0.06516500 -0.03852400
v 0.01643500 -0.06516500 -0.03852400
v -0.01462800 -0.06069900 -0.03852400
v -0.01462800 -0.06069900 -0.03852400
v -0.01462800 -0.06069900 -0.03852400
v -0.01462800 -0.06069900 -0.03852400
v -0.01462800 -0.06069900 -0.03852400
v 0.01917400 -0.05583900 -0.03852400
v 0.01917400 -0.05583900 -0.03852400
v 0.01917400 -0.05583900 -0.03852400
v 0.01917400 -0.05583900 -0.03852400
v 0.01917400 -0.05583900 -0.03852400
v -0.01462800 -0.05097900 -0.03852400
v -0.01462800 -0.05097900 -0.03852400
v -0.01462800 -0.05097900 -0.03852400
v -0.01462800 -0.05097900 -0.03852400
v -0.01462800 -0.05097900 -0.03852400
v 0.01643500 -0.04651300 -0.03852400
v 0.01643500 -0.04651300 -0.03852400
v 0.01643500 -0.04651300 -0.03852400
v 0.01643500 -0.04651300 -0.03852400
v 0.01643500 -0.04651300 -0.03852400
v -0.00937300 -0.04280300 -0.03852400
v -0.00937300 -0.04280300 -0.03852400
v -0.00937300 -0.04280300 -0.03852400
v -0.00937300 -0.04280300 -0.03852400
v -0.00937300 -0.04280300 -0.03852400
v 0.00909000 -0.04014800 -0.03852400
v 0.00909000 -0.04014800 -0.03852400
v 0.00909000 -0.04014800 -0.03852400
v 0.00909000 -0.04014800 -0.03852400
v 0.00909000 -0.04014800 -0.03852400
v -0.00053100 -0.03876500 -0.03852400
v -0.00053100 -0.03876500 -0.03852400
v -0.00053100 -0.03876500 -0.03852400
v -0.00053100 -0.03876500 -0.03852400
v -0.00053100 -0.03876500 -0.03852400
v -0.00055700 -0.07309500 -0.03870700
v -0.00055700 -0.07309500 -0.03870700
v -0.00055700 -0.07309500 -0.03870700
v -0.00055700 -0.07309500 -0.03870700
v -0.00055700 -0.07309500 -0.03870700
v 0.00916600 -0.07169700 -0.03870700
v 0.00916600 -0.07169700 -0.03870700
v 0.00916600 -0.07169700 -0.03870700
v 0.00916600 -0.07169700 -0.03870700
v 0.00916600 -0.07169700 -0.03870700
v -0.00949200 -0.06901400 -0.03870700
v -0.00949200 -0.06901400 -0.03870700
v -0.00949200 -0.06901400 -0.03870700
v -0.00949200 -0.06901400 -0.03870700
v -0.00949200 -0.06901400 -0.03870700
v 0.01658900 -0.06526400 -0.03870700
v 0.01658900 -0.06526400 -0.03870700
v 0.01658900 -0.06526400 -0.03870700
v 0.01658900 -0.06526400 -0.03870700
v 0.01658900 -0.06526400 -0.03870700
v -0.01480300 -0.06075100 -0.03870700
v -0.01480300 -0.06075100 -0.03870700
v -0.01480300 -0.06075100 -0.03870700
v -0.01480300 -0.06075100 -0.03870700
v -0.01480300 -0.06075100 -0.03870700
v 0.01935700 -0.05583900 -0.03870700
v 0.01935700 -0.05583900 -0.03870700
v 0.01935700 -0.05583900 -0.03870700
v 0.01935700 -0.05583900 -0.03870700
v 0.01935700 -0.05583900 -0.03870700
v -0.01480300 -0.05092800 -0.03870700
v -0.01480300 -0.05092800 -0.03870700
v -0.01480300 -0.05092800 -0.03870700
v -0.01480300 -0.05092800 -0.03870700
v -0.01480300 -0.05092800 -0.03870700
v 0.01658900 -0.04641400 -0.03870700
v 0.01658900 -0.04641400 -0.03870700
v 0.01658900 -0.04641400 -0.03870700
v 0.01658900 -0.04641400 -0.03870700
v 0.01658900 -0.04641400 -0.03870700
v -0.00949200 -0.04266400 -0.03870700
v -0.00949200 -0.04266400 -0.03870700
v -0.00949200 -0.04266400 -0.03870700
v -0.00949200 -0.04266400 -0.03870700
v -0.00949200 -0.04266400 -0.03870700
v 0.00916600 -0.03998200 -0.03870700
v 0.00916600 -0.03998200 -0.03870700
v 0.00916600 -0.03998200 -0.03870700
v 0.00916600 -0.03998200 -0.03870700
v 0.00916600 -0.03998200 -0.03870700
v -0.00055700 -0.03858400 -0.03870700
v -0.00055700 -0.03858400 -0.03870700
v -0.00055700 -0.03858400 -0.03870700
v -0.00055700 -0.03858400 -0.03870700
v -0.00055700 -0.03858400 -0.03870700
v 0.00441400 -0.07316100 -0.03895700
v 0.00441400 -0.07316100 -0.03895700
v 0.00441400 -0.07316100 -0.03895700
v 0.00441400 -0.07316100 -0.03895700
v 0.00441400 -0.07316100 -0.03895700
v -0.00534600 -0.07175800 -0.03895700
v -0.00534600 -0.07175800 -0.03895700
v -0.00534600 -0.07175800 -0.03895700
v -0.00534600 -0.07175800 -0.03895700
v -0.00534600 -0.07175800 -0.03895700
v 0.01338400 -0.06906500 -0.03895700
v 0.01338400 -0.06906500 -0.03895700
v 0.01338400 -0.06906500 -0.03895700
v 0.01338400 -0.06906500 -0.03895700
v 0.01338400 -0.06906500 -0.03895700
v -0.01279800 -0.06530000 -0.03895700
v -0.01279800 -0.06530000 -0.03895700
v -0.01279800 -0.06530000 -0.03895700
v -0.01279800 -0.06530000 -0.03895700
v -0.01279800 -0.06530000 -0.03895700
v 0.01871500 -0.06077000 -0.03895700
v 0.01871500 -0.06077000 -0.03895700
v 0.01871500 -0.06077000 -0.03895700
v 0.01871500 -0.06077000 -0.03895700
v 0.01871500 -0.06077000 -0.03895700
v -0.01557600 -0.05583900 -0.03895700
v -0.01557600 -0.05583900 -0.03895700
v -0.01557600 -0.05583900 -0.03895700
v -0.01557600 -0.05583900 -0.03895700
v -0.01557600 -0.05583900 -0.03895700
v 0.01871500 -0.05090900 -0.03895700
v 0.01871500 -0.05090900 -0.03895700
v 0.01871500 -0.05090900 -0.03895700
v 0.01871500 -0.05090900 -0.03895700
v 0.01871500 -0.05090900 -0.03895700
v -0.01279800 -0.04637800 -0.03895700
v -0.01279800 -0.04637800 -0.03895700
v -0.01279800 -0.04637800 -0.03895700
v -0.01279800 -0.04637800 -0.03895700
v -0.01279800 -0.04637800 -0.03895700
v -0.01279800 -0.04637800 -0.03895700
v -0.01279800 -0.04637800 -0.03895700
v 0.01338400 -0.04261400 -0.03895700
v 0.01338400 -0.04261400 -0.03895700
v 0.01338400 -0.04261400 -0.03895700
v 0.01338400 -0.04261400 -0.03895700
v 0.01338400 -0.04261400 -0.03895700
v -0.00534600 -0.03992100 -0.03895700
v -0.00534600 -0.03992100 -0.03895700
v -0.00534600 -0.03992100 -0.03895700
v -0.00534600 -0.03992100 -0.03895700
v -0.00534600 -0.03992100 -0.03895700
v -0.00534600 -0.03992100 -0.03895700
v -0.00534600 -0.03992100 -0.03895700
v -0.00534600 -0.03992100 -0.03895700
v -0.00534600 -0.03992100 -0.03895700
v -0.00534600 -0.03992100 -0.03895700
v -0.00534600 -0.03992100 -0.03895700
v 0.00441400 -0.03851700 -0.03895700
v 0.00441400 -0.03851700 -0.03895700
v 0.00441400 -0.03851700 -0.03895700
v 0.00441400 -0.03851700 -0.03895700
v 0.00441400 -0.03851700 -0.03895700
v 0.00441400 -0.03851700 -0.03895700
v -0.02070100 -0.01665200 -0.04352400
v -0.02070100 -0.01665200 -0.04352400
v -0.02070100 -0.01665200 -0.04352400
v -0.02070100 -0.01665200 -0.04352400
v -0.02070100 -0.01665200 -0.04352400
v -0.02157800 -0.01686900 -0.04353300
v -0.02157800 -0.01686900 -0.04353300
v -0.02157800 -0.01686900 -0.04353300
v -0.02157800 -0.01686900 -0.04353300
v -0.02157800 -0.01686900 -0.04353300
v -0.02157800 -0.01686900 -0.04353300
v -0.03207400 0.00478400 -0.04353300
v -0.03207400 0.00478400 -0.04353300
v -0.03207400 0.00478400 -0.04353300
v -0.03207400 0.00478400 -0.04353300
v -0.03207400 0.00478400 -0.04353300
v -0.03207400 0.00478400 -0.04353300
v -0.02061000 -0.01681000 -0.04370700
v -0.02061000 -0.01681000 -0.04370700
v -0.02061000 -0.01681000 -0.04370700
v -0.02061000 -0.01681000 -0.04370700
v -0.02061000 -0.01681000 -0.04370700
v -0.03441200 0.00372300 -0.04382100
v -0.03441200 0.00372300 -0.04382100
v -0.03441200 0.00372300 -0.04382100
v -0.03441200 0.00372300 -0.04382100
v -0.03441200 0.00372300 -0.04382100
v -0.03149000 0.00541000 -0.04382100
v -0.03149000 0.00541000 -0.04382100
v -0.03149000 0.00541000 -0.04382100
v -0.03149000 0.00541000 -0.04382100
v -0.03149000 0.00541000 -0.04382100
v -0.03149000 0.00541000 -0.04382100
v -0.03445000 0.00391200 -0.04399300
v -0.03445000 0.00391200 -0.04399300
v -0.03445000 0.00391200 -0.04399300
v -0.03445000 0.00391200 -0.04399300
v -0.03445000 0.00391200 -0.04399300
v -0.03163600 0.00553700 -0.04399300
v -0.03163600 0.00553700 -0.04399300
v -0.03163600 0.00553700 -0.04399300
v -0.03163600 0.00553700 -0.04399300
v -0.03163600 0.00553700 -0.04399300
v -0.02125300 -0.01725900 -0.04402500
v -0.02125300 -0.01725900 -0.04402500
v -0.02125300 -0.01725900 -0.04402500
v -0.02125300 -0.01725900 -0.04402500
v -0.03240000 0.00517300 -0.04402500
v -0.03240000 0.00517300 -0.04402500
v -0.03240000 0.00517300 -0.04402500
v -0.03240000 0.00517300 -0.04402500
v -0.01866100 -0.01518500 -0.04412700
v -0.01866100 -0.01518500 -0.04412700
v -0.01866100 -0.01518500 -0.04412700
v -0.01866100 -0.01518500 -0.04412700
v -0.01866100 -0.01518500 -0.04412700
v -0.01866100 -0.01518500 -0.04412700
v -0.03499100 0.00310000 -0.04412700
v -0.03499100 0.00310000 -0.04412700
v -0.03499100 0.00310000 -0.04412700
v -0.03499100 0.00310000 -0.04412700
v -0.03499100 0.00310000 -0.04412700
v -0.03499100 0.00310000 -0.04412700
v -0.01862800 -0.01574300 -0.04456000
v -0.01862800 -0.01574300 -0.04456000
v -0.01862800 -0.01574300 -0.04456000
v -0.01862800 -0.01574300 -0.04456000
v -0.03502500 0.00365800 -0.04456000
v -0.03502500 0.00365800 -0.04456000
v -0.03502500 0.00365800 -0.04456000
v -0.03502500 0.00365800 -0.04456000
v -0.02344700 -0.01823700 -0.04467800
v -0.02344700 -0.01823700 -0.04467800
v -0.02344700 -0.01823700 -0.04467800
v -0.02344700 -0.01823700 -0.04467800
v -0.02344700 -0.01823700 -0.04467800
v -0.01795500 -0.01506600 -0.04467800
v -0.01795500 -0.01506600 -0.04467800
v -0.01795500 -0.01506600 -0.04467800
v -0.01795500 -0.01506600 -0.04467800
v -0.01795500 -0.01506600 -0.04467800
v -0.02325400 -0.01833700 -0.04481800
v -0.02325400 -0.01833700 -0.04481800
v -0.02325400 -0.01833700 -0.04481800
v -0.02325400 -0.01833700 -0.04481800
v -0.02325400 -0.01833700 -0.04481800
v -0.01796600 -0.01528300 -0.04481800
v -0.01796600 -0.01528300 -0.04481800
v -0.01796600 -0.01528300 -0.04481800
v -0.01796600 -0.01528300 -0.04481800
v -0.01796600 -0.01528300 -0.04481800
v -0.00682500 -0.04068300 -0.04495700
v -0.00682500 -0.04068300 -0.04495700
v -0.00682500 -0.04068300 -0.04495700
v -0.00682500 -0.04068300 -0.04495700
v -0.00682500 -0.04068300 -0.04495700
v -0.02110300 -0.01717200 -0.04501000
v -0.02110300 -0.01717200 -0.04501000
v -0.02110300 -0.01717200 -0.04501000
v -0.02110300 -0.01717200 -0.04501000
v -0.00649400 -0.04045700 -0.04516600
v -0.00649400 -0.04045700 -0.04516600
v -0.00649400 -0.04045700 -0.04516600
v -0.00649400 -0.04045700 -0.04516600
v -0.00649400 -0.04045700 -0.04516600
v -0.02054300 -0.01692600 -0.04520700
v -0.02054300 -0.01692600 -0.04520700
v -0.02054300 -0.01692600 -0.04520700
v -0.02054300 -0.01692600 -0.04520700
v -0.02054300 -0.01692600 -0.04520700
v -0.00794400 -0.04138600 -0.04523000
v -0.00794400 -0.04138600 -0.04523000
v -0.00794400 -0.04138600 -0.04523000
v -0.00794400 -0.04138600 -0.04523000
v -0.00794400 -0.04138600 -0.04523000
v -0.00565700 -0.04006700 -0.04523200
v -0.00565700 -0.04006700 -0.04523200
v -0.00565700 -0.04006700 -0.04523200
v -0.00565700 -0.04006700 -0.04523200
v -0.00565700 -0.04006700 -0.04523200
v -0.00749600 -0.04104900 -0.04523400
v -0.00749600 -0.04104900 -0.04523400
v -0.00749600 -0.04104900 -0.04523400
v -0.00749600 -0.04104900 -0.04523400
v -0.00749600 -0.04104900 -0.04523400
v -0.00749600 -0.04104900 -0.04523400
v -0.02414300 -0.01835000 -0.04524300
v -0.02414300 -0.01835000 -0.04524300
v -0.02414300 -0.01835000 -0.04524300
v -0.02414300 -0.01835000 -0.04524300
v -0.02414300 -0.01835000 -0.04524300
v -0.02414300 -0.01835000 -0.04524300
v -0.02950900 0.00626500 -0.04524300
v -0.02950900 0.00626500 -0.04524300
v -0.02950900 0.00626500 -0.04524300
v -0.02950900 0.00626500 -0.04524300
v -0.02950900 0.00626500 -0.04524300
v -0.02950900 0.00626500 -0.04524300
v -0.00656500 -0.04036900 -0.04533400
v -0.00656500 -0.04036900 -0.04533400
v -0.00656500 -0.04036900 -0.04533400
v -0.00656500 -0.04036900 -0.04533400
v -0.00656500 -0.04036900 -0.04533400
v -0.02045100 -0.01708500 -0.04539000
v -0.02045100 -0.01708500 -0.04539000
v -0.02045100 -0.01708500 -0.04539000
v -0.02045100 -0.01708500 -0.04539000
v -0.02045100 -0.01708500 -0.04539000
v -0.00752100 -0.04093500 -0.04539800
v -0.00752100 -0.04093500 -0.04539800
v -0.00752100 -0.04093500 -0.04539800
v -0.00752100 -0.04093500 -0.04539800
v -0.00752100 -0.04093500 -0.04539800
v -0.01906100 -0.01599300 -0.04542600
v -0.01906100 -0.01599300 -0.04542600
v -0.01906100 -0.01599300 -0.04542600
v -0.01906100 -0.01599300 -0.04542600
v -0.00665900 -0.04022800 -0.04544500
v -0.00665900 -0.04022800 -0.04544500
v -0.00665900 -0.04022800 -0.04544500
v -0.00665900 -0.04022800 -0.04544500
v -0.00665900 -0.04022800 -0.04544500
v -0.00665900 -0.04022800 -0.04544500
v -0.00707500 -0.04025000 -0.04545700
v -0.00707500 -0.04025000 -0.04545700
v -0.00707500 -0.04025000 -0.04545700
v -0.00707500 -0.04025000 -0.04545700
v -0.00707500 -0.04025000 -0.04545700
v -0.00707500 -0.04025000 -0.04545700
v -0.02077700 -0.01756200 -0.04550200
v -0.02077700 -0.01756200 -0.04550200
v -0.02077700 -0.01756200 -0.04550200
v -0.02077700 -0.01756200 -0.04550200
v -0.02077700 -0.01756200 -0.04550200
v -0.02077700 -0.01756200 -0.04550200
v -0.00758900 -0.04078000 -0.04550600
v -0.00758900 -0.04078000 -0.04550600
v -0.00758900 -0.04078000 -0.04550600
v -0.00758900 -0.04078000 -0.04550600
v -0.00758900 -0.04078000 -0.04550600
v -0.00549900 -0.03995500 -0.04552300
v -0.00549900 -0.03995500 -0.04552300
v -0.00549900 -0.03995500 -0.04552300
v -0.00549900 -0.03995500 -0.04552300
v -0.00549900 -0.03995500 -0.04552300
v -0.00549900 -0.03995500 -0.04552300
v -0.02356200 -0.01859200 -0.04556400
v -0.02356200 -0.01859200 -0.04556400
v -0.02356200 -0.01859200 -0.04556400
v -0.02356200 -0.01859200 -0.04556400
v -0.03009100 0.00650600 -0.04556400
v -0.03009100 0.00650600 -0.04556400
v -0.03009100 0.00650600 -0.04556400
v -0.03009100 0.00650600 -0.04556400
v -0.00561400 -0.03989100 -0.04567000
v -0.00561400 -0.03989100 -0.04567000
v -0.00561400 -0.03989100 -0.04567000
v -0.00561400 -0.03989100 -0.04567000
v -0.00561400 -0.03989100 -0.04567000
v -0.00804700 -0.04086900 -0.04568600
v -0.00804700 -0.04086900 -0.04568600
v -0.00804700 -0.04086900 -0.04568600
v -0.00804700 -0.04086900 -0.04568600
v -0.00804700 -0.04086900 -0.04568600
v -0.00804700 -0.04086900 -0.04568600
v -0.00605400 -0.03971900 -0.04568700
v -0.00605400 -0.03971900 -0.04568700
v -0.00605400 -0.03971900 -0.04568700
v -0.00605400 -0.03971900 -0.04568700
v -0.00605400 -0.03971900 -0.04568700
v -0.00837900 -0.04165300 -0.04571800
v -0.00837900 -0.04165300 -0.04571800
v -0.00837900 -0.04165300 -0.04571800
v -0.00837900 -0.04165300 -0.04571800
v -0.00837900 -0.04165300 -0.04571800
v -0.00837900 -0.04165300 -0.04571800
v -0.00573000 -0.03976700 -0.04577000
v -0.00573000 -0.03976700 -0.04577000
v -0.00573000 -0.03976700 -0.04577000
v -0.00573000 -0.03976700 -0.04577000
v -0.00573000 -0.03976700 -0.04577000
v -0.00573000 -0.03976700 -0.04577000
v -0.00836500 -0.04151500 -0.04585400
v -0.00836500 -0.04151500 -0.04585400
v -0.00836500 -0.04151500 -0.04585400
v -0.00836500 -0.04151500 -0.04585400
v -0.00836500 -0.04151500 -0.04585400
v -0.00836500 -0.04151500 -0.04585400
v -0.01902700 -0.01655100 -0.04585900
v -0.01902700 -0.01655100 -0.04585900
v -0.01902700 -0.01655100 -0.04585900
v -0.01902700 -0.01655100 -0.04585900
v -0.01902700 -0.01655100 -0.04585900
v -0.01902700 -0.01655100 -0.04585900
v -0.01902700 -0.01655100 -0.04585900
v -0.00840700 -0.04135000 -0.04594700
v -0.00840700 -0.04135000 -0.04594700
v -0.00840700 -0.04135000 -0.04594700
v -0.00840700 -0.04135000 -0.04594700
v -0.00840700 -0.04135000 -0.04594700
v -0.00840700 -0.04135000 -0.04594700
v -0.02235200 -0.01797100 -0.04596700
v -0.02235200 -0.01797100 -0.04596700
v -0.02235200 -0.01797100 -0.04596700
v -0.02235200 -0.01797100 -0.04596700
v -0.02235200 -0.01797100 -0.04596700
v -0.01873400 -0.01588200 -0.04596700
v -0.01873400 -0.01588200 -0.04596700
v -0.01873400 -0.01588200 -0.04596700
v -0.01873400 -0.01588200 -0.04596700
v -0.01873400 -0.01588200 -0.04596700
v -0.03665100 0.00243000 -0.04599000
v -0.03665100 0.00243000 -0.04599000
v -0.03665100 0.00243000 -0.04599000
v -0.03665100 0.00243000 -0.04599000
v -0.03665100 0.00243000 -0.04599000
v -0.02925100 0.00670200 -0.04599000
v -0.02925100 0.00670200 -0.04599000
v -0.02925100 0.00670200 -0.04599000
v -0.02925100 0.00670200 -0.04599000
v -0.02925100 0.00670200 -0.04599000
v -0.00883900 -0.04204000 -0.04599800
v -0.00883900 -0.04204000 -0.04599800
v -0.00883900 -0.04204000 -0.04599800
v -0.00883900 -0.04204000 -0.04599800
v -0.00883900 -0.04204000 -0.04599800
v -0.00464300 -0.03961800 -0.04600000
v -0.00464300 -0.03961800 -0.04600000
v -0.00464300 -0.03961800 -0.04600000
v -0.00464300 -0.03961800 -0.04600000
v -0.00464300 -0.03961800 -0.04600000
v -0.03660500 0.00266800 -0.04608200
v -0.03660500 0.00266800 -0.04608200
v -0.03660500 0.00266800 -0.04608200
v -0.03660500 0.00266800 -0.04608200
v -0.03660500 0.00266800 -0.04608200
v -0.02948000 0.00678200 -0.04608200
v -0.02948000 0.00678200 -0.04608200
v -0.02948000 0.00678200 -0.04608200
v -0.02948000 0.00678200 -0.04608200
v -0.02948000 0.00678200 -0.04608200
v -0.02948000 0.00678200 -0.04608200
v -0.02215900 -0.01807000 -0.04610700
v -0.02215900 -0.01807000 -0.04610700
v -0.02215900 -0.01807000 -0.04610700
v -0.02215900 -0.01807000 -0.04610700
v -0.02215900 -0.01807000 -0.04610700
v -0.01874400 -0.01609900 -0.04610700
v -0.01874400 -0.01609900 -0.04610700
v -0.01874400 -0.01609900 -0.04610700
v -0.01874400 -0.01609900 -0.04610700
v -0.01874400 -0.01609900 -0.04610700
v -0.02289800 -0.01820900 -0.04620700
v -0.02289800 -0.01820900 -0.04620700
v -0.02289800 -0.01820900 -0.04620700
v -0.02289800 -0.01820900 -0.04620700
v -0.00465100 -0.03958800 -0.04626000
v -0.00465100 -0.03958800 -0.04626000
v -0.00465100 -0.03958800 -0.04626000
v -0.00465100 -0.03958800 -0.04626000
v -0.00465100 -0.03958800 -0.04626000
v -0.00882700 -0.04145900 -0.04633400
v -0.00882700 -0.04145900 -0.04633400
v -0.00882700 -0.04145900 -0.04633400
v -0.00882700 -0.04145900 -0.04633400
v -0.00882700 -0.04145900 -0.04633400
v -0.00515300 -0.03933800 -0.04633600
v -0.00515300 -0.03933800 -0.04633600
v -0.00515300 -0.03933800 -0.04633600
v -0.00515300 -0.03933800 -0.04633600
v -0.00515300 -0.03933800 -0.04633600
v -0.00515300 -0.03933800 -0.04633600
v -0.00479900 -0.03954200 -0.04636700
v -0.00479900 -0.03954200 -0.04636700
v -0.00479900 -0.03954200 -0.04636700
v -0.00479900 -0.03954200 -0.04636700
v -0.00479900 -0.03954200 -0.04636700
v -0.00479900 -0.03954200 -0.04636700
v -0.00493300 -0.03943400 -0.04644200
v -0.00493300 -0.03943400 -0.04644200
v -0.00493300 -0.03943400 -0.04644200
v -0.00493300 -0.03943400 -0.04644200
v -0.00493300 -0.03943400 -0.04644200
v -0.00493300 -0.03943400 -0.04644200
v -0.02231600 -0.01845000 -0.04652800
v -0.02231600 -0.01845000 -0.04652800
v -0.02231600 -0.01845000 -0.04652800
v -0.02231600 -0.01845000 -0.04652800
v -0.02231600 -0.01845000 -0.04652800
v -0.02231600 -0.01845000 -0.04652800
v -0.02231600 -0.01845000 -0.04652800
v -0.00904400 -0.04216400 -0.04655700
v -0.00904400 -0.04216400 -0.04655700
v -0.00904400 -0.04216400 -0.04655700
v -0.00904400 -0.04216400 -0.04655700
v -0.00904400 -0.04216400 -0.04655700
v -0.00904400 -0.04216400 -0.04655700
v -0.00900300 -0.04200900 -0.04664900
v -0.00900300 -0.04200900 -0.04664900
v -0.00900300 -0.04200900 -0.04664900
v -0.00900300 -0.04200900 -0.04664900
v -0.00900300 -0.04200900 -0.04664900
v -0.00902300 -0.04183700 -0.04671400
v -0.00902300 -0.04183700 -0.04671400
v -0.00902300 -0.04183700 -0.04671400
v -0.00902300 -0.04183700 -0.04671400
v -0.00902300 -0.04183700 -0.04671400
v -0.00902300 -0.04183700 -0.04671400
v -0.01675700 -0.01408600 -0.04674700
v -0.01675700 -0.01408600 -0.04674700
v -0.01675700 -0.01408600 -0.04674700
v -0.01675700 -0.01408600 -0.04674700
v -0.01675700 -0.01408600 -0.04674700
v -0.01675700 -0.01408600 -0.04674700
v -0.03689500 0.00200100 -0.04674700
v -0.03689500 0.00200100 -0.04674700
v -0.03689500 0.00200100 -0.04674700
v -0.03689500 0.00200100 -0.04674700
v -0.03689500 0.00200100 -0.04674700
v -0.03689500 0.00200100 -0.04674700
v -0.01691400 -0.01475400 -0.04691800
v -0.01691400 -0.01475400 -0.04691800
v -0.01691400 -0.01475400 -0.04691800
v -0.01691400 -0.01475400 -0.04691800
v -0.03673800 0.00266800 -0.04691800
v -0.03673800 0.00266800 -0.04691800
v -0.03673800 0.00266800 -0.04691800
v -0.03673800 0.00266800 -0.04691800
v -0.00941000 -0.04250500 -0.04712800
v -0.00941000 -0.04250500 -0.04712800
v -0.00941000 -0.04250500 -0.04712800
v -0.00941000 -0.04250500 -0.04712800
v -0.00941000 -0.04250500 -0.04712800
v -0.00941000 -0.04250500 -0.04712800
v -0.00395600 -0.03935700 -0.04713100
v -0.00395600 -0.03935700 -0.04713100
v -0.00395600 -0.03935700 -0.04713100
v -0.00395600 -0.03935700 -0.04713100
v -0.00395600 -0.03935700 -0.04713100
v -0.01772800 -0.01522400 -0.04726000
v -0.01772800 -0.01522400 -0.04726000
v -0.01772800 -0.01522400 -0.04726000
v -0.01772800 -0.01522400 -0.04726000
v -0.00407700 -0.03936900 -0.04728500
v -0.00407700 -0.03936900 -0.04728500
v -0.00407700 -0.03936900 -0.04728500
v -0.00407700 -0.03936900 -0.04728500
v -0.00407700 -0.03936900 -0.04728500
v -0.00407700 -0.03936900 -0.04728500
v -0.00932900 -0.04188900 -0.04730400
v -0.00932900 -0.04188900 -0.04730400
v -0.00932900 -0.04188900 -0.04730400
v -0.00932900 -0.04188900 -0.04730400
v -0.00932900 -0.04188900 -0.04730400
v -0.00932900 -0.04188900 -0.04730400
v -0.00453100 -0.03911900 -0.04730600
v -0.00453100 -0.03911900 -0.04730600
v -0.00453100 -0.03911900 -0.04730600
v -0.00453100 -0.03911900 -0.04730600
v -0.00453100 -0.03911900 -0.04730600
v -0.00424400 -0.03933400 -0.04734100
v -0.00424400 -0.03933400 -0.04734100
v -0.00424400 -0.03933400 -0.04734100
v -0.00424400 -0.03933400 -0.04734100
v -0.00424400 -0.03933400 -0.04734100
v -0.00439100 -0.03923900 -0.04738200
v -0.00439100 -0.03923900 -0.04738200
v -0.00439100 -0.03923900 -0.04738200
v -0.00439100 -0.03923900 -0.04738200
v -0.00439100 -0.03923900 -0.04738200
v -0.01788500 -0.01589200 -0.04743100
v -0.01788500 -0.01589200 -0.04743100
v -0.01788500 -0.01589200 -0.04743100
v -0.01788500 -0.01589200 -0.04743100
v -0.01788500 -0.01589200 -0.04743100
v -0.01788500 -0.01589200 -0.04743100
v -0.01788500 -0.01589200 -0.04743100
v -0.02490800 -0.01908100 -0.04760000
v -0.02490800 -0.01908100 -0.04760000
v -0.02490800 -0.01908100 -0.04760000
v -0.02490800 -0.01908100 -0.04760000
v -0.02490800 -0.01908100 -0.04760000
v -0.01649400 -0.01422300 -0.04760000
v -0.01649400 -0.01422300 -0.04760000
v -0.01649400 -0.01422300 -0.04760000
v -0.01649400 -0.01422300 -0.04760000
v -0.01649400 -0.01422300 -0.04760000
v -0.02466100 -0.01914900 -0.04763200
v -0.02466100 -0.01914900 -0.04763200
v -0.02466100 -0.01914900 -0.04763200
v -0.02466100 -0.01914900 -0.04763200
v -0.02466100 -0.01914900 -0.04763200
v -0.01655900 -0.01447100 -0.04763200
v -0.01655900 -0.01447100 -0.04763200
v -0.01655900 -0.01447100 -0.04763200
v -0.01655900 -0.01447100 -0.04763200
v -0.01655900 -0.01447100 -0.04763200
v -0.00942600 -0.04248100 -0.04764900
v -0.00942600 -0.04248100 -0.04764900
v -0.00942600 -0.04248100 -0.04764900
v -0.00942600 -0.04248100 -0.04764900
v -0.00942600 -0.04248100 -0.04764900
v -0.00936900 -0.04231700 -0.04768700
v -0.00936900 -0.04231700 -0.04768700
v -0.00936900 -0.04231700 -0.04768700
v -0.00936900 -0.04231700 -0.04768700
v -0.00936900 -0.04231700 -0.04768700
v -0.00937500 -0.04214100 -0.04771500
v -0.00937500 -0.04214100 -0.04771500
v -0.00937500 -0.04214100 -0.04771500
v -0.00937500 -0.04214100 -0.04771500
v -0.00937500 -0.04214100 -0.04771500
v -0.02331500 -0.01852600 -0.04789200
v -0.02331500 -0.01852600 -0.04789200
v -0.02331500 -0.01852600 -0.04789200
v -0.02331500 -0.01852600 -0.04789200
v -0.02331500 -0.01852600 -0.04789200
v -0.01777100 -0.01532600 -0.04789200
v -0.01777100 -0.01532600 -0.04789200
v -0.01777100 -0.01532600 -0.04789200
v -0.01777100 -0.01532600 -0.04789200
v -0.01777100 -0.01532600 -0.04789200
v -0.02306700 -0.01859500 -0.04792400
v -0.02306700 -0.01859500 -0.04792400
v -0.02306700 -0.01859500 -0.04792400
v -0.02306700 -0.01859500 -0.04792400
v -0.02306700 -0.01859500 -0.04792400
v -0.01783600 -0.01557400 -0.04792400
v -0.01783600 -0.01557400 -0.04792400
v -0.01783600 -0.01557400 -0.04792400
v -0.01783600 -0.01557400 -0.04792400
v -0.01783600 -0.01557400 -0.04792400
v -0.00430600 -0.03904800 -0.04845500
v -0.00430600 -0.03904800 -0.04845500
v -0.00430600 -0.03904800 -0.04845500
v -0.00430600 -0.03904800 -0.04845500
v -0.00430600 -0.03904800 -0.04845500
v -0.00430600 -0.03904800 -0.04845500
v -0.00430600 -0.03904800 -0.04845500
v -0.00371200 -0.03927200 -0.04845500
v -0.00371200 -0.03927200 -0.04845500
v -0.00371200 -0.03927200 -0.04845500
v -0.00371200 -0.03927200 -0.04845500
v -0.00371200 -0.03927200 -0.04845500
v -0.00371200 -0.03927200 -0.04845500
v -0.00960600 -0.04267400 -0.04845700
v -0.00960600 -0.04267400 -0.04845700
v -0.00960600 -0.04267400 -0.04845700
v -0.00960600 -0.04267400 -0.04845700
v -0.00960600 -0.04267400 -0.04845700
v -0.00960600 -0.04267400 -0.04845700
v -0.00960600 -0.04267400 -0.04845700
v -0.00944200 -0.04238000 -0.04845700
v -0.00944200 -0.04238000 -0.04845700
v -0.00944200 -0.04238000 -0.04845700
v -0.00944200 -0.04238000 -0.04845700
v -0.00944200 -0.04238000 -0.04845700
v -0.00944200 -0.04238000 -0.04845700
v -0.00944200 -0.04238000 -0.04845700
v -0.00944200 -0.04238000 -0.04845700
v -0.00950300 -0.04204800 -0.04845700
v -0.00950300 -0.04204800 -0.04845700
v -0.00950300 -0.04204800 -0.04845700
v -0.00950300 -0.04204800 -0.04845700
v -0.00950300 -0.04204800 -0.04845700
v -0.00950300 -0.04204800 -0.04845700
v -0.02447300 -0.01911800 -0.04845700
v -0.02447300 -0.01911800 -0.04845700
v -0.02447300 -0.01911800 -0.04845700
v -0.02447300 -0.01911800 -0.04845700
v -0.02515600 -0.01893500 -0.04845700
v -0.02515600 -0.01893500 -0.04845700
v -0.02515600 -0.01893500 -0.04845700
v -0.02515600 -0.01893500 -0.04845700
v -0.02515600 -0.01893500 -0.04845700
v -0.02515600 -0.01893500 -0.04845700
v -0.02292400 -0.01880100 -0.04845700
v -0.02292400 -0.01880100 -0.04845700
v -0.02292400 -0.01880100 -0.04845700
v -0.02292400 -0.01880100 -0.04845700
v -0.02292400 -0.01880100 -0.04845700
v -0.02292400 -0.01880100 -0.04845700
v -0.02292400 -0.01880100 -0.04845700
v -0.02360700 -0.01861800 -0.04845700
v -0.02360700 -0.01861800 -0.04845700
v -0.02360700 -0.01861800 -0.04845700
v -0.02360700 -0.01861800 -0.04845700
v -0.02849600 0.00685000 -0.04845700
v -0.02849600 0.00685000 -0.04845700
v -0.02849600 0.00685000 -0.04845700
v -0.02849600 0.00685000 -0.04845700
v -0.02849600 0.00685000 -0.04845700
v -0.02849600 0.00685000 -0.04845700
v -0.02917900 0.00703300 -0.04845700
v -0.02917900 0.00703300 -0.04845700
v -0.02917900 0.00703300 -0.04845700
v -0.02917900 0.00703300 -0.04845700
v -0.00420100 -0.03917600 -0.04846800
v -0.00420100 -0.03917600 -0.04846800
v -0.00420100 -0.03917600 -0.04846800
v -0.00420100 -0.03917600 -0.04846800
v -0.00404900 -0.03926600 -0.04846900
v -0.00404900 -0.03926600 -0.04846900
v -0.00404900 -0.03926600 -0.04846900
v -0.00404900 -0.03926600 -0.04846900
v -0.00387600 -0.03929800 -0.04846900
v -0.00387600 -0.03929800 -0.04846900
v -0.00387600 -0.03929800 -0.04846900
v -0.00387600 -0.03929800 -0.04846900
v -0.00944200 -0.04220100 -0.04860900
v -0.00944200 -0.04220100 -0.04860900
v -0.00944200 -0.04220100 -0.04860900
v -0.00944200 -0.04220100 -0.04860900
v -0.00944200 -0.04220100 -0.04860900
v -0.00943900 -0.04237700 -0.04861500
v -0.00943900 -0.04237700 -0.04861500
v -0.00943900 -0.04237700 -0.04861500
v -0.00943900 -0.04237700 -0.04861500
v -0.00949800 -0.04254300 -0.04862300
v -0.00949800 -0.04254300 -0.04862300
v -0.00949800 -0.04254300 -0.04862300
v -0.00949800 -0.04254300 -0.04862300
v -0.00949800 -0.04254300 -0.04862300
v -0.03709400 0.00238600 -0.04928200
v -0.03709400 0.00238600 -0.04928200
v -0.03709400 0.00238600 -0.04928200
v -0.03709400 0.00238600 -0.04928200
v -0.03709400 0.00238600 -0.04928200
v -0.02899200 0.00706400 -0.04928200
v -0.02899200 0.00706400 -0.04928200
v -0.02899200 0.00706400 -0.04928200
v -0.02899200 0.00706400 -0.04928200
v -0.02899200 0.00706400 -0.04928200
v -0.03715800 0.00213700 -0.04931300
v -0.03715800 0.00213700 -0.04931300
v -0.03715800 0.00213700 -0.04931300
v -0.03715800 0.00213700 -0.04931300
v -0.03715800 0.00213700 -0.04931300
v -0.02874400 0.00699500 -0.04931300
v -0.02874400 0.00699500 -0.04931300
v -0.02874400 0.00699500 -0.04931300
v -0.02874400 0.00699500 -0.04931300
v -0.02874400 0.00699500 -0.04931300
v -0.02874400 0.00699500 -0.04931300
v -0.01788500 -0.01589200 -0.04948300
v -0.01788500 -0.01589200 -0.04948300
v -0.01788500 -0.01589200 -0.04948300
v -0.01788500 -0.01589200 -0.04948300
v -0.01788500 -0.01589200 -0.04948300
v -0.01788500 -0.01589200 -0.04948300
v -0.01788500 -0.01589200 -0.04948300
v -0.00440000 -0.03924200 -0.04955700
v -0.00440000 -0.03924200 -0.04955700
v -0.00440000 -0.03924200 -0.04955700
v -0.00440000 -0.03924200 -0.04955700
v -0.00440000 -0.03924200 -0.04955700
v -0.00440000 -0.03924200 -0.04955700
v -0.00425400 -0.03933700 -0.04959900
v -0.00425400 -0.03933700 -0.04959900
v -0.00425400 -0.03933700 -0.04959900
v -0.00425400 -0.03933700 -0.04959900
v -0.00425400 -0.03933700 -0.04959900
v -0.00932900 -0.04188900 -0.04960800
v -0.00932900 -0.04188900 -0.04960800
v -0.00932900 -0.04188900 -0.04960800
v -0.00932900 -0.04188900 -0.04960800
v -0.00932900 -0.04188900 -0.04960800
v -0.00932900 -0.04188900 -0.04960800
v -0.00453100 -0.03911900 -0.04960900
v -0.00453100 -0.03911900 -0.04960900
v -0.00453100 -0.03911900 -0.04960900
v -0.00453100 -0.03911900 -0.04960900
v -0.00453100 -0.03911900 -0.04960900
v -0.01772800 -0.01522400 -0.04965400
v -0.01772800 -0.01522400 -0.04965400
v -0.01772800 -0.01522400 -0.04965400
v -0.01772800 -0.01522400 -0.04965400
v -0.00408700 -0.03937300 -0.04965600
v -0.00408700 -0.03937300 -0.04965600
v -0.00408700 -0.03937300 -0.04965600
v -0.00408700 -0.03937300 -0.04965600
v -0.00941000 -0.04250500 -0.04978400
v -0.00941000 -0.04250500 -0.04978400
v -0.00941000 -0.04250500 -0.04978400
v -0.00941000 -0.04250500 -0.04978400
v -0.00941000 -0.04250500 -0.04978400
v -0.00941000 -0.04250500 -0.04978400
v -0.00395700 -0.03935700 -0.04978400
v -0.00395700 -0.03935700 -0.04978400
v -0.00395700 -0.03935700 -0.04978400
v -0.00395700 -0.03935700 -0.04978400
v -0.00395700 -0.03935700 -0.04978400
v -0.00920100 -0.04198800 -0.04981200
v -0.00920100 -0.04198800 -0.04981200
v -0.00920100 -0.04198800 -0.04981200
v -0.00920100 -0.04198800 -0.04981200
v -0.00920100 -0.04198800 -0.04981200
v -0.00918800 -0.04216200 -0.04986300
v -0.00918800 -0.04216200 -0.04986300
v -0.00918800 -0.04216200 -0.04986300
v -0.00918800 -0.04216200 -0.04986300
v -0.00918800 -0.04216200 -0.04986300
v -0.00923700 -0.04232200 -0.04993400
v -0.00923700 -0.04232200 -0.04993400
v -0.00923700 -0.04232200 -0.04993400
v -0.00923700 -0.04232200 -0.04993400
v -0.00923700 -0.04232200 -0.04993400
v -0.00923700 -0.04232200 -0.04993400
v -0.02275100 -0.01841300 -0.04999000
v -0.02275100 -0.01841300 -0.04999000
v -0.02275100 -0.01841300 -0.04999000
v -0.02275100 -0.01841300 -0.04999000
v -0.02275100 -0.01841300 -0.04999000
v -0.01815100 -0.01575700 -0.04999000
v -0.01815100 -0.01575700 -0.04999000
v -0.01815100 -0.01575700 -0.04999000
v -0.01815100 -0.01575700 -0.04999000
v -0.01815100 -0.01575700 -0.04999000
v -0.01691400 -0.01475400 -0.04999600
v -0.01691400 -0.01475400 -0.04999600
v -0.01691400 -0.01475400 -0.04999600
v -0.01691400 -0.01475400 -0.04999600
v -0.03673800 0.00266800 -0.04999600
v -0.03673800 0.00266800 -0.04999600
v -0.03673800 0.00266800 -0.04999600
v -0.03673800 0.00266800 -0.04999600
v -0.02298000 -0.01833300 -0.05008200
v -0.02298000 -0.01833300 -0.05008200
v -0.02298000 -0.01833300 -0.05008200
v -0.02298000 -0.01833300 -0.05008200
v -0.02298000 -0.01833300 -0.05008200
v -0.01810500 -0.01551900 -0.05008200
v -0.01810500 -0.01551900 -0.05008200
v -0.01810500 -0.01551900 -0.05008200
v -0.01810500 -0.01551900 -0.05008200
v -0.01810500 -0.01551900 -0.05008200
v -0.01675700 -0.01408600 -0.05016700
v -0.01675700 -0.01408600 -0.05016700
v -0.01675700 -0.01408600 -0.05016700
v -0.01675700 -0.01408600 -0.05016700
v -0.01675700 -0.01408600 -0.05016700
v -0.01675700 -0.01408600 -0.05016700
v -0.03689500 0.00200100 -0.05016700
v -0.03689500 0.00200100 -0.05016700
v -0.03689500 0.00200100 -0.05016700
v -0.03689500 0.00200100 -0.05016700
v -0.03689500 0.00200100 -0.05016700
v -0.03689500 0.00200100 -0.05016700
v -0.02231600 -0.01845000 -0.05038500
v -0.02231600 -0.01845000 -0.05038500
v -0.02231600 -0.01845000 -0.05038500
v -0.02231600 -0.01845000 -0.05038500
v -0.02231600 -0.01845000 -0.05038500
v -0.02231600 -0.01845000 -0.05038500
v -0.02231600 -0.01845000 -0.05038500
v -0.00495000 -0.03944100 -0.05049200
v -0.00495000 -0.03944100 -0.05049200
v -0.00495000 -0.03944100 -0.05049200
v -0.00495000 -0.03944100 -0.05049200
v -0.00495000 -0.03944100 -0.05049200
v -0.00495000 -0.03944100 -0.05049200
v -0.00481600 -0.03954900 -0.05056800
v -0.00481600 -0.03954900 -0.05056800
v -0.00481600 -0.03954900 -0.05056800
v -0.00481600 -0.03954900 -0.05056800
v -0.00481600 -0.03954900 -0.05056800
v -0.00481600 -0.03954900 -0.05056800
v -0.00515500 -0.03933900 -0.05057900
v -0.00515500 -0.03933900 -0.05057900
v -0.00515500 -0.03933900 -0.05057900
v -0.00515500 -0.03933900 -0.05057900
v -0.00515500 -0.03933900 -0.05057900
v -0.00515500 -0.03933900 -0.05057900
v -0.00882700 -0.04145800 -0.05058000
v -0.00882700 -0.04145800 -0.05058000
v -0.00882700 -0.04145800 -0.05058000
v -0.00882700 -0.04145800 -0.05058000
v -0.00882700 -0.04145800 -0.05058000
v -0.00467000 -0.03959500 -0.05067600
v -0.00467000 -0.03959500 -0.05067600
v -0.00467000 -0.03959500 -0.05067600
v -0.00467000 -0.03959500 -0.05067600
v -0.00467000 -0.03959500 -0.05067600
v -0.00467000 -0.03959500 -0.05067600
v -0.02289800 -0.01820900 -0.05070700
v -0.02289800 -0.01820900 -0.05070700
v -0.02289800 -0.01820900 -0.05070700
v -0.02289800 -0.01820900 -0.05070700
v -0.00860300 -0.04149900 -0.05078100
v -0.00860300 -0.04149900 -0.05078100
v -0.00860300 -0.04149900 -0.05078100
v -0.00860300 -0.04149900 -0.05078100
v -0.00860300 -0.04149900 -0.05078100
v -0.00860300 -0.04149900 -0.05078100
v -0.02417200 -0.01886700 -0.05083200
v -0.02417200 -0.01886700 -0.05083200
v -0.02417200 -0.01886700 -0.05083200
v -0.02417200 -0.01886700 -0.05083200
v -0.02417200 -0.01886700 -0.05083200
v -0.01704700 -0.01475300 -0.05083200
v -0.01704700 -0.01475300 -0.05083200
v -0.01704700 -0.01475300 -0.05083200
v -0.01704700 -0.01475300 -0.05083200
v -0.01704700 -0.01475300 -0.05083200
v -0.00856800 -0.04166600 -0.05086800
v -0.00856800 -0.04166600 -0.05086800
v -0.00856800 -0.04166600 -0.05086800
v -0.00856800 -0.04166600 -0.05086800
v -0.00856800 -0.04166600 -0.05086800
v -0.00856800 -0.04166600 -0.05086800
v -0.00464500 -0.03961900 -0.05091600
v -0.00464500 -0.03961900 -0.05091600
v -0.00464500 -0.03961900 -0.05091600
v -0.00464500 -0.03961900 -0.05091600
v -0.00464500 -0.03961900 -0.05091600
v -0.00883900 -0.04204000 -0.05091600
v -0.00883900 -0.04204000 -0.05091600
v -0.00883900 -0.04204000 -0.05091600
v -0.00883900 -0.04204000 -0.05091600
v -0.00883900 -0.04204000 -0.05091600
v -0.02440100 -0.01878800 -0.05092300
v -0.02440100 -0.01878800 -0.05092300
v -0.02440100 -0.01878800 -0.05092300
v -0.02440100 -0.01878800 -0.05092300
v -0.02440100 -0.01878800 -0.05092300
v -0.01700100 -0.01451600 -0.05092300
v -0.01700100 -0.01451600 -0.05092300
v -0.01700100 -0.01451600 -0.05092300
v -0.01700100 -0.01451600 -0.05092300
v -0.01700100 -0.01451600 -0.05092300
v -0.00859100 -0.04181000 -0.05099300
v -0.00859100 -0.04181000 -0.05099300
v -0.00859100 -0.04181000 -0.05099300
v -0.00859100 -0.04181000 -0.05099300
v -0.00859100 -0.04181000 -0.05099300
v -0.00859100 -0.04181000 -0.05099300
v -0.01902700 -0.01655100 -0.05105500
v -0.01902700 -0.01655100 -0.05105500
v -0.01902700 -0.01655100 -0.05105500
v -0.01902700 -0.01655100 -0.05105500
v -0.01902700 -0.01655100 -0.05105500
v -0.01902700 -0.01655100 -0.05105500
v -0.01902700 -0.01655100 -0.05105500
v -0.00575300 -0.03977700 -0.05115700
v -0.00575300 -0.03977700 -0.05115700
v -0.00575300 -0.03977700 -0.05115700
v -0.00575300 -0.03977700 -0.05115700
v -0.00575300 -0.03977700 -0.05115700
v -0.00575300 -0.03977700 -0.05115700
v -0.00605500 -0.03971900 -0.05122800
v -0.00605500 -0.03971900 -0.05122800
v -0.00605500 -0.03971900 -0.05122800
v -0.00605500 -0.03971900 -0.05122800
v -0.00605500 -0.03971900 -0.05122800
v -0.00804600 -0.04086800 -0.05122800
v -0.00804600 -0.04086800 -0.05122800
v -0.00804600 -0.04086800 -0.05122800
v -0.00804600 -0.04086800 -0.05122800
v -0.00804600 -0.04086800 -0.05122800
v -0.00804600 -0.04086800 -0.05122800
v -0.00563800 -0.03990200 -0.05125700
v -0.00563800 -0.03990200 -0.05125700
v -0.00563800 -0.03990200 -0.05125700
v -0.00563800 -0.03990200 -0.05125700
v -0.00563800 -0.03990200 -0.05125700
v -0.02136000 -0.01760900 -0.05133900
v -0.02136000 -0.01760900 -0.05133900
v -0.02136000 -0.01760900 -0.05133900
v -0.02136000 -0.01760900 -0.05133900
v -0.02136000 -0.01760900 -0.05133900
v -0.01954300 -0.01656000 -0.05133900
v -0.01954300 -0.01656000 -0.05133900
v -0.01954300 -0.01656000 -0.05133900
v -0.01954300 -0.01656000 -0.05133900
v -0.01954300 -0.01656000 -0.05133900
v -0.02356200 -0.01859200 -0.05134900
v -0.02356200 -0.01859200 -0.05134900
v -0.02356200 -0.01859200 -0.05134900
v -0.02356200 -0.01859200 -0.05134900
v -0.03009100 0.00650600 -0.05134900
v -0.03009100 0.00650600 -0.05134900
v -0.03009100 0.00650600 -0.05134900
v -0.03009100 0.00650600 -0.05134900
v -0.00772600 -0.04086900 -0.05136400
v -0.00772600 -0.04086900 -0.05136400
v -0.00772600 -0.04086900 -0.05136400
v -0.00772600 -0.04086900 -0.05136400
v -0.00772600 -0.04086900 -0.05136400
v -0.00772600 -0.04086900 -0.05136400
v -0.00552400 -0.03996600 -0.05140400
v -0.00552400 -0.03996600 -0.05140400
v -0.00552400 -0.03996600 -0.05140400
v -0.00552400 -0.03996600 -0.05140400
v -0.00552400 -0.03996600 -0.05140400
v -0.00552400 -0.03996600 -0.05140400
v -0.02077700 -0.01756200 -0.05141100
v -0.02077700 -0.01756200 -0.05141100
v -0.02077700 -0.01756200 -0.05141100
v -0.02077700 -0.01756200 -0.05141100
v -0.02077700 -0.01756200 -0.05141100
v -0.02077700 -0.01756200 -0.05141100
v -0.00707600 -0.04025000 -0.05145700
v -0.00707600 -0.04025000 -0.05145700
v -0.00707600 -0.04025000 -0.05145700
v -0.00707600 -0.04025000 -0.05145700
v -0.00707600 -0.04025000 -0.05145700
v -0.00707600 -0.04025000 -0.05145700
v -0.00766100 -0.04102600 -0.05147100
v -0.00766100 -0.04102600 -0.05147100
v -0.00766100 -0.04102600 -0.05147100
v -0.00766100 -0.04102600 -0.05147100
v -0.00766100 -0.04102600 -0.05147100
v -0.00766100 -0.04102600 -0.05147100
v -0.00668400 -0.04024200 -0.05147200
v -0.00668400 -0.04024200 -0.05147200
v -0.00668400 -0.04024200 -0.05147200
v -0.00668400 -0.04024200 -0.05147200
v -0.00668400 -0.04024200 -0.05147200
v -0.00668400 -0.04024200 -0.05147200
v -0.01906100 -0.01599300 -0.05148800
v -0.01906100 -0.01599300 -0.05148800
v -0.01906100 -0.01599300 -0.05148800
v -0.01906100 -0.01599300 -0.05148800
v -0.02150500 -0.01748200 -0.05151100
v -0.02150500 -0.01748200 -0.05151100
v -0.02150500 -0.01748200 -0.05151100
v -0.02150500 -0.01748200 -0.05151100
v -0.02150500 -0.01748200 -0.05151100
v -0.01958000 -0.01637000 -0.05151100
v -0.01958000 -0.01637000 -0.05151100
v -0.01958000 -0.01637000 -0.05151100
v -0.01958000 -0.01637000 -0.05151100
v -0.01958000 -0.01637000 -0.05151100
v -0.00659100 -0.04038400 -0.05158300
v -0.00659100 -0.04038400 -0.05158300
v -0.00659100 -0.04038400 -0.05158300
v -0.00659100 -0.04038400 -0.05158300
v -0.00659100 -0.04038400 -0.05158300
v -0.00659100 -0.04038400 -0.05158300
v -0.00764200 -0.04114400 -0.05163200
v -0.00764200 -0.04114400 -0.05163200
v -0.00764200 -0.04114400 -0.05163200
v -0.00764200 -0.04114400 -0.05163200
v -0.00764200 -0.04114400 -0.05163200
v -0.00764200 -0.04114400 -0.05163200
v -0.02414300 -0.01835000 -0.05167100
v -0.02414300 -0.01835000 -0.05167100
v -0.02414300 -0.01835000 -0.05167100
v -0.02414300 -0.01835000 -0.05167100
v -0.02414300 -0.01835000 -0.05167100
v -0.02414300 -0.01835000 -0.05167100
v -0.02950900 0.00626500 -0.05167100
v -0.02950900 0.00626500 -0.05167100
v -0.02950900 0.00626500 -0.05167100
v -0.02950900 0.00626500 -0.05167100
v -0.02950900 0.00626500 -0.05167100
v -0.02950900 0.00626500 -0.05167100
v -0.00565900 -0.04006800 -0.05168300
v -0.00565900 -0.04006800 -0.05168300
v -0.00565900 -0.04006800 -0.05168300
v -0.00565900 -0.04006800 -0.05168300
v -0.00565900 -0.04006800 -0.05168300
v -0.00794300 -0.04138600 -0.05168400
v -0.00794300 -0.04138600 -0.05168400
v -0.00794300 -0.04138600 -0.05168400
v -0.00794300 -0.04138600 -0.05168400
v -0.00794300 -0.04138600 -0.05168400
v -0.00652100 -0.04047200 -0.05175100
v -0.00652100 -0.04047200 -0.05175100
v -0.00652100 -0.04047200 -0.05175100
v -0.00652100 -0.04047200 -0.05175100
v -0.00652100 -0.04047200 -0.05175100
v -0.02110300 -0.01717200 -0.05190400
v -0.02110300 -0.01717200 -0.05190400
v -0.02110300 -0.01717200 -0.05190400
v -0.02110300 -0.01717200 -0.05190400
v -0.00682600 -0.04068300 -0.05195700
v -0.00682600 -0.04068300 -0.05195700
v -0.00682600 -0.04068300 -0.05195700
v -0.00682600 -0.04068300 -0.05195700
v -0.00682600 -0.04068300 -0.05195700
v -0.03568700 0.00319800 -0.05209600
v -0.03568700 0.00319800 -0.05209600
v -0.03568700 0.00319800 -0.05209600
v -0.03568700 0.00319800 -0.05209600
v -0.03568700 0.00319800 -0.05209600
v -0.03568700 0.00319800 -0.05209600
v -0.03039900 0.00625100 -0.05209600
v -0.03039900 0.00625100 -0.05209600
v -0.03039900 0.00625100 -0.05209600
v -0.03039900 0.00625100 -0.05209600
v -0.03039900 0.00625100 -0.05209600
v -0.03039900 0.00625100 -0.05209600
v -0.03569700 0.00298100 -0.05223600
v -0.03569700 0.00298100 -0.05223600
v -0.03569700 0.00298100 -0.05223600
v -0.03569700 0.00298100 -0.05223600
v -0.03569700 0.00298100 -0.05223600
v -0.03020500 0.00615200 -0.05223600
v -0.03020500 0.00615200 -0.05223600
v -0.03020500 0.00615200 -0.05223600
v -0.03020500 0.00615200 -0.05223600
v -0.03020500 0.00615200 -0.05223600
v -0.03020500 0.00615200 -0.05223600
v -0.01862800 -0.01574300 -0.05235400
v -0.01862800 -0.01574300 -0.05235400
v -0.01862800 -0.01574300 -0.05235400
v -0.01862800 -0.01574300 -0.05235400
v -0.03502500 0.00365800 -0.05235400
v -0.03502500 0.00365800 -0.05235400
v -0.03502500 0.00365800 -0.05235400
v -0.03502500 0.00365800 -0.05235400
v -0.01866100 -0.01518500 -0.05278700
v -0.01866100 -0.01518500 -0.05278700
v -0.01866100 -0.01518500 -0.05278700
v -0.01866100 -0.01518500 -0.05278700
v -0.01866100 -0.01518500 -0.05278700
v -0.01866100 -0.01518500 -0.05278700
v -0.03499100 0.00310000 -0.05278700
v -0.03499100 0.00310000 -0.05278700
v -0.03499100 0.00310000 -0.05278700
v -0.03499100 0.00310000 -0.05278700
v -0.03499100 0.00310000 -0.05278700
v -0.03499100 0.00310000 -0.05278700
v -0.02125300 -0.01725900 -0.05288800
v -0.02125300 -0.01725900 -0.05288800
v -0.02125300 -0.01725900 -0.05288800
v -0.02125300 -0.01725900 -0.05288800
v -0.03240000 0.00517300 -0.05288800
v -0.03240000 0.00517300 -0.05288800
v -0.03240000 0.00517300 -0.05288800
v -0.03240000 0.00517300 -0.05288800
v -0.02201700 -0.01762200 -0.05292000
v -0.02201700 -0.01762200 -0.05292000
v -0.02201700 -0.01762200 -0.05292000
v -0.02201700 -0.01762200 -0.05292000
v -0.02201700 -0.01762200 -0.05292000
v -0.01920300 -0.01599800 -0.05292000
v -0.01920300 -0.01599800 -0.05292000
v -0.01920300 -0.01599800 -0.05292000
v -0.01920300 -0.01599800 -0.05292000
v -0.01920300 -0.01599800 -0.05292000
v -0.02216200 -0.01749500 -0.05309200
v -0.02216200 -0.01749500 -0.05309200
v -0.02216200 -0.01749500 -0.05309200
v -0.02216200 -0.01749500 -0.05309200
v -0.02216200 -0.01749500 -0.05309200
v -0.01924000 -0.01580800 -0.05309200
v -0.01924000 -0.01580800 -0.05309200
v -0.01924000 -0.01580800 -0.05309200
v -0.01924000 -0.01580800 -0.05309200
v -0.01924000 -0.01580800 -0.05309200
v -0.03304300 0.00472500 -0.05320700
v -0.03304300 0.00472500 -0.05320700
v -0.03304300 0.00472500 -0.05320700
v -0.03304300 0.00472500 -0.05320700
v -0.03304300 0.00472500 -0.05320700
v -0.03304300 0.00472500 -0.05320700
v -0.02157800 -0.01686900 -0.05338100
v -0.02157800 -0.01686900 -0.05338100
v -0.02157800 -0.01686900 -0.05338100
v -0.02157800 -0.01686900 -0.05338100
v -0.02157800 -0.01686900 -0.05338100
v -0.02157800 -0.01686900 -0.05338100
v -0.03207400 0.00478400 -0.05338100
v -0.03207400 0.00478400 -0.05338100
v -0.03207400 0.00478400 -0.05338100
v -0.03207400 0.00478400 -0.05338100
v -0.03207400 0.00478400 -0.05338100
v -0.03207400 0.00478400 -0.05338100
v -0.03295100 0.00456600 -0.05339000
v -0.03295100 0.00456600 -0.05339000
v -0.03295100 0.00456600 -0.05339000
v -0.03295100 0.00456600 -0.05339000
v -0.03295100 0.00456600 -0.05339000
v -0.03295100 0.00456600 -0.05339000
v 0.00441400 -0.07316100 -0.05795700
v 0.00441400 -0.07316100 -0.05795700
v 0.00441400 -0.07316100 -0.05795700
v 0.00441400 -0.07316100 -0.05795700
v 0.00441400 -0.07316100 -0.05795700
v -0.00534600 -0.07175800 -0.05795700
v -0.00534600 -0.07175800 -0.05795700
v -0.00534600 -0.07175800 -0.05795700
v -0.00534600 -0.07175800 -0.05795700
v -0.00534600 -0.07175800 -0.05795700
v 0.01338400 -0.06906500 -0.05795700
v 0.01338400 -0.06906500 -0.05795700
v 0.01338400 -0.06906500 -0.05795700
v 0.01338400 -0.06906500 -0.05795700
v 0.01338400 -0.06906500 -0.05795700
v -0.01279800 -0.06530000 -0.05795700
v -0.01279800 -0.06530000 -0.05795700
v -0.01279800 -0.06530000 -0.05795700
v -0.01279800 -0.06530000 -0.05795700
v -0.01279800 -0.06530000 -0.05795700
v 0.01871500 -0.06077000 -0.05795700
v 0.01871500 -0.06077000 -0.05795700
v 0.01871500 -0.06077000 -0.05795700
v 0.01871500 -0.06077000 -0.05795700
v 0.01871500 -0.06077000 -0.05795700
v -0.01557600 -0.05583900 -0.05795700
v -0.01557600 -0.05583900 -0.05795700
v -0.01557600 -0.05583900 -0.05795700
v -0.01557600 -0.05583900 -0.05795700
v -0.01557600 -0.05583900 -0.05795700
v 0.01871500 -0.05090900 -0.05795700
v 0.01871500 -0.05090900 -0.05795700
v 0.01871500 -0.05090900 -0.05795700
v 0.01871500 -0.05090900 -0.05795700
v 0.01871500 -0.05090900 -0.05795700
v -0.01279800 -0.04637800 -0.05795700
v -0.01279800 -0.04637800 -0.05795700
v -0.01279800 -0.04637800 -0.05795700
v -0.01279800 -0.04637800 -0.05795700
v -0.01279800 -0.04637800 -0.05795700
v -0.01279800 -0.04637800 -0.05795700
v -0.01279800 -0.04637800 -0.05795700
v 0.01338400 -0.04261400 -0.05795700
v 0.01338400 -0.04261400 -0.05795700
v 0.01338400 -0.04261400 -0.05795700
v 0.01338400 -0.04261400 -0.05795700
v 0.01338400 -0.04261400 -0.05795700
v -0.00534600 -0.03992100 -0.05795700
v -0.00534600 -0.03992100 -0.05795700
v -0.00534600 -0.03992100 -0.05795700
v -0.00534600 -0.03992100 -0.05795700
v -0.00534600 -0.03992100 -0.05795700
v -0.00534600 -0.03992100 -0.05795700
v -0.00534600 -0.03992100 -0.05795700
v -0.00534600 -0.03992100 -0.05795700
v -0.00534600 -0.03992100 -0.05795700
v -0.00534600 -0.03992100 -0.05795700
v -0.00534600 -0.03992100 -0.05795700
v 0.00441400 -0.03851700 -0.05795700
v 0.00441400 -0.03851700 -0.05795700
v 0.00441400 -0.03851700 -0.05795700
v 0.00441400 -0.03851700 -0.05795700
v 0.00441400 -0.03851700 -0.05795700
v 0.00441400 -0.03851700 -0.05795700
v -0.00055700 -0.07309500 -0.05820700
v -0.00055700 -0.07309500 -0.05820700
v -0.00055700 -0.07309500 -0.05820700
v -0.00055700 -0.07309500 -0.05820700
v -0.00055700 -0.07309500 -0.05820700
v 0.00916600 -0.07169700 -0.05820700
v 0.00916600 -0.07169700 -0.05820700
v 0.00916600 -0.07169700 -0.05820700
v 0.00916600 -0.07169700 -0.05820700
v 0.00916600 -0.07169700 -0.05820700
v -0.00949200 -0.06901400 -0.05820700
v -0.00949200 -0.06901400 -0.05820700
v -0.00949200 -0.06901400 -0.05820700
v -0.00949200 -0.06901400 -0.05820700
v -0.00949200 -0.06901400 -0.05820700
v 0.01658900 -0.06526400 -0.05820700
v 0.01658900 -0.06526400 -0.05820700
v 0.01658900 -0.06526400 -0.05820700
v 0.01658900 -0.06526400 -0.05820700
v 0.01658900 -0.06526400 -0.05820700
v -0.01480300 -0.06075100 -0.05820700
v -0.01480300 -0.06075100 -0.05820700
v -0.01480300 -0.06075100 -0.05820700
v -0.01480300 -0.06075100 -0.05820700
v -0.01480300 -0.06075100 -0.05820700
v 0.01935700 -0.05583900 -0.05820700
v 0.01935700 -0.05583900 -0.05820700
v 0.01935700 -0.05583900 -0.05820700
v 0.01935700 -0.05583900 -0.05820700
v 0.01935700 -0.05583900 -0.05820700
v -0.01480300 -0.05092800 -0.05820700
v -0.01480300 -0.05092800 -0.05820700
v -0.01480300 -0.05092800 -0.05820700
v -0.01480300 -0.05092800 -0.05820700
v -0.01480300 -0.05092800 -0.05820700
v 0.01658900 -0.04641400 -0.05820700
v 0.01658900 -0.04641400 -0.05820700
v 0.01658900 -0.04641400 -0.05820700
v 0.01658900 -0.04641400 -0.05820700
v 0.01658900 -0.04641400 -0.05820700
v -0.00949200 -0.04266400 -0.05820700
v -0.00949200 -0.04266400 -0.05820700
v -0.00949200 -0.04266400 -0.05820700
v -0.00949200 -0.04266400 -0.05820700
v -0.00949200 -0.04266400 -0.05820700
v 0.00916600 -0.03998200 -0.05820700
v 0.00916600 -0.03998200 -0.05820700
v 0.00916600 -0.03998200 -0.05820700
v 0.00916600 -0.03998200 -0.05820700
v 0.00916600 -0.03998200 -0.05820700
v -0.00055700 -0.03858400 -0.05820700
v -0.00055700 -0.03858400 -0.05820700
v -0.00055700 -0.03858400 -0.05820700
v -0.00055700 -0.03858400 -0.05820700
v -0.00055700 -0.03858400 -0.05820700
v -0.00053100 -0.07291400 -0.05839000
v -0.00053100 -0.07291400 -0.05839000
v -0.00053100 -0.07291400 -0.05839000
v -0.00053100 -0.07291400 -0.05839000
v -0.00053100 -0.07291400 -0.05839000
v 0.00909000 -0.07153000 -0.05839000
v 0.00909000 -0.07153000 -0.05839000
v 0.00909000 -0.07153000 -0.05839000
v 0.00909000 -0.07153000 -0.05839000
v 0.00909000 -0.07153000 -0.05839000
v -0.00937300 -0.06887600 -0.05839000
v -0.00937300 -0.06887600 -0.05839000
v -0.00937300 -0.06887600 -0.05839000
v -0.00937300 -0.06887600 -0.05839000
v -0.00937300 -0.06887600 -0.05839000
v 0.01643500 -0.06516500 -0.05839000
v 0.01643500 -0.06516500 -0.05839000
v 0.01643500 -0.06516500 -0.05839000
v 0.01643500 -0.06516500 -0.05839000
v 0.01643500 -0.06516500 -0.05839000
v -0.01462800 -0.06069900 -0.05839000
v -0.01462800 -0.06069900 -0.05839000
v -0.01462800 -0.06069900 -0.05839000
v -0.01462800 -0.06069900 -0.05839000
v -0.01462800 -0.06069900 -0.05839000
v 0.01917400 -0.05583900 -0.05839000
v 0.01917400 -0.05583900 -0.05839000
v 0.01917400 -0.05583900 -0.05839000
v 0.01917400 -0.05583900 -0.05839000
v 0.01917400 -0.05583900 -0.05839000
v -0.01462800 -0.05097900 -0.05839000
v -0.01462800 -0.05097900 -0.05839000
v -0.01462800 -0.05097900 -0.05839000
v -0.01462800 -0.05097900 -0.05839000
v -0.01462800 -0.05097900 -0.05839000
v 0.01643500 -0.04651300 -0.05839000
v 0.01643500 -0.04651300 -0.05839000
v 0.01643500 -0.04651300 -0.05839000
v 0.01643500 -0.04651300 -0.05839000
v 0.01643500 -0.04651300 -0.05839000
v -0.00937300 -0.04280300 -0.05839000
v -0.00937300 -0.04280300 -0.05839000
v -0.00937300 -0.04280300 -0.05839000
v -0.00937300 -0.04280300 -0.05839000
v -0.00937300 -0.04280300 -0.05839000
v 0.00909000 -0.04014800 -0.05839000
v 0.00909000 -0.04014800 -0.05839000
v 0.00909000 -0.04014800 -0.05839000
v 0.00909000 -0.04014800 -0.05839000
v 0.00909000 -0.04014800 -0.05839000
v -0.00053100 -0.03876500 -0.05839000
v -0.00053100 -0.03876500 -0.05839000
v -0.00053100 -0.03876500 -0.05839000
v -0.00053100 -0.03876500 -0.05839000
v -0.00053100 -0.03876500 -0.05839000
v 0.00434300 -0.07266600 -0.05845700
v 0.00434300 -0.07266600 -0.05845700
v 0.00434300 -0.07266600 -0.05845700
v 0.00434300 -0.07266600 -0.05845700
v -0.00513800 -0.07130300 -0.05845700
v -0.00513800 -0.07130300 -0.05845700
v -0.00513800 -0.07130300 -0.05845700
v -0.00513800 -0.07130300 -0.05845700
v 0.01305600 -0.06868700 -0.05845700
v 0.01305600 -0.06868700 -0.05845700
v 0.01305600 -0.06868700 -0.05845700
v 0.01305600 -0.06868700 -0.05845700
v -0.01237800 -0.06503000 -0.05845700
v -0.01237800 -0.06503000 -0.05845700
v -0.01237800 -0.06503000 -0.05845700
v -0.01237800 -0.06503000 -0.05845700
v 0.01823500 -0.06062900 -0.05845700
v 0.01823500 -0.06062900 -0.05845700
v 0.01823500 -0.06062900 -0.05845700
v 0.01823500 -0.06062900 -0.05845700
v -0.01507600 -0.05583900 -0.05845700
v -0.01507600 -0.05583900 -0.05845700
v -0.01507600 -0.05583900 -0.05845700
v -0.01507600 -0.05583900 -0.05845700
v 0.01823500 -0.05105000 -0.05845700
v 0.01823500 -0.05105000 -0.05845700
v 0.01823500 -0.05105000 -0.05845700
v 0.01823500 -0.05105000 -0.05845700
v -0.01237800 -0.04664800 -0.05845700
v -0.01237800 -0.04664800 -0.05845700
v -0.01237800 -0.04664800 -0.05845700
v -0.01237800 -0.04664800 -0.05845700
v 0.01305600 -0.04299200 -0.05845700
v 0.01305600 -0.04299200 -0.05845700
v 0.01305600 -0.04299200 -0.05845700
v 0.01305600 -0.04299200 -0.05845700
v -0.00513800 -0.04037600 -0.05845700
v -0.00513800 -0.04037600 -0.05845700
v -0.00513800 -0.04037600 -0.05845700
v -0.00513800 -0.04037600 -0.05845700
v 0.00434300 -0.03901200 -0.05845700
v 0.00434300 -0.03901200 -0.05845700
v 0.00434300 -0.03901200 -0.05845700
v 0.00434300 -0.03901200 -0.05845700
f 1741 1561 1555
f 1551 1562 1192
f 1552 1191 871
f 866 1194 921
f 869 917 734
f 732 643 867
f 868 646 504
f 501 642 540
f 506 534 542
f 647 741 536
f 535 736 1045
f 1044 735 923
f 1042 922 1188
f 1189 1355 1048
f 1043 1354 1617
f 1618 1356 1737
f 1620 1736 1979
f 1619 1978 2187
f 2186 1980 2162
f 2188 2166 2280
f 2169 2061 2281
f 2287 2059 2425
f 2284 2424 2461
f 2460 2426 2306
f 2457 2305 2193
f 2192 2304 1761
f 2190 1762 1626
f 1629 1760 1184
f 1624 1183 1053
f 1050 1182 622
f 1054 623 544
f 545 619 503
f 2167 1983 2060
f 2058 1982 1742
f 2057 1745 1556
f 2463 2182 2285
f 587 1411 1443
f 1438 1414 2325
f 1444 2319 2438
f 2434 2323 2566
f 2567 2320 2617
f 2568 2619 2658
f 2659 2618 2542
f 2661 2540 2562
f 2561 2538 2428
f 2429 2539 1828
f 2433 1832 1424
f 1425 1827 1082
f 1426 1083 481
f 482 1087 373
f 480 374 344
f 347 370 254
f 256 371 291
f 255 296 350
f 351 292 589
f 349 591 483
f 487 586 1436
f 2010 1955 1369
f 1368 1954 975
f 1371 973 882
f 883 972 377
f 379 971 279
f 378 277 217
f 214 278 196
f 197 275 191
f 195 189 219
f 218 190 400
f 220 402 381
f 384 401 886
f 887 399 1363
f 890 1366 1374
f 1375 1367 2011
f 2012 1365 2511
f 2014 2513 2535
f 2537 2514 2700
f 2697 2512 2724
f 2698 2721 2719
f 2715 2723 2637
f 2718 2635 2692
f 2695 2634 2528
f 2529 2638 1958
f 2532 1957 2006
f 910 1399 1396
f 1396 1399 1992
f 1396 1992 2366
f 2366 1992 2527
f 2366 2527 2672
f 2366 2672 2677
f 2677 2672 2709
f 2677 2709 2557
f 2557 2709 2668
f 2557 2668 2523
f 2557 2523 1858
f 1858 2523 1989
f 1858 1989 1390
f 1858 1390 1058
f 1058 1390 906
f 1058 906 386
f 1058 386 358
f 358 386 239
f 358 239 206
f 358 206 236
f 236 206 245
f 236 245 549
f 549 245 392
f 549 392 910
f 549 910 1396
f 1364 398 2515
f 2515 398 192
f 2515 192 2722
f 2722 192 276
f 2722 276 2636
f 2636 276 974
f 2636 974 1956
f 171 2769 157
f 157 2769 2753
f 158 2752 1427
f 1418 2755 2743
f 1428 2742 2497
f 2494 2741 2593
f 2591 2738 2730
f 2592 2728 2689
f 2690 2725 2734
f 2688 2735 2595
f 2596 2737 2503
f 2502 2736 2748
f 2501 2750 1446
f 1439 2745 2763
f 1445 2761 160
f 161 2760 1450
f 162 1451 1097
f 181 788 168
f 170 787 1092
f 169 1096 1350
f 175 530 186
f 187 531 395
f 184 397 526
f 162 1097 179
f 177 1098 796
f 176 795 528
f 164 152 1442
f 1432 151 408
f 413 149 134
f 411 139 325
f 324 135 226
f 227 133 129
f 228 128 318
f 320 132 144
f 317 142 403
f 406 141 1416
f 1418 140 156
f 1449 2762 1822
f 1822 2762 2776
f 1819 2773 2140
f 2139 2774 2389
f 2392 2778 2783
f 2391 2781 2519
f 2518 2780 2385
f 2387 2779 2136
f 2135 2782 2771
f 2137 2768 1804
f 1805 2770 1350
f 1346 2766 166
f 525 783 188
f 2889 2908 2911
f 2911 2908 2926
f 2911 2926 2920
f 2920 2926 2937
f 2920 2937 2929
f 2929 2937 2923
f 2923 2937 2935
f 2923 2935 2914
f 2914 2935 2915
f 2914 2915 2899
f 2914 2899 2904
f 2904 2899 2882
f 2904 2882 2894
f 2894 2882 2880
f 2894 2880 2886
f 2886 2880 2897
f 2897 2880 2889
f 2897 2889 2911
f 17 12 26
f 26 12 3
f 26 3 36
f 36 3 5
f 36 5 29
f 29 5 14
f 29 14 24
f 2964 2896 2977
f 2977 2896 2909
f 2976 2910 2986
f 2986 2910 2921
f 2988 2919 2997
f 2997 2919 2930
f 2998 2931 2995
f 2995 2931 2922
f 2993 2924 2980
f 2980 2924 2913
f 2981 2912 2971
f 2971 2912 2902
f 2970 2903 2956
f 2956 2903 2892
f 2957 2893 2953
f 2953 2893 2887
f 2952 2885 2962
f 2962 2885 2895
f 2978 2987 2963
f 2963 2987 2954
f 2954 2987 2996
f 2954 2996 2955
f 2955 2996 2994
f 2955 2994 2969
f 2969 2994 2979
f 1117 1463 1472
f 1471 1465 1788
f 1470 1785 2045
f 2046 1784 2120
f 2048 2119 2348
f 2043 2350 2413
f 2412 2349 2454
f 2414 2453 2289
f 2292 2451 2344
f 2288 2342 2109
f 2293 2108 1751
f 1750 2106 1777
f 1749 1773 1340
f 1746 1342 1170
f 1168 1341 1108
f 1166 1107 805
f 1167 803 608
f 605 802 554
f 610 553 443
f 609 445 491
f 492 444 560
f 488 556 856
f 851 557 806
f 853 810 1113
f 852 1112 1475
f 2400 2149 2147
f 2147 2149 1610
f 1610 2149 1613
f 1610 1613 1076
f 1076 1613 1080
f 1076 1080 573
f 573 1080 576
f 865 1480 1554
f 1553 1482 2053
f 1553 2053 2063
f 2062 2055 2421
f 2062 2421 2423
f 2427 2420 2299
f 2427 2299 2302
f 2303 2298 1758
f 2303 1758 1763
f 1764 1756 1177
f 1764 1177 1180
f 1181 1178 615
f 1181 615 621
f 620 617 500
f 620 500 505
f 502 499 863
f 502 863 870
f 865 861 1480
f 2044 1479 1474
f 1473 1476 860
f 1473 860 854
f 855 859 493
f 855 493 490
f 489 495 612
f 489 612 606
f 607 611 1173
f 607 1173 1169
f 1171 1172 1753
f 1171 1753 1748
f 1747 1754 2295
f 1747 2295 2290
f 2291 2294 2415
f 2291 2415 2410
f 2411 2416 2052
f 2411 2052 2047
f 2044 2050 1479
f 2054 1481 2051
f 2051 1481 1477
f 857 1478 864
f 864 1478 1483
f 2049 2418 2056
f 2056 2418 2422
f 2417 2297 2419
f 2419 2297 2300
f 2296 1752 2301
f 2301 1752 1759
f 1755 1175 1757
f 1757 1175 1179
f 1174 614 1176
f 1176 614 618
f 858 862 498
f 613 494 616
f 616 494 497
f 496 858 498
f 1206 1535 1520
f 1519 1536 1724
f 1521 1725 1902
f 1900 1729 1971
f 1904 1973 2246
f 2245 1969 2153
f 2244 2156 2278
f 2240 2275 2101
f 2102 2279 2159
f 2100 2160 1963
f 2103 1967 1689
f 1690 1966 1722
f 1687 1723 1358
f 1686 1362 1225
f 1227 1359 1196
f 1226 1199 813
f 811 1200 953
f 812 954 766
f 814 765 686
f 685 764 671
f 687 670 763
f 688 761 1029
f 1030 762 946
f 1025 947 1205
f 1028 1202 1522
f 1063 1484 1491
f 1491 1484 1843
f 1491 1843 1824
f 1824 1843 2175
f 1824 2175 2042
f 2042 2175 1959
f 1959 2175 2076
f 1959 2076 1650
f 1650 2076 1655
f 1650 1655 1242
f 1650 1242 1278
f 1278 1242 850
f 1278 850 970
f 970 850 728
f 970 728 872
f 872 728 1091
f 1091 728 1063
f 1091 1063 1491
f 1765 1530 1524
f 1525 1529 1131
f 1525 1131 1125
f 1128 1130 902
f 1128 902 900
f 896 901 1023
f 896 1023 1019
f 1018 1022 1298
f 1018 1298 1294
f 1293 1297 1636
f 1293 1636 1632
f 1630 1635 1912
f 1630 1912 1909
f 1910 1913 2000
f 1910 2000 1997
f 1996 1999 1771
f 1996 1771 1766
f 1765 1770 1530
f 1528 1772 1129
f 1129 1772 903
f 903 1772 1998
f 903 1998 1021
f 1021 1998 1911
f 1021 1911 1299
f 1299 1911 1637
f 1549 1558 1591
f 1589 1557 1743
f 1587 1740 1813
f 1814 1744 1984
f 1812 1985 2035
f 2033 1981 2170
f 2038 2171 2210
f 2208 2168 2282
f 2207 2286 2272
f 2269 2283 2163
f 2273 2165 2128
f 2130 2164 1975
f 2129 1977 1934
f 1935 1976 1735
f 1936 1738 1677
f 1678 1739 1351
f 1674 1352 1323
f 1324 1353 1187
f 1326 1185 1149
f 1148 1186 926
f 1152 924 915
f 914 925 739
f 916 738 746
f 745 740 648
f 742 649 748
f 751 652 659
f 750 657 663
f 664 658 794
f 667 789 760
f 759 793 948
f 949 790 993
f 945 990 1204
f 1203 989 1252
f 1207 1251 1531
f 1534 1253 1540
f 1539 1250 1255
f 1538 1256 1542
f 1545 1259 1548
f 1550 1258 1246
f 1547 1245 1560
f 1559 1248 1190
f 1193 1247 976
f 1195 978 920
f 919 977 771
f 918 775 731
f 730 776 653
f 733 650 645
f 644 651 737
f 758 669 662
f 666 668 769
f 665 770 753
f 755 767 934
f 754 935 931
f 932 938 1161
f 927 1160 912
f 911 1162 1151
f 768 951 933
f 936 950 1156
f 937 1155 1165
f 1163 1154 1339
f 1164 1338 1150
f 1153 1337 1327
f 952 1201 1159
f 1157 1198 1328
f 1158 1329 1336
f 1335 1332 1661
f 1334 1665 1325
f 1322 1666 1675
f 1197 1361 1331
f 1333 1360 1668
f 1330 1667 1663
f 1664 1672 1919
f 1662 1923 1676
f 1673 1922 1931
f 1357 1720 1670
f 1671 1721 1925
f 1669 1928 1924
f 1920 1929 2125
f 1921 2126 1933
f 1932 2123 2127
f 1719 1968 1930
f 1926 1964 2110
f 1927 2112 2122
f 2121 2115 2262
f 2124 2263 2131
f 2132 2267 2270
f 1965 2161 2113
f 2114 2158 2261
f 2111 2259 2266
f 2264 2256 2197
f 2265 2199 2271
f 2268 2198 2211
f 2157 2277 2258
f 2260 2276 2181
f 2257 2176 2200
f 2196 2180 2031
f 2195 2028 2209
f 2206 2032 2036
f 2274 2155 2178
f 2179 2152 2022
f 2177 2026 2030
f 2029 2025 1794
f 2027 1792 2034
f 2037 1791 1815
f 2154 1972 2024
f 2023 1970 1800
f 2021 1796 1793
f 1790 1799 1577
f 1789 1581 1816
f 1817 1579 1588
f 1974 1726 1797
f 1798 1727 1586
f 1795 1584 1580
f 1576 1582 1537
f 1576 1537 1544
f 1728 1533 1585
f 1583 1532 1541
f 1543 1546 1578
f 1578 1546 1590
f 979 1243 987
f 986 1244 1260
f 985 1257 1254
f 660 654 773
f 774 981 779
f 782 980 982
f 777 983 991
f 988 984 1249
f 928 913 744
f 929 743 747
f 792 655 780
f 778 656 772
f 791 781 992
f 757 930 749
f 756 752 661
f 1901 1681 1517
f 1516 1680 1229
f 1518 1232 1026
f 1027 1228 821
f 1024 818 684
f 682 823 692
f 683 691 817
f 815 693 1033
f 816 1031 1222
f 1224 1034 1513
f 1223 1512 1691
f 1685 1510 1894
f 1688 1898 2098
f 2097 1896 2230
f 2099 2229 2243
f 2242 2233 2092
f 2241 2093 1903
f 1905 2096 1679
f 1062 1238 1486
f 1487 1237 1660
f 1485 1659 1845
f 1844 1658 2088
f 1846 2087 2174
f 2172 2089 2202
f 2173 2205 2077
f 2078 2201 1878
f 2079 1879 1652
f 1653 1877 1501
f 1654 1499 1241
f 1239 1498 1038
f 1240 1039 847
f 849 1040 701
f 848 702 726
f 727 700 828
f 729 825 1060
f 1061 827 1234
f 1514 1502 1897
f 1899 1500 1881
f 1895 1880 2231
f 2231 1880 2203
f 2232 2204 2095
f 2095 2204 2090
f 2094 2091 1683
f 1684 2086 1657
f 1682 1656 1231
f 1231 1656 1233
f 1230 1235 819
f 822 1236 826
f 820 824 690
f 690 824 698
f 689 699 1032
f 1032 699 1037
f 1035 1041 1515
f 1511 1036 1503
f 2590 2584 2498
f 2495 2583 2252
f 2496 2253 1420
f 2582 2588 2680
f 2682 2589 2686
f 2681 2687 2646
f 2650 2685 2594
f 2647 2598 2488
f 2491 2597 2499
f 2493 2500 1702
f 1701 2504 1431
f 2569 2447 2437
f 2435 2449 1695
f 2436 1694 1434
f 2448 2565 2614
f 2612 2564 2656
f 2613 2660 2639
f 2640 2657 2559
f 2642 2560 2570
f 2572 2563 2431
f 2575 2432 2224
f 2225 2430 1419
f 1704 1440 1697
f 1700 1441 1693
f 2226 1417 2251
f 2250 1429 2255
f 2490 1705 2475
f 2471 1703 1699
f 2474 1698 2445
f 2450 1696 1692
f 2648 2489 2628
f 2630 2492 2472
f 2632 2473 2611
f 2616 2470 2446
f 2679 2645 2665
f 2666 2649 2633
f 2664 2631 2641
f 2643 2629 2615
f 2248 2254 2586
f 2585 2684 2577
f 2579 2683 2662
f 2581 2667 2571
f 2573 2663 2644
f 2580 2574 2227
f 2578 2228 2249
f 2576 2247 2587
f 323 424 410
f 409 422 1210
f 412 1208 1437
f 423 321 265
f 264 322 223
f 266 224 229
f 232 225 316
f 230 319 328
f 329 315 404
f 330 405 674
f 675 407 1430
f 346 340 478
f 477 341 697
f 479 696 1423
f 342 345 270
f 274 348 257
f 271 252 302
f 301 253 352
f 299 354 449
f 452 353 484
f 448 486 1219
f 1220 485 1447
f 672 1421 680
f 677 1422 695
f 1221 1433 1212
f 1213 1435 1209
f 331 676 337
f 336 673 681
f 332 679 343
f 338 678 694
f 231 327 249
f 248 326 334
f 251 333 273
f 269 335 339
f 263 233 285
f 284 234 247
f 280 246 298
f 297 250 272
f 1214 1211 421
f 420 267 436
f 441 268 281
f 440 282 451
f 453 283 300
f 439 450 1218
f 437 1217 1216
f 438 1215 419
f 28 63 19
f 18 66 52
f 20 56 10
f 9 55 46
f 11 43 2
f 4 44 41
f 1 40 6
f 8 37 50
f 7 48 15
f 16 49 57
f 13 59 21
f 22 60 69
f 23 70 31
f 30 71 77
f 32 80 34
f 35 81 75
f 33 74 25
f 27 72 64
f 145 98 155
f 153 97 108
f 154 107 173
f 172 111 119
f 167 118 185
f 182 121 122
f 183 124 180
f 174 123 115
f 178 114 165
f 159 116 102
f 163 103 150
f 147 104 92
f 148 96 137
f 136 93 85
f 138 83 131
f 127 84 90
f 130 91 146
f 143 88 101
f 58 105 67
f 67 105 113
f 68 112 79
f 79 112 126
f 78 125 73
f 73 125 117
f 76 120 62
f 62 120 109
f 65 110 53
f 53 110 99
f 54 100 42
f 42 100 87
f 45 89 38
f 38 89 86
f 39 82 47
f 47 82 95
f 51 94 61
f 61 94 106
f 2767 2812 2754
f 2751 2816 2806
f 2756 2804 2740
f 2739 2803 2793
f 2744 2792 2727
f 2726 2796 2789
f 2729 2788 2731
f 2733 2787 2798
f 2732 2800 2749
f 2747 2797 2811
f 2746 2810 2758
f 2757 2809 2817
f 2759 2818 2772
f 2775 2821 2830
f 2777 2827 2784
f 2785 2829 2824
f 2786 2822 2765
f 2764 2826 2815
f 2891 2849 2905
f 2907 2850 2859
f 2906 2860 2928
f 2925 2858 2868
f 2927 2867 2939
f 2936 2871 2876
f 2938 2874 2933
f 2934 2875 2866
f 2932 2865 2916
f 2918 2863 2853
f 2917 2855 2898
f 2901 2854 2845
f 2900 2846 2881
f 2883 2844 2834
f 2884 2832 2879
f 2877 2836 2839
f 2878 2840 2890
f 2888 2838 2847
f 2808 2856 2820
f 2820 2856 2862
f 2819 2864 2828
f 2828 2864 2873
f 2831 2872 2823
f 2823 2872 2870
f 2825 2869 2813
f 2813 2869 2861
f 2814 2857 2802
f 2802 2857 2848
f 2805 2851 2794
f 2794 2851 2841
f 2795 2837 2790
f 2790 2837 2835
f 2791 2833 2801
f 2801 2833 2843
f 2799 2842 2807
f 2807 2842 2852
f 1820 1731 1454
f 1448 1734 1573
f 1448 1573 1459
f 1462 1572 1568
f 1455 1569 1564
f 1565 1571 1715
f 1567 1712 1711
f 1707 1717 2072
f 1710 2073 2066
f 2065 2070 2314
f 2068 2318 2310
f 2308 2317 2486
f 2307 2483 2468
f 2464 2487 2394
f 2466 2398 2380
f 2382 2397 2222
f 2381 2221 2215
f 2213 2218 1882
f 2217 1887 1872
f 1871 1883 1598
f 1876 1597 1596
f 1595 1599 1267
f 1595 1267 1275
f 1277 1268 959
f 1272 955 962
f 965 960 635
f 961 634 641
f 640 632 516
f 639 515 519
f 518 517 434
f 518 434 459
f 457 435 594
f 454 597 600
f 599 593 836
f 602 835 843
f 846 837 1139
f 845 1141 1143
f 1146 1142 1458
f 1147 1460 1466
f 1730 1818 2080
f 2081 1821 2141
f 2083 2143 2334
f 2335 2142 2388
f 2336 2393 2506
f 2508 2390 2517
f 2507 2520 2406
f 2409 2516 2386
f 2404 2384 2237
f 2238 2383 2138
f 2236 2133 1888
f 1892 2134 1802
f 1891 1803 1606
f 1608 1801 1349
f 1605 1347 1261
f 1263 1348 1094
f 1262 1095 943
f 942 1093 785
f 944 784 624
f 625 786 523
f 626 524 474
f 472 527 394
f 473 396 417
f 418 393 533
f 415 532 582
f 580 529 798
f 583 797 829
f 831 799 1101
f 834 1100 1133
f 1135 1099 1453
f 1134 1452 1461
f 1464 1115 1145
f 1144 1114 841
f 1116 809 844
f 842 807 601
f 808 559 603
f 604 558 458
f 561 447 456
f 455 442 520
f 446 555 522
f 521 551 638
f 552 804 637
f 636 800 963
f 801 1109 966
f 964 1111 1273
f 1110 1343 1276
f 1274 1344 1593
f 1345 1775 1594
f 1592 1774 1873
f 1776 2104 1875
f 1874 2105 2214
f 2107 2343 2216
f 2212 2346 2377
f 2345 2452 2378
f 2379 2456 2469
f 2455 2351 2467
f 2465 2352 2309
f 2347 2117 2311
f 2312 2116 2069
f 2118 1786 2064
f 2067 1783 1708
f 1787 1469 1706
f 1709 1468 1563
f 1467 1457 1566
f 1570 1574 1716
f 1714 1575 1732
f 1718 1733 2082
f 2074 1713 2084
f 1456 1138 1136
f 1132 1140 838
f 1137 840 832
f 833 839 595
f 830 596 585
f 581 598 431
f 584 433 416
f 414 432 514
f 414 514 476
f 471 513 631
f 475 633 628
f 627 630 958
f 629 957 940
f 941 956 1271
f 939 1269 1266
f 1264 1270 1601
f 1265 1602 1607
f 1603 1600 1886
f 1604 1885 1893
f 1889 1884 2220
f 1890 2223 2234
f 2235 2219 2396
f 2239 2395 2408
f 2407 2399 2485
f 2405 2484 2505
f 2509 2482 2316
f 2510 2315 2332
f 2331 2313 2075
f 2333 2071 2085
f 2365 1838 1394
f 1393 1840 1065
f 1395 1066 548
f 547 1067 359
f 550 362 237
f 238 363 261
f 235 262 356
f 357 259 562
f 355 563 1056
f 1059 564 1403
f 1057 1401 1857
f 1859 1402 2337
f 1860 2338 2555
f 2556 2339 2655
f 2558 2653 2676
f 2675 2654 2550
f 2678 2551 2364
f 2363 2554 1841
f 592 1070 1412
f 1415 1069 1835
f 1413 1837 2324
f 2322 1836 2548
f 2321 2549 2620
f 2622 2546 2623
f 2621 2625 2544
f 2543 2626 2328
f 2541 2330 1831
f 1829 2327 1410
f 1830 1408 1084
f 1085 1406 571
f 1086 567 375
f 369 570 290
f 372 289 294
f 295 288 368
f 293 365 590
f 588 366 1072
f 1404 1407 2340
f 2340 1407 2329
f 2341 2326 2651
f 2651 2326 2624
f 2652 2627 2552
f 2552 2627 2547
f 2553 2545 1839
f 1839 2545 1833
f 1842 1834 1068
f 1068 1834 1071
f 1064 1073 360
f 360 1073 367
f 361 364 258
f 258 364 287
f 260 286 565
f 565 286 568
f 566 569 1405
f 1405 569 1409
f 2007 1372 1379
f 1378 1370 885
f 1380 884 428
f 427 881 380
f 429 376 216
f 430 215 202
f 201 213 198
f 200 193 305
f 304 194 222
f 306 221 383
f 308 382 1002
f 1000 385 888
f 1003 889 1376
f 1001 1373 1944
f 1947 1377 2015
f 1948 2013 2534
f 1945 2536 2605
f 2610 2533 2696
f 2608 2699 2717
f 2609 2720 2714
f 2713 2716 2691
f 2710 2693 2478
f 2479 2694 2531
f 2477 2530 2009
f 2481 2008 1382
f 908 1006 1397
f 1400 1007 1937
f 1398 1938 1990
f 1991 1939 2526
f 2524 1942 2604
f 2525 2599 2674
f 2673 2603 2708
f 2706 2601 2704
f 2707 2702 2670
f 2669 2703 2444
f 2671 2439 2521
f 2522 2443 1986
f 1987 2442 1386
f 1988 1384 1391
f 1392 1387 904
f 907 1385 464
f 905 465 387
f 388 460 242
f 240 462 208
f 241 211 205
f 207 210 313
f 204 312 243
f 244 314 391
f 389 311 1009
f 390 1010 909
f 1383 1388 2476
f 2476 1388 2441
f 2480 2440 2712
f 2712 2440 2701
f 2711 2705 2606
f 2606 2705 2602
f 2607 2600 1943
f 1943 2600 1941
f 1946 1940 999
f 999 1940 1005
f 1004 1008 307
f 307 1008 309
f 303 310 199
f 199 310 212
f 203 209 425
f 425 209 463
f 426 461 1381
f 1381 461 1389
f 1825 1644 1489
f 1488 1643 1286
f 1490 1282 1089
f 1088 1284 996
f 1090 995 875
f 874 997 877
f 873 878 969
f 968 880 1102
f 967 1104 1281
f 1279 1103 1496
f 1280 1497 1649
f 1648 1494 1806
f 1651 1811 1962
f 1961 1807 2016
f 1960 2017 2041
f 2040 2018 1953
f 2039 1950 1826
f 1823 1951 1645
f 1124 1289 1523
f 1526 1290 1638
f 1527 1642 1768
f 1767 1641 1915
f 1769 1916 1994
f 1995 1914 2002
f 1993 2005 1906
f 1907 2001 1782
f 1908 1781 1634
f 1633 1779 1504
f 1631 1509 1296
f 1295 1506 1120
f 1292 1119 1020
f 1016 1123 894
f 1017 895 897
f 898 893 1013
f 899 1015 1126
f 1127 1014 1291
f 1492 1508 1808
f 1809 1505 1780
f 1810 1778 2019
f 2019 1778 2004
f 2020 2003 1949
f 1949 2003 1918
f 1952 1917 1646
f 1646 1917 1639
f 1647 1640 1283
f 1283 1640 1288
f 1285 1287 994
f 994 1287 1012
f 998 1011 876
f 876 1011 892
f 879 891 1105
f 1105 891 1121
f 1106 1118 1493
f 1495 1122 1507
f 2194 2374 2458
f 2462 2376 2370
f 2459 2371 2183
f 2184 2368 1863
f 2185 1865 1623
f 1621 1864 1302
f 1622 1301 1047
f 1046 1303 708
f 1049 703 537
f 538 704 467
f 539 470 543
f 546 466 714
f 541 712 1055
f 1051 709 1307
f 1052 1305 1628
f 1625 1308 1870
f 1627 1868 2189
f 2191 1867 2375
f 2144 2356 2403
f 2401 2355 2361
f 2402 2359 2148
f 2150 2360 1855
f 2151 1856 1614
f 1615 1853 1321
f 1616 1320 1078
f 1081 1317 724
f 1079 722 579
f 577 723 509
f 578 512 575
f 572 508 716
f 574 717 1075
f 1077 718 1315
f 1074 1316 1609
f 1612 1311 1849
f 1611 1851 2146
f 2145 1848 2353
f 468 510 713
f 711 511 721
f 710 725 1309
f 1310 720 1319
f 1306 1318 1866
f 1866 1318 1854
f 1869 1852 2372
f 2372 1852 2358
f 2373 2362 2367
f 2367 2362 2357
f 2369 2354 1862
f 1862 2354 1850
f 1861 1847 1300
f 1300 1847 1312
f 1304 1313 707
f 706 1314 719
f 705 715 469
f 469 715 507
f 3158 4242 3149
f 3149 4242 4230
f 3150 4228 3140
f 3140 4228 4219
f 3136 4218 3128
f 3128 4218 4207
f 3130 4206 3125
f 3125 4206 4205
f 3124 4201 3131
f 3131 4201 4213
f 3133 4215 3143
f 3143 4215 4221
f 3144 4222 3152
f 3152 4222 4234
f 3155 4231 3164
f 3164 4231 4245
f 3163 4247 3182
f 3182 4247 4262
f 3184 4263 3666
f 3665 4259 3812
f 3812 4259 4257
f 3816 4249 3939
f 3938 4250 4083
f 4085 4252 4103
f 4104 4248 4089
f 4090 4256 3943
f 3940 4251 3808
f 3807 4253 4237
f 3806 4240 3670
f 3675 4236 3156
f 3673 3159 3554
f 3557 3161 3169
f 3553 3174 3446
f 3447 3176 3297
f 3296 3170 3278
f 3276 3172 3303
f 3302 3175 3452
f 3451 3173 3560
f 3559 3171 3181
f 3559 3181 3664
f 4396 4403 4389
f 4389 4403 4414
f 4389 4414 4382
f 4382 4414 4418
f 4382 4418 4377
f 4377 4418 4407
f 4377 4407 4383
f 4383 4407 4402
f 4383 4402 4394
f 2973 2959 2989
f 2989 2959 3005
f 3005 2959 2944
f 3005 2944 3010
f 3010 2944 2941
f 3010 2941 3001
f 3001 2941 2949
f 3001 2949 2984
f 2984 2949 2968
f 3875 3789 3702
f 3701 3792 3685
f 3706 3689 3574
f 4020 3980 3874
f 3873 3983 3898
f 3877 3899 3790
f 3981 4024 4031
f 4030 4025 3965
f 4029 3966 3974
f 3977 3962 3895
f 3894 3967 3770
f 3896 3773 3795
f 3796 3772 3660
f 3657 3774 3600
f 3658 3601 3581
f 3582 3599 3493
f 3491 3597 3415
f 3492 3418 3391
f 3390 3414 3349
f 3351 3413 3357
f 3352 3358 3387
f 3384 3359 3509
f 3385 3515 3489
f 3490 3511 3575
f 3576 3512 3707
f 3719 4007 3377
f 3377 4007 3233
f 3233 4007 4154
f 3233 4154 3254
f 3254 4154 4135
f 3254 4135 3552
f 3552 4135 3849
f 3312 3542 3695
f 3697 3544 3872
f 3696 3870 4072
f 4071 3871 4144
f 4074 4143 4188
f 4186 4145 4189
f 4187 4193 4140
f 4139 4190 4078
f 4142 4080 3864
f 3862 4077 3712
f 3863 3713 3533
f 3534 3714 3318
f 3537 3319 3236
f 3241 3317 3198
f 3239 3196 3193
f 3195 3201 3244
f 3190 3245 3314
f 3313 3242 3539
f 3373 3694 3709
f 3709 3694 4003
f 3709 4003 3909
f 3909 4003 4150
f 3909 4150 4100
f 4100 4150 4045
f 4045 4150 4131
f 4045 4131 3800
f 3800 4131 3846
f 3800 3846 3548
f 3800 3548 3565
f 3565 3548 3250
f 3565 3250 3338
f 3338 3250 3230
f 3338 3230 3284
f 3284 3230 3479
f 3479 3230 3373
f 3479 3373 3709
f 3910 3851 3711
f 3708 3854 3641
f 3710 3637 3477
f 3480 3638 3427
f 3478 3430 3282
f 3283 3428 3291
f 3281 3290 3339
f 3341 3293 3434
f 3340 3432 3564
f 3566 3433 3645
f 3567 3642 3798
f 3801 3646 3860
f 3799 3859 4044
f 4046 3858 4057
f 4047 4054 4098
f 4099 4055 4052
f 4097 4051 3912
f 3911 4050 3852
f 3510 3649 3705
f 3703 3648 3834
f 3704 3835 3876
f 3879 3836 3992
f 3878 3994 4023
f 4021 3990 3997
f 4022 3999 3963
f 3961 3996 3842
f 3964 3840 3775
f 3769 3841 3655
f 3771 3653 3596
f 3595 3656 3476
f 3598 3472 3416
f 3417 3473 3328
f 3419 3329 3354
f 3355 3330 3470
f 3356 3471 3513
f 3514 3468 3647
f 3294 3331 3431
f 3431 3331 3474
f 3435 3475 3643
f 3643 3475 3654
f 3644 3652 3857
f 3857 3652 3839
f 3856 3838 4056
f 4056 3838 3998
f 4053 3995 4048
f 4048 3995 3991
f 4049 3993 3853
f 3853 3993 3837
f 3855 3833 3639
f 3639 3833 3650
f 3640 3651 3429
f 3429 3651 3467
f 3426 3469 3292
f 3292 3469 3332
f 4075 3949 3700
f 3699 3947 3604
f 3698 3602 3316
f 3311 3605 3259
f 3315 3260 3194
f 3191 3257 3189
f 3192 3186 3237
f 3238 3188 3263
f 3240 3265 3536
f 3538 3264 3610
f 3535 3609 3861
f 3866 3608 3950
f 3865 3952 4137
f 4138 3954 4173
f 4141 4172 4183
f 4185 4176 4167
f 4184 4168 4070
f 4073 4169 3946
f 3372 3615 3691
f 3693 3612 3919
f 3692 3923 4001
f 4000 3922 4160
f 4002 4161 4152
f 4149 4157 4165
f 4151 4163 4130
f 4129 4162 3927
f 4132 3925 3843
f 3844 3928 3619
f 3845 3620 3545
f 3546 3618 3271
f 3547 3275 3251
f 3249 3273 3202
f 3248 3205 3231
f 3229 3206 3268
f 3228 3267 3374
f 3371 3270 3616
f 3187 3204 3261
f 3261 3204 3274
f 3262 3272 3607
f 3607 3272 3621
f 3611 3617 3951
f 3951 3617 3926
f 3953 3924 4174
f 4174 3924 4166
f 4175 4164 4170
f 4170 4164 4159
f 4171 4158 3945
f 3945 4158 3921
f 3948 3920 3606
f 3606 3920 3614
f 3603 3613 3258
f 3258 3613 3266
f 3256 3269 3185
f 3185 3269 3203
f 3378 3461 3721
f 3718 3465 3753
f 3720 3754 4006
f 4004 3755 4114
f 4005 4113 4155
f 4153 4116 4182
f 4156 4180 4134
f 4133 4177 4111
f 4136 4110 3850
f 3847 4109 3750
f 3848 3752 3549
f 3550 3751 3460
f 3551 3456 3252
f 3253 3459 3219
f 3255 3220 3235
f 3232 3218 3224
f 3234 3223 3375
f 3376 3226 3463
f 4076 3768 3716
f 3717 3763 3445
f 3715 3441 3322
f 3320 3444 3217
f 3321 3216 3200
f 3199 3214 3208
f 3197 3207 3243
f 3246 3210 3438
f 3247 3439 3540
f 3541 3437 3762
f 3543 3761 3867
f 3869 3758 4119
f 3868 4118 4147
f 4148 4120 4197
f 4146 4199 4191
f 4194 4196 4123
f 4192 4127 4079
f 4081 4128 3765
f 4181 4200 4106
f 4108 4195 4121
f 4107 4122 3748
f 3748 4122 3759
f 3749 3760 3458
f 3458 3760 3440
f 3457 3436 3221
f 3221 3436 3211
f 3222 3209 3225
f 3225 3209 3215
f 3227 3213 3466
f 3462 3212 3442
f 3464 3443 3757
f 3757 3443 3764
f 3756 3766 4117
f 4115 3767 4124
f 4112 4125 4178
f 4179 4126 4198
f 2992 3043 2974
f 2972 3045 3031
f 2975 3033 2958
f 2961 3032 3022
f 2960 3021 2946
f 2947 3023 3015
f 2945 3013 2942
f 2940 3011 3018
f 2943 3017 2951
f 2948 3020 3028
f 2950 3027 2965
f 2967 3030 3039
f 2966 3040 2983
f 2982 3038 3049
f 2985 3048 3000
f 3002 3050 3059
f 2999 3056 3008
f 3007 3060 3065
f 3009 3063 3004
f 3006 3064 3052
f 3003 3055 2991
f 2990 3054 3041
f 3138 3086 3148
f 3146 3087 3099
f 3147 3100 3160
f 3162 3098 3109
f 3157 3106 3177
f 3178 3110 3119
f 3168 3118 3183
f 3179 3117 3111
f 3180 3113 3165
f 3167 3114 3102
f 3166 3105 3154
f 3151 3101 3091
f 3153 3095 3142
f 3141 3094 3082
f 3145 3081 3134
f 3132 3083 3073
f 3135 3074 3121
f 3123 3075 3070
f 3122 3068 3129
f 3126 3067 3076
f 3127 3077 3137
f 3139 3080 3088
f 3037 3092 3046
f 3046 3092 3104
f 3047 3103 3058
f 3058 3103 3115
f 3057 3112 3062
f 3062 3112 3120
f 3061 3116 3051
f 3051 3116 3107
f 3053 3108 3044
f 3044 3108 3097
f 3042 3096 3035
f 3035 3096 3090
f 3034 3089 3025
f 3025 3089 3079
f 3024 3078 3012
f 3012 3078 3066
f 3014 3069 3016
f 3016 3069 3071
f 3019 3072 3026
f 3026 3072 3084
f 3029 3085 3036
f 3036 3085 3093
f 4238 4296 4226
f 4227 4298 4286
f 4229 4289 4220
f 4216 4288 4277
f 4217 4279 4210
f 4209 4276 4267
f 4208 4268 4203
f 4202 4265 4274
f 4204 4273 4211
f 4214 4270 4281
f 4212 4283 4224
f 4223 4280 4291
f 4225 4294 4235
f 4233 4293 4300
f 4232 4301 4244
f 4246 4304 4310
f 4243 4313 4264
f 4261 4314 4317
f 4260 4316 4254
f 4255 4315 4307
f 4258 4306 4241
f 4239 4305 4297
f 4387 4343 4398
f 4395 4344 4350
f 4397 4353 4404
f 4406 4354 4360
f 4405 4362 4412
f 4411 4364 4373
f 4413 4374 4415
f 4416 4371 4369
f 4417 4368 4408
f 4409 4367 4355
f 4410 4357 4401
f 4399 4359 4348
f 4400 4346 4392
f 4393 4347 4338
f 4391 4339 4386
f 4384 4335 4327
f 4385 4326 4378
f 4375 4328 4322
f 4376 4320 4380
f 4379 4324 4333
f 4381 4332 4388
f 4390 4331 4341
f 4292 4345 4302
f 4302 4345 4358
f 4303 4356 4311
f 4311 4356 4366
f 4312 4365 4318
f 4318 4365 4370
f 4319 4372 4309
f 4309 4372 4363
f 4308 4361 4295
f 4295 4361 4352
f 4299 4351 4285
f 4285 4351 4340
f 4287 4342 4275
f 4275 4342 4334
f 4278 4330 4266
f 4266 4330 4323
f 4269 4321 4272
f 4272 4321 4329
f 4271 4325 4282
f 4282 4325 4336
f 4284 4337 4290
f 4290 4337 4349
f 3684 3674 3623
f 3626 3672 3555
f 3625 3556 3519
f 3516 3558 3450
f 3517 3449 3398
f 3400 3448 3295
f 3397 3299 3306
f 3310 3298 3280
f 3309 3279 3287
f 3289 3277 3301
f 3288 3300 3367
f 3369 3304 3455
f 3368 3453 3482
f 3485 3454 3563
f 3484 3561 3573
f 3572 3562 3667
f 3568 3669 3733
f 3731 3668 3805
f 3732 3804 3727
f 3727 3804 3784
f 3726 3782 3722
f 3722 3782 3776
f 3725 3780 3662
f 3661 3778 3793
f 3797 3777 3881
f 3794 3882 3897
f 3892 3884 3969
f 3893 3973 3978
f 3975 3972 4040
f 3976 4038 4027
f 4026 4039 4010
f 4028 4012 3984
f 3979 4011 3913
f 3982 3915 3902
f 3901 3914 3818
f 3900 3820 3787
f 3791 3821 3738
f 3788 3736 3687
f 3688 3735 3679
f 3681 3737 3741
f 3677 3739 3744
f 3745 3742 3823
f 3745 3823 3832
f 3831 3822 3932
f 3830 3931 3956
f 3955 3933 4033
f 3959 4036 4067
f 4064 4037 4061
f 4068 4058 4096
f 4092 4060 3987
f 4092 3987 4015
f 4018 3988 3890
f 4016 3891 3908
f 3903 3889 3785
f 3904 3783 3803
f 3668 3815 3805
f 3802 3813 3907
f 3814 3937 3906
f 3905 3935 4014
f 3936 4082 4019
f 4017 4086 4093
f 4084 4101 4095
f 4094 4105 4069
f 4102 4087 4066
f 4065 4091 3960
f 4088 3942 3957
f 3958 3944 3827
f 3941 3810 3829
f 3828 3809 3747
f 3811 3676 3746
f 3743 3671 3682
f 3724 3659 3592
f 3593 3663 3580
f 3594 3583 3506
f 3504 3584 3496
f 3507 3495 3404
f 3405 3494 3393
f 3403 3392 3346
f 3347 3394 3348
f 3345 3350 3361
f 3364 3353 3388
f 3363 3386 3420
f 3421 3389 3486
f 3425 3487 3531
f 3528 3488 3578
f 3527 3579 3634
f 3632 3577 3690
f 3635 3686 3680
f 3633 3683 3628
f 3627 3678 3622
f 3630 3624 3518
f 3636 3629 3525
f 3526 3631 3520
f 3524 3521 3399
f 3529 3636 3525
f 3569 3730 3585
f 3585 3730 3728
f 3587 3729 3590
f 3590 3729 3723
f 3481 3571 3498
f 3497 3570 3586
f 3502 3589 3505
f 3508 3588 3591
f 3370 3483 3381
f 3381 3483 3500
f 3382 3499 3402
f 3401 3501 3503
f 3286 3366 3323
f 3327 3365 3383
f 3325 3380 3342
f 3344 3379 3406
f 3305 3285 3335
f 3335 3285 3326
f 3336 3324 3360
f 3360 3324 3343
f 3396 3308 3409
f 3412 3307 3333
f 3410 3334 3423
f 3422 3337 3362
f 3825 3740 3819
f 3819 3740 3734
f 3934 3826 3917
f 3916 3824 3817
f 4032 3930 4008
f 4009 3929 3918
f 4063 4035 4041
f 4042 4034 4013
f 3989 4059 3971
f 3970 4062 4043
f 3886 3985 3880
f 3885 3986 3968
f 3786 3887 3779
f 3781 3888 3883
f 3424 3530 3408
f 3407 3532 3522
f 3411 3523 3395

